2026-06-03T12:30:34Z	1	2
2026-06-03T12:30:51Z	2	0
2026-06-03T12:30:54Z	3	2
2026-06-03T12:30:57Z	4	2
2026-06-03T12:31:00Z	5	2
2026-06-03T12:31:03Z	6	2
2026-06-03T12:31:23Z	7	0
2026-06-03T12:31:40Z	8	0
2026-06-03T12:31:57Z	9	0
2026-06-03T12:32:00Z	10	2
2026-06-03T12:32:04Z	11	2
2026-06-03T12:32:22Z	12	0
2026-06-03T12:32:25Z	13	2
2026-06-03T12:32:28Z	14	2
2026-06-03T12:32:30Z	15	2
2026-06-03T12:32:34Z	16	2
2026-06-03T12:32:37Z	17	2
2026-06-03T12:32:57Z	18	0
2026-06-03T12:33:01Z	19	2
2026-06-03T12:33:04Z	20	2
2026-06-03T12:33:07Z	21	2
2026-06-03T12:33:10Z	22	2
2026-06-03T12:33:13Z	23	2
2026-06-03T12:33:32Z	24	0
2026-06-03T12:33:34Z	25	2
2026-06-03T12:33:37Z	26	2
2026-06-03T12:33:40Z	27	2
2026-06-03T12:33:57Z	28	0
2026-06-03T12:34:00Z	29	2
2026-06-03T12:34:03Z	30	2
2026-06-03T12:34:23Z	31	0
2026-06-03T12:34:26Z	32	2
2026-06-03T12:34:29Z	33	2
2026-06-03T12:34:32Z	34	2
2026-06-03T12:34:49Z	35	0
2026-06-03T12:34:52Z	36	2
2026-06-03T12:34:55Z	37	2
2026-06-03T12:34:57Z	38	2
2026-06-03T12:35:00Z	39	2
2026-06-03T12:35:02Z	40	2
2026-06-03T12:35:05Z	41	2
2026-06-03T12:35:24Z	42	0
2026-06-03T12:35:39Z	43	0
2026-06-03T12:35:42Z	44	2
2026-06-03T12:35:56Z	45	0
2026-06-03T12:35:58Z	46	2
2026-06-03T12:36:16Z	47	0
2026-06-03T12:36:19Z	48	2
2026-06-03T12:36:37Z	49	0
2026-06-03T12:36:40Z	50	2
2026-06-03T12:36:42Z	51	2
2026-06-03T12:36:45Z	52	2
2026-06-03T12:36:47Z	53	2
2026-06-03T12:36:50Z	54	2
2026-06-03T12:36:52Z	55	2
2026-06-03T12:37:10Z	56	0
2026-06-03T12:37:13Z	57	2
2026-06-03T12:37:16Z	58	2
2026-06-03T12:37:19Z	59	2
2026-06-03T12:37:21Z	60	2
2026-06-03T12:37:24Z	61	2
2026-06-03T12:37:46Z	62	0
2026-06-03T12:38:11Z	63	0
2026-06-03T12:38:29Z	64	0
2026-06-03T12:38:47Z	65	0
2026-06-03T12:39:03Z	66	0
2026-06-03T12:39:19Z	67	0
2026-06-03T12:39:22Z	68	2
2026-06-03T12:39:25Z	69	2
2026-06-03T12:39:28Z	70	2
2026-06-03T12:39:30Z	71	2
2026-06-03T12:39:33Z	72	2
2026-06-03T12:39:48Z	73	0
2026-06-03T12:39:52Z	74	2
2026-06-03T12:40:09Z	75	0
2026-06-03T12:40:12Z	76	2
2026-06-03T12:40:31Z	77	0
2026-06-03T12:40:34Z	78	2
2026-06-03T12:40:36Z	79	2
2026-06-03T12:40:52Z	80	0
2026-06-03T12:40:55Z	81	2
2026-06-03T12:41:10Z	82	0
2026-06-03T12:41:13Z	83	2
2026-06-03T12:41:30Z	84	0
2026-06-03T12:41:33Z	85	2
2026-06-03T12:41:36Z	86	2
2026-06-03T12:41:38Z	87	2
2026-06-03T12:41:41Z	88	2
2026-06-03T12:41:44Z	89	2
2026-06-03T12:41:46Z	90	2
2026-06-03T12:41:49Z	91	2
2026-06-03T12:41:52Z	92	2
2026-06-03T12:41:54Z	93	2
2026-06-03T12:42:12Z	94	0
2026-06-03T12:42:29Z	95	0
2026-06-03T12:42:31Z	96	2
2026-06-03T12:42:34Z	97	2
2026-06-03T12:42:37Z	98	2
2026-06-03T12:42:40Z	99	2
2026-06-03T12:42:44Z	100	2
2026-06-03T12:43:04Z	101	0
2026-06-03T12:43:07Z	102	2
2026-06-03T12:43:09Z	103	2
2026-06-03T12:43:12Z	104	2
2026-06-03T12:43:30Z	105	0
2026-06-03T12:43:32Z	106	2
2026-06-03T12:43:49Z	107	0
2026-06-03T12:43:51Z	108	2
2026-06-03T12:44:11Z	109	0
2026-06-03T12:44:29Z	110	0
2026-06-03T12:44:45Z	111	0
2026-06-03T12:44:48Z	112	2
2026-06-03T12:45:06Z	113	0
2026-06-03T12:45:08Z	114	2
2026-06-03T12:45:11Z	115	2
2026-06-03T12:45:27Z	116	0
2026-06-03T12:45:29Z	117	2
2026-06-03T12:45:32Z	118	2
2026-06-03T12:45:51Z	119	0
2026-06-03T12:45:53Z	120	2
2026-06-03T12:45:56Z	121	2
2026-06-03T12:46:21Z	122	0
2026-06-03T12:46:25Z	123	2
2026-06-03T12:46:27Z	124	2
2026-06-03T12:46:47Z	125	0
2026-06-03T12:46:50Z	126	2
2026-06-03T12:46:54Z	127	2
2026-06-03T12:46:56Z	128	2
2026-06-03T12:47:18Z	129	0
2026-06-03T12:47:21Z	130	2
2026-06-03T12:47:24Z	131	2
2026-06-03T12:47:43Z	132	0
2026-06-03T12:47:45Z	133	2
2026-06-03T12:47:48Z	134	2
2026-06-03T12:47:51Z	135	2
2026-06-03T12:47:53Z	136	2
2026-06-03T12:47:56Z	137	2
2026-06-03T12:47:59Z	138	2
2026-06-03T12:48:01Z	139	2
2026-06-03T12:48:04Z	140	2
2026-06-03T12:48:22Z	141	0
2026-06-03T12:48:24Z	142	2
2026-06-03T12:48:27Z	143	2
2026-06-03T12:48:29Z	144	2
2026-06-03T12:48:32Z	145	2
2026-06-03T12:48:35Z	146	2
2026-06-03T12:48:37Z	147	2
2026-06-03T12:48:52Z	148	0
2026-06-03T12:48:55Z	149	2
2026-06-03T12:48:58Z	150	2
2026-06-03T12:49:16Z	151	0
2026-06-03T12:49:31Z	152	0
2026-06-03T12:49:34Z	153	2
2026-06-03T12:49:51Z	154	0
2026-06-03T12:49:53Z	155	2
2026-06-03T12:49:56Z	156	2
2026-06-03T12:50:12Z	157	0
2026-06-03T12:50:15Z	158	2
2026-06-03T12:50:17Z	159	2
2026-06-03T12:50:20Z	160	2
2026-06-03T12:50:23Z	161	2
2026-06-03T12:50:25Z	162	2
2026-06-03T12:50:28Z	163	2
2026-06-03T12:50:46Z	164	0
2026-06-03T12:50:49Z	165	2
2026-06-03T12:50:51Z	166	2
2026-06-03T12:51:09Z	167	0
2026-06-03T12:51:12Z	168	2
2026-06-03T12:51:16Z	169	2
2026-06-03T12:51:34Z	170	0
2026-06-03T12:51:49Z	171	0
2026-06-03T12:52:08Z	172	0
2026-06-03T12:52:10Z	173	2
2026-06-03T12:52:29Z	174	0
2026-06-03T12:52:31Z	175	2
2026-06-03T12:52:33Z	176	2
2026-06-03T12:52:47Z	177	0
2026-06-03T12:52:50Z	178	2
2026-06-03T12:52:53Z	179	2
2026-06-03T12:52:55Z	180	2
2026-06-03T12:52:58Z	181	2
2026-06-03T12:53:00Z	182	2
2026-06-03T12:53:03Z	183	2
2026-06-03T12:53:05Z	184	2
2026-06-03T12:53:08Z	185	2
2026-06-03T12:53:11Z	186	2
2026-06-03T12:53:13Z	187	2
2026-06-03T12:53:32Z	188	0
2026-06-03T12:53:35Z	189	2
2026-06-03T12:53:37Z	190	2
2026-06-03T12:53:52Z	191	0
2026-06-03T12:53:54Z	192	2
2026-06-03T12:54:14Z	193	0
2026-06-03T12:54:16Z	194	2
2026-06-03T12:54:18Z	195	2
2026-06-03T12:54:35Z	196	0
2026-06-03T12:54:37Z	197	2
2026-06-03T12:54:40Z	198	2
2026-06-03T12:54:43Z	199	2
2026-06-03T12:55:00Z	200	0
2026-06-03T12:55:18Z	201	0
2026-06-03T12:55:27Z	205	2
2026-06-03T12:55:27Z	204	2
2026-06-03T12:55:27Z	203	2
2026-06-03T12:55:34Z	209	2
2026-06-03T12:55:35Z	211	2
2026-06-03T12:55:40Z	213	2
2026-06-03T12:55:48Z	214	2
2026-06-03T12:56:02Z	206	0
2026-06-03T12:56:06Z	208	0
2026-06-03T12:56:09Z	216	2
2026-06-03T12:56:12Z	202	0
2026-06-03T12:56:14Z	217	2
2026-06-03T12:56:16Z	207	0
2026-06-03T12:56:17Z	210	0
2026-06-03T12:56:17Z	218	2
2026-06-03T12:56:23Z	220	2
2026-06-03T12:56:24Z	222	2
2026-06-03T12:56:24Z	223	2
2026-06-03T12:56:25Z	221	2
2026-06-03T12:56:26Z	212	0
2026-06-03T12:56:30Z	224	2
2026-06-03T12:56:31Z	225	2
2026-06-03T12:56:32Z	215	0
2026-06-03T12:56:33Z	226	2
2026-06-03T12:56:33Z	227	2
2026-06-03T12:56:35Z	228	2
2026-06-03T12:56:38Z	230	2
2026-06-03T12:56:41Z	232	2
2026-06-03T12:56:41Z	231	2
2026-06-03T12:56:41Z	233	2
2026-06-03T12:56:41Z	234	2
2026-06-03T12:56:46Z	235	2
2026-06-03T12:56:50Z	237	2
2026-06-03T12:56:50Z	238	2
2026-06-03T12:56:53Z	240	2
2026-06-03T12:56:58Z	241	2
2026-06-03T12:56:58Z	242	2
2026-06-03T12:57:04Z	245	2
2026-06-03T12:57:04Z	244	2
2026-06-03T12:57:09Z	219	0
2026-06-03T12:57:11Z	247	2
2026-06-03T12:57:12Z	246	2
2026-06-03T12:57:17Z	248	2
2026-06-03T12:57:19Z	250	2
2026-06-03T12:57:24Z	251	2
2026-06-03T12:57:26Z	252	2
2026-06-03T12:57:26Z	229	0
2026-06-03T12:57:31Z	253	2
2026-06-03T12:57:33Z	239	0
2026-06-03T12:57:34Z	254	2
2026-06-03T12:57:34Z	255	2
2026-06-03T12:57:34Z	236	0
2026-06-03T12:57:39Z	256	2
2026-06-03T12:57:41Z	257	2
2026-06-03T12:57:41Z	260	2
2026-06-03T12:57:41Z	243	0
2026-06-03T12:57:46Z	261	2
2026-06-03T12:57:48Z	263	2
2026-06-03T12:57:59Z	249	0
2026-06-03T12:58:05Z	267	2
2026-06-03T12:58:21Z	258	0
2026-06-03T12:58:22Z	259	0
2026-06-03T12:58:26Z	264	0
2026-06-03T12:58:26Z	262	0
2026-06-03T12:58:28Z	270	2
2026-06-03T12:58:37Z	266	0
2026-06-03T12:58:38Z	265	0
2026-06-03T12:58:42Z	274	2
2026-06-03T12:58:45Z	275	2
2026-06-03T12:58:49Z	276	2
2026-06-03T12:58:51Z	268	0
2026-06-03T12:58:52Z	277	2
2026-06-03T12:58:57Z	278	2
2026-06-03T12:58:59Z	280	2
2026-06-03T12:59:04Z	281	2
2026-06-03T12:59:06Z	269	0
2026-06-03T12:59:06Z	282	2
2026-06-03T12:59:09Z	272	0
2026-06-03T12:59:12Z	284	2
2026-06-03T12:59:14Z	271	0
2026-06-03T12:59:16Z	273	0
2026-06-03T12:59:21Z	288	2
2026-06-03T12:59:23Z	289	2
2026-06-03T12:59:26Z	290	2
2026-06-03T12:59:31Z	291	2
2026-06-03T12:59:32Z	292	2
2026-06-03T12:59:41Z	279	0
2026-06-03T12:59:48Z	285	0
2026-06-03T12:59:48Z	295	2
2026-06-03T12:59:53Z	286	0
2026-06-03T12:59:54Z	296	2
2026-06-03T12:59:56Z	283	0
2026-06-03T12:59:59Z	299	2
2026-06-03T13:00:03Z	300	2
2026-06-03T13:00:05Z	287	0
2026-06-03T13:00:06Z	301	2
2026-06-03T13:00:10Z	302	2
2026-06-03T13:00:12Z	303	2
2026-06-03T13:00:13Z	304	2
2026-06-03T13:00:17Z	305	2
2026-06-03T13:00:18Z	293	0
2026-06-03T13:00:20Z	306	2
2026-06-03T13:00:26Z	294	0
2026-06-03T13:00:26Z	309	2
2026-06-03T13:00:33Z	312	2
2026-06-03T13:00:33Z	311	2
2026-06-03T13:00:40Z	314	2
2026-06-03T13:00:40Z	313	2
2026-06-03T13:00:42Z	298	0
2026-06-03T13:00:43Z	297	0
2026-06-03T13:00:47Z	315	2
2026-06-03T13:00:51Z	318	2
2026-06-03T13:00:58Z	307	0
2026-06-03T13:00:59Z	320	2
2026-06-03T13:01:00Z	308	0
2026-06-03T13:01:17Z	310	0
2026-06-03T13:01:26Z	324	2
2026-06-03T13:01:27Z	317	0
2026-06-03T13:01:31Z	316	0
2026-06-03T13:01:33Z	325	2
2026-06-03T13:01:35Z	326	2
2026-06-03T13:01:39Z	328	2
2026-06-03T13:01:40Z	319	0
2026-06-03T13:01:42Z	329	2
2026-06-03T13:01:45Z	321	0
2026-06-03T13:01:49Z	323	0
2026-06-03T13:01:49Z	332	2
2026-06-03T13:01:50Z	322	0
2026-06-03T13:01:57Z	335	2
2026-06-03T13:01:58Z	336	2
2026-06-03T13:02:04Z	338	2
2026-06-03T13:02:11Z	339	2
2026-06-03T13:02:15Z	327	0
2026-06-03T13:02:23Z	330	0
2026-06-03T13:02:28Z	331	0
2026-06-03T13:02:28Z	342	2
2026-06-03T13:02:33Z	333	0
2026-06-03T13:02:35Z	343	2
2026-06-03T13:02:35Z	344	2
2026-06-03T13:02:41Z	345	2
2026-06-03T13:02:42Z	334	0
2026-06-03T13:02:43Z	346	2
2026-06-03T13:02:44Z	347	2
2026-06-03T13:02:45Z	337	0
2026-06-03T13:02:50Z	349	2
2026-06-03T13:02:50Z	348	2
2026-06-03T13:02:53Z	352	2
2026-06-03T13:02:54Z	351	2
2026-06-03T13:02:57Z	353	2
2026-06-03T13:03:00Z	341	0
2026-06-03T13:03:00Z	355	2
2026-06-03T13:03:01Z	356	2
2026-06-03T13:03:04Z	357	2
2026-06-03T13:03:06Z	359	2
2026-06-03T13:03:08Z	358	2
2026-06-03T13:03:09Z	360	2
2026-06-03T13:03:11Z	361	2
2026-06-03T13:03:15Z	340	0
2026-06-03T13:03:15Z	364	2
2026-06-03T13:03:21Z	367	2
2026-06-03T13:03:23Z	366	2
2026-06-03T13:03:29Z	368	2
2026-06-03T13:03:29Z	369	2
2026-06-03T13:03:31Z	350	0
2026-06-03T13:03:36Z	354	0
2026-06-03T13:03:37Z	370	2
2026-06-03T13:03:37Z	371	2
2026-06-03T13:03:43Z	375	2
2026-06-03T13:03:49Z	363	0
2026-06-03T13:03:51Z	376	2
2026-06-03T13:03:52Z	362	0
2026-06-03T13:03:56Z	365	0
2026-06-03T13:03:59Z	378	2
2026-06-03T13:04:00Z	379	2
2026-06-03T13:04:04Z	380	2
2026-06-03T13:04:06Z	382	2
2026-06-03T13:04:11Z	383	2
2026-06-03T13:04:14Z	384	2
2026-06-03T13:04:18Z	372	0
2026-06-03T13:04:20Z	386	2
2026-06-03T13:04:26Z	374	0
2026-06-03T13:04:26Z	388	2
2026-06-03T13:04:28Z	373	0
2026-06-03T13:04:33Z	389	2
2026-06-03T13:04:35Z	390	2
2026-06-03T13:04:41Z	377	0
2026-06-03T13:04:48Z	394	2
2026-06-03T13:04:48Z	381	0
2026-06-03T13:04:54Z	395	2
2026-06-03T13:04:56Z	385	0
2026-06-03T13:05:03Z	398	2
2026-06-03T13:05:07Z	387	0
2026-06-03T13:05:14Z	400	2
2026-06-03T13:05:16Z	391	0
2026-06-03T13:05:19Z	392	0
2026-06-03T13:05:34Z	396	0
2026-06-03T13:05:36Z	393	0
2026-06-03T13:05:39Z	397	0
2026-06-03T13:05:50Z	399	0
2026-06-03T13:06:01Z	402	0
2026-06-03T13:06:02Z	401	0
2026-06-03T13:06:08Z	403	0
2026-06-03T13:06:09Z	408	2
2026-06-03T13:06:16Z	411	2
2026-06-03T13:06:21Z	406	0
2026-06-03T13:06:24Z	404	0
2026-06-03T13:06:27Z	405	0
2026-06-03T13:06:28Z	413	2
2026-06-03T13:06:31Z	414	2
2026-06-03T13:06:32Z	407	0
2026-06-03T13:06:36Z	416	2
2026-06-03T13:06:38Z	417	2
2026-06-03T13:06:52Z	410	0
2026-06-03T13:06:54Z	409	0
2026-06-03T13:06:59Z	412	0
2026-06-03T13:07:01Z	422	2
2026-06-03T13:07:06Z	423	2
2026-06-03T13:07:08Z	424	2
2026-06-03T13:07:13Z	425	2
2026-06-03T13:07:15Z	426	2
2026-06-03T13:07:19Z	427	2
2026-06-03T13:07:22Z	419	0
2026-06-03T13:07:22Z	428	2
2026-06-03T13:07:25Z	418	0
2026-06-03T13:07:25Z	420	0
2026-06-03T13:07:27Z	429	2
2026-06-03T13:07:27Z	430	2
2026-06-03T13:07:32Z	433	2
2026-06-03T13:07:34Z	434	2
2026-06-03T13:07:35Z	435	2
2026-06-03T13:07:39Z	436	2
2026-06-03T13:07:41Z	415	0
2026-06-03T13:07:42Z	437	2
2026-06-03T13:07:43Z	421	0
2026-06-03T13:07:43Z	438	2
2026-06-03T13:07:46Z	439	2
2026-06-03T13:07:51Z	443	2
2026-06-03T13:07:53Z	444	2
2026-06-03T13:08:01Z	446	2
2026-06-03T13:08:07Z	447	2
2026-06-03T13:08:10Z	432	0
2026-06-03T13:08:10Z	431	0
2026-06-03T13:08:17Z	449	2
2026-06-03T13:08:24Z	451	2
2026-06-03T13:08:25Z	441	0
2026-06-03T13:08:27Z	440	0
2026-06-03T13:08:28Z	442	0
2026-06-03T13:08:33Z	452	2
2026-06-03T13:08:35Z	453	2
2026-06-03T13:08:38Z	456	2
2026-06-03T13:08:40Z	445	0
2026-06-03T13:08:42Z	457	2
2026-06-03T13:08:44Z	458	2
2026-06-03T13:08:48Z	459	2
2026-06-03T13:08:54Z	448	0
2026-06-03T13:08:56Z	462	2
2026-06-03T13:09:02Z	450	0
2026-06-03T13:09:02Z	463	2
2026-06-03T13:09:08Z	466	2
2026-06-03T13:09:09Z	465	2
2026-06-03T13:09:15Z	467	2
2026-06-03T13:09:15Z	454	0
2026-06-03T13:09:18Z	468	2
2026-06-03T13:09:18Z	455	0
2026-06-03T13:09:21Z	469	2
2026-06-03T13:09:24Z	471	2
2026-06-03T13:09:27Z	460	0
2026-06-03T13:09:28Z	472	2
2026-06-03T13:09:31Z	461	0
2026-06-03T13:09:31Z	474	2
2026-06-03T13:09:35Z	476	2
2026-06-03T13:09:38Z	477	2
2026-06-03T13:09:44Z	464	0
2026-06-03T13:09:45Z	480	2
2026-06-03T13:10:04Z	470	0
2026-06-03T13:10:05Z	473	0
2026-06-03T13:10:11Z	483	2
2026-06-03T13:10:11Z	484	2
2026-06-03T13:10:15Z	478	0
2026-06-03T13:10:15Z	475	0
2026-06-03T13:10:21Z	485	2
2026-06-03T13:10:22Z	479	0
2026-06-03T13:10:25Z	488	2
2026-06-03T13:10:26Z	487	2
2026-06-03T13:10:30Z	490	2
2026-06-03T13:10:31Z	482	0
2026-06-03T13:10:34Z	492	2
2026-06-03T13:10:38Z	481	0
2026-06-03T13:10:39Z	494	2
2026-06-03T13:10:42Z	495	2
2026-06-03T13:10:48Z	497	2
2026-06-03T13:11:01Z	486	0
2026-06-03T13:11:05Z	489	0
2026-06-03T13:11:09Z	500	2
2026-06-03T13:11:11Z	501	2
2026-06-03T13:11:14Z	493	0
2026-06-03T13:11:17Z	502	2
2026-06-03T13:11:18Z	503	2
2026-06-03T13:11:22Z	504	2
2026-06-03T13:11:26Z	505	2
2026-06-03T13:11:29Z	507	2
2026-06-03T13:11:31Z	496	0
2026-06-03T13:11:32Z	508	2
2026-06-03T13:11:32Z	498	0
2026-06-03T13:11:34Z	491	0
2026-06-03T13:11:34Z	499	0
2026-06-03T13:11:37Z	509	2
2026-06-03T13:11:39Z	511	2
2026-06-03T13:11:40Z	512	2
2026-06-03T13:11:42Z	514	2
2026-06-03T13:11:43Z	513	2
2026-06-03T13:11:48Z	516	2
2026-06-03T13:11:50Z	518	2
2026-06-03T13:11:50Z	519	2
2026-06-03T13:11:56Z	521	2
2026-06-03T13:11:58Z	522	2
2026-06-03T13:12:03Z	523	2
2026-06-03T13:12:05Z	524	2
2026-06-03T13:12:18Z	506	0
2026-06-03T13:12:19Z	510	0
2026-06-03T13:12:26Z	527	2
2026-06-03T13:12:27Z	515	0
2026-06-03T13:12:35Z	520	0
2026-06-03T13:12:41Z	531	2
2026-06-03T13:12:41Z	517	0
2026-06-03T13:12:46Z	525	0
2026-06-03T13:12:53Z	534	2
2026-06-03T13:12:58Z	526	0
2026-06-03T13:13:10Z	530	0
2026-06-03T13:13:13Z	529	0
2026-06-03T13:13:15Z	528	0
2026-06-03T13:13:21Z	538	2
2026-06-03T13:13:24Z	533	0
2026-06-03T13:13:27Z	532	0
2026-06-03T13:13:29Z	540	2
2026-06-03T13:13:31Z	541	2
2026-06-03T13:13:36Z	543	2
2026-06-03T13:13:38Z	544	2
2026-06-03T13:13:41Z	535	0
2026-06-03T13:13:43Z	545	2
2026-06-03T13:13:45Z	546	2
2026-06-03T13:13:49Z	548	2
2026-06-03T13:13:49Z	536	0
2026-06-03T13:13:52Z	549	2
2026-06-03T13:13:57Z	550	2
2026-06-03T13:13:57Z	551	2
2026-06-03T13:13:59Z	539	0
2026-06-03T13:13:59Z	552	2
2026-06-03T13:14:04Z	537	0
2026-06-03T13:14:04Z	554	2
2026-06-03T13:14:07Z	556	2
2026-06-03T13:14:08Z	555	2
2026-06-03T13:14:12Z	558	2
2026-06-03T13:14:13Z	542	0
2026-06-03T13:14:14Z	559	2
2026-06-03T13:14:16Z	560	2
2026-06-03T13:14:20Z	561	2
2026-06-03T13:14:20Z	563	2
2026-06-03T13:14:22Z	564	2
2026-06-03T13:14:23Z	562	2
2026-06-03T13:14:27Z	566	2
2026-06-03T13:14:31Z	567	2
2026-06-03T13:14:33Z	547	0
2026-06-03T13:14:34Z	569	2
2026-06-03T13:14:41Z	572	2
2026-06-03T13:14:51Z	557	0
2026-06-03T13:14:52Z	553	0
2026-06-03T13:14:58Z	574	2
2026-06-03T13:15:11Z	565	0
2026-06-03T13:15:14Z	570	0
2026-06-03T13:15:16Z	568	0
2026-06-03T13:15:22Z	578	2
2026-06-03T13:15:23Z	573	0
2026-06-03T13:15:27Z	571	0
2026-06-03T13:15:29Z	581	2
2026-06-03T13:15:34Z	582	2
2026-06-03T13:15:43Z	575	0
2026-06-03T13:15:53Z	576	0
2026-06-03T13:15:59Z	586	2
2026-06-03T13:16:00Z	579	0
2026-06-03T13:16:02Z	577	0
2026-06-03T13:16:05Z	587	2
2026-06-03T13:16:08Z	588	2
2026-06-03T13:16:12Z	590	2
2026-06-03T13:16:18Z	580	0
2026-06-03T13:16:22Z	583	0
2026-06-03T13:16:25Z	593	2
2026-06-03T13:16:26Z	584	0
2026-06-03T13:16:28Z	585	0
2026-06-03T13:16:32Z	595	2
2026-06-03T13:16:39Z	598	2
2026-06-03T13:16:46Z	599	2
2026-06-03T13:16:46Z	589	0
2026-06-03T13:16:53Z	600	2
2026-06-03T13:16:54Z	601	2
2026-06-03T13:16:59Z	602	2
2026-06-03T13:17:00Z	592	0
2026-06-03T13:17:04Z	591	0
2026-06-03T13:17:07Z	605	2
2026-06-03T13:17:11Z	596	0
2026-06-03T13:17:12Z	594	0
2026-06-03T13:17:15Z	607	2
2026-06-03T13:17:17Z	597	0
2026-06-03T13:17:19Z	608	2
2026-06-03T13:17:22Z	610	2
2026-06-03T13:17:25Z	612	2
2026-06-03T13:17:45Z	606	0
2026-06-03T13:17:47Z	609	0
2026-06-03T13:17:51Z	603	0
2026-06-03T13:17:53Z	604	0
2026-06-03T13:17:54Z	615	2
2026-06-03T13:17:59Z	617	2
2026-06-03T13:18:03Z	618	2
2026-06-03T13:18:06Z	611	0
2026-06-03T13:18:07Z	620	2
2026-06-03T13:18:14Z	622	2
2026-06-03T13:18:17Z	613	0
2026-06-03T13:18:23Z	614	0
2026-06-03T13:18:24Z	624	2
2026-06-03T13:18:24Z	625	2
2026-06-03T13:18:33Z	626	2
2026-06-03T13:18:34Z	627	2
2026-06-03T13:18:35Z	628	2
2026-06-03T13:18:42Z	629	2
2026-06-03T13:18:43Z	630	2
2026-06-03T13:18:44Z	631	2
2026-06-03T13:18:48Z	616	0
2026-06-03T13:18:50Z	633	2
2026-06-03T13:18:53Z	634	2
2026-06-03T13:18:56Z	635	2
2026-06-03T13:18:56Z	621	0
2026-06-03T13:18:59Z	623	0
2026-06-03T13:18:59Z	636	2
2026-06-03T13:19:02Z	637	2
2026-06-03T13:19:02Z	619	0
2026-06-03T13:19:04Z	638	2
2026-06-03T13:19:10Z	644	2
2026-06-03T13:19:17Z	645	2
2026-06-03T13:19:34Z	632	0
2026-06-03T13:19:45Z	639	0
2026-06-03T13:19:47Z	642	0
2026-06-03T13:19:49Z	640	0
2026-06-03T13:19:50Z	641	0
2026-06-03T13:19:53Z	648	2
2026-06-03T13:19:54Z	649	2
2026-06-03T13:19:55Z	643	0
2026-06-03T13:19:56Z	650	2
2026-06-03T13:20:00Z	651	2
2026-06-03T13:20:04Z	653	2
2026-06-03T13:20:11Z	655	2
2026-06-03T13:20:13Z	654	2
2026-06-03T13:20:15Z	656	2
2026-06-03T13:20:18Z	657	2
2026-06-03T13:20:20Z	646	0
2026-06-03T13:20:25Z	659	2
2026-06-03T13:20:27Z	661	2
2026-06-03T13:20:31Z	662	2
2026-06-03T13:20:34Z	663	2
2026-06-03T13:20:37Z	664	2
2026-06-03T13:20:38Z	647	0
2026-06-03T13:20:46Z	667	2
2026-06-03T13:20:47Z	668	2
2026-06-03T13:20:55Z	669	2
2026-06-03T13:20:56Z	670	2
2026-06-03T13:21:07Z	672	2
2026-06-03T13:21:08Z	652	0
2026-06-03T13:21:17Z	673	2
2026-06-03T13:21:22Z	660	0
2026-06-03T13:21:27Z	675	2
2026-06-03T13:21:32Z	665	0
2026-06-03T13:21:32Z	666	0
2026-06-03T13:21:37Z	677	2
2026-06-03T13:21:38Z	658	0
2026-06-03T13:21:41Z	679	2
2026-06-03T13:21:42Z	678	2
2026-06-03T13:21:46Z	680	2
2026-06-03T13:21:46Z	681	2
2026-06-03T13:21:49Z	682	2
2026-06-03T13:21:50Z	683	2
2026-06-03T13:21:53Z	684	2
2026-06-03T13:21:57Z	686	2
2026-06-03T13:21:59Z	687	2
2026-06-03T13:22:03Z	689	2
2026-06-03T13:22:03Z	671	0
2026-06-03T13:22:07Z	690	2
2026-06-03T13:22:11Z	674	0
2026-06-03T13:22:12Z	692	2
2026-06-03T13:22:14Z	693	2
2026-06-03T13:22:15Z	676	0
2026-06-03T13:22:21Z	697	2
2026-06-03T13:22:23Z	696	2
2026-06-03T13:22:28Z	698	2
2026-06-03T13:22:29Z	699	2
2026-06-03T13:22:39Z	685	0
2026-06-03T13:22:43Z	688	0
2026-06-03T13:22:56Z	691	0
2026-06-03T13:22:59Z	695	0
2026-06-03T13:23:03Z	704	2
2026-06-03T13:23:03Z	694	0
2026-06-03T13:23:16Z	701	0
2026-06-03T13:23:24Z	700	0
2026-06-03T13:23:36Z	702	0
2026-06-03T13:23:39Z	703	0
2026-06-03T13:23:54Z	706	0
2026-06-03T13:23:56Z	707	0
2026-06-03T13:24:01Z	705	0
2026-06-03T13:24:03Z	712	2
2026-06-03T13:24:06Z	713	2
2026-06-03T13:24:12Z	715	2
2026-06-03T13:24:13Z	716	2
2026-06-03T13:24:17Z	709	0
2026-06-03T13:24:20Z	717	2
2026-06-03T13:24:21Z	708	0
2026-06-03T13:24:23Z	718	2
2026-06-03T13:24:26Z	719	2
2026-06-03T13:24:34Z	710	0
2026-06-03T13:24:35Z	723	2
2026-06-03T13:24:36Z	711	0
2026-06-03T13:24:42Z	725	2
2026-06-03T13:24:49Z	727	2
2026-06-03T13:24:56Z	714	0
2026-06-03T13:25:13Z	722	0
2026-06-03T13:25:14Z	720	0
2026-06-03T13:25:20Z	730	2
2026-06-03T13:25:21Z	721	0
2026-06-03T13:25:21Z	731	2
2026-06-03T13:25:24Z	726	0
2026-06-03T13:25:28Z	734	2
2026-06-03T13:25:28Z	732	2
2026-06-03T13:25:29Z	733	2
2026-06-03T13:25:32Z	724	0
2026-06-03T13:25:33Z	735	2
2026-06-03T13:25:36Z	736	2
2026-06-03T13:25:39Z	738	2
2026-06-03T13:25:39Z	728	0
2026-06-03T13:25:42Z	740	2
2026-06-03T13:25:42Z	739	2
2026-06-03T13:25:46Z	742	2
2026-06-03T13:25:46Z	741	2
2026-06-03T13:25:50Z	744	2
2026-06-03T13:25:52Z	729	0
2026-06-03T13:25:52Z	745	2
2026-06-03T13:25:59Z	748	2
2026-06-03T13:26:01Z	749	2
2026-06-03T13:26:09Z	752	2
2026-06-03T13:26:36Z	737	0
2026-06-03T13:26:37Z	743	0
2026-06-03T13:26:46Z	750	0
2026-06-03T13:26:46Z	754	2
2026-06-03T13:26:49Z	746	0
2026-06-03T13:26:52Z	747	0
2026-06-03T13:26:55Z	757	2
2026-06-03T13:26:55Z	756	2
2026-06-03T13:26:57Z	751	0
2026-06-03T13:26:59Z	758	2
2026-06-03T13:27:02Z	759	2
2026-06-03T13:27:04Z	760	2
2026-06-03T13:27:07Z	762	2
2026-06-03T13:27:08Z	763	2
2026-06-03T13:27:09Z	753	0
2026-06-03T13:27:12Z	764	2
2026-06-03T13:27:13Z	765	2
2026-06-03T13:27:17Z	766	2
2026-06-03T13:27:19Z	767	2
2026-06-03T13:27:21Z	768	2
2026-06-03T13:27:21Z	770	2
2026-06-03T13:27:28Z	772	2
2026-06-03T13:27:29Z	773	2
2026-06-03T13:27:31Z	774	2
2026-06-03T13:27:37Z	776	2
2026-06-03T13:27:39Z	755	0
2026-06-03T13:27:40Z	777	2
2026-06-03T13:27:46Z	778	2
2026-06-03T13:27:47Z	780	2
2026-06-03T13:27:48Z	779	2
2026-06-03T13:27:52Z	761	0
2026-06-03T13:27:56Z	782	2
2026-06-03T13:28:05Z	785	2
2026-06-03T13:28:12Z	771	0
2026-06-03T13:28:20Z	769	0
2026-06-03T13:28:28Z	775	0
2026-06-03T13:28:29Z	788	2
2026-06-03T13:28:33Z	781	0
2026-06-03T13:28:37Z	789	2
2026-06-03T13:28:38Z	790	2
2026-06-03T13:28:43Z	791	2
2026-06-03T13:28:47Z	793	2
2026-06-03T13:28:48Z	783	0
2026-06-03T13:28:52Z	794	2
2026-06-03T13:28:54Z	784	0
2026-06-03T13:28:55Z	796	2
2026-06-03T13:29:01Z	786	0
2026-06-03T13:29:03Z	787	0
2026-06-03T13:29:11Z	801	2
2026-06-03T13:29:18Z	802	2
2026-06-03T13:29:25Z	803	2
2026-06-03T13:29:33Z	792	0
2026-06-03T13:29:47Z	799	0
2026-06-03T13:29:48Z	795	0
2026-06-03T13:29:51Z	800	0
2026-06-03T13:29:51Z	798	0
2026-06-03T13:29:55Z	797	0
2026-06-03T13:29:56Z	807	2
2026-06-03T13:29:57Z	806	2
2026-06-03T13:29:59Z	808	2
2026-06-03T13:30:04Z	810	2
2026-06-03T13:30:06Z	811	2
2026-06-03T13:30:07Z	812	2
2026-06-03T13:30:13Z	814	2
2026-06-03T13:30:17Z	816	2
2026-06-03T13:30:19Z	804	0
2026-06-03T13:30:21Z	817	2
2026-06-03T13:30:28Z	820	2
2026-06-03T13:30:35Z	805	0
2026-06-03T13:30:36Z	821	2
2026-06-03T13:30:44Z	822	2
2026-06-03T13:30:45Z	823	2
2026-06-03T13:30:52Z	824	2
2026-06-03T13:30:53Z	813	0
2026-06-03T13:30:54Z	825	2
2026-06-03T13:31:02Z	809	0
2026-06-03T13:31:02Z	815	0
2026-06-03T13:31:10Z	830	2
2026-06-03T13:31:19Z	831	2
2026-06-03T13:31:20Z	818	0
2026-06-03T13:31:21Z	819	0
2026-06-03T13:31:30Z	834	2
2026-06-03T13:31:48Z	827	0
2026-06-03T13:31:56Z	828	0
2026-06-03T13:31:59Z	829	0
2026-06-03T13:32:07Z	838	2
2026-06-03T13:32:08Z	826	0
2026-06-03T13:32:16Z	839	2
2026-06-03T13:32:17Z	833	0
2026-06-03T13:32:18Z	840	2
2026-06-03T13:32:19Z	832	0
2026-06-03T13:32:26Z	835	0
2026-06-03T13:32:28Z	844	2
2026-06-03T13:32:36Z	845	2
2026-06-03T13:32:37Z	846	2
2026-06-03T13:32:45Z	836	0
2026-06-03T13:32:57Z	837	0
2026-06-03T13:33:06Z	850	2
2026-06-03T13:33:12Z	843	0
2026-06-03T13:33:13Z	842	0
2026-06-03T13:33:15Z	851	2
2026-06-03T13:33:22Z	852	2
2026-06-03T13:33:23Z	853	2
2026-06-03T13:33:24Z	854	2
2026-06-03T13:33:24Z	841	0
2026-06-03T13:33:31Z	855	2
2026-06-03T13:33:32Z	856	2
2026-06-03T13:33:33Z	848	0
2026-06-03T13:33:35Z	847	0
2026-06-03T13:33:42Z	859	2
2026-06-03T13:33:42Z	860	2
2026-06-03T13:33:45Z	862	2
2026-06-03T13:33:50Z	849	0
2026-06-03T13:33:51Z	864	2
2026-06-03T13:34:18Z	857	0
2026-06-03T13:34:25Z	858	0
2026-06-03T13:34:26Z	868	2
2026-06-03T13:34:30Z	861	0
2026-06-03T13:34:35Z	863	0
2026-06-03T13:34:39Z	871	2
2026-06-03T13:34:40Z	865	0
2026-06-03T13:34:42Z	867	0
2026-06-03T13:34:47Z	873	2
2026-06-03T13:34:48Z	874	2
2026-06-03T13:34:48Z	866	0
2026-06-03T13:34:56Z	876	2
2026-06-03T13:34:56Z	877	2
2026-06-03T13:34:58Z	878	2
2026-06-03T13:35:06Z	879	2
2026-06-03T13:35:13Z	882	2
2026-06-03T13:35:23Z	870	0
2026-06-03T13:35:27Z	869	0
2026-06-03T13:35:34Z	885	2
2026-06-03T13:35:35Z	872	0
2026-06-03T13:35:42Z	886	2
2026-06-03T13:35:48Z	875	0
2026-06-03T13:35:52Z	880	0
2026-06-03T13:35:55Z	889	2
2026-06-03T13:35:58Z	881	0
2026-06-03T13:35:58Z	890	2
2026-06-03T13:36:06Z	893	2
2026-06-03T13:36:06Z	883	0
2026-06-03T13:36:07Z	892	2
2026-06-03T13:36:12Z	884	0
2026-06-03T13:36:13Z	896	2
2026-06-03T13:36:14Z	895	2
2026-06-03T13:36:19Z	897	2
2026-06-03T13:36:21Z	898	2
2026-06-03T13:36:21Z	899	2
2026-06-03T13:36:26Z	900	2
2026-06-03T13:36:28Z	901	2
2026-06-03T13:36:29Z	902	2
2026-06-03T13:36:29Z	887	0
2026-06-03T13:36:32Z	888	0
2026-06-03T13:36:34Z	903	2
2026-06-03T13:36:36Z	904	2
2026-06-03T13:36:36Z	905	2
2026-06-03T13:36:37Z	906	2
2026-06-03T13:36:39Z	907	2
2026-06-03T13:36:42Z	908	2
2026-06-03T13:36:44Z	910	2
2026-06-03T13:36:45Z	909	2
2026-06-03T13:36:45Z	911	2
2026-06-03T13:36:48Z	912	2
2026-06-03T13:36:51Z	915	2
2026-06-03T13:36:52Z	914	2
2026-06-03T13:36:52Z	891	0
2026-06-03T13:36:56Z	917	2
2026-06-03T13:36:58Z	894	0
2026-06-03T13:36:59Z	920	2
2026-06-03T13:36:59Z	918	2
2026-06-03T13:37:00Z	919	2
2026-06-03T13:37:08Z	923	2
2026-06-03T13:37:09Z	925	2
2026-06-03T13:37:17Z	927	2
2026-06-03T13:37:25Z	928	2
2026-06-03T13:37:32Z	913	0
2026-06-03T13:37:34Z	929	2
2026-06-03T13:37:40Z	930	2
2026-06-03T13:37:43Z	916	0
2026-06-03T13:37:48Z	921	0
2026-06-03T13:37:48Z	932	2
2026-06-03T13:37:50Z	933	2
2026-06-03T13:37:53Z	922	0
2026-06-03T13:37:58Z	935	2
2026-06-03T13:37:59Z	924	0
2026-06-03T13:38:03Z	926	0
2026-06-03T13:38:06Z	938	2
2026-06-03T13:38:11Z	940	2
2026-06-03T13:38:15Z	941	2
2026-06-03T13:38:19Z	942	2
2026-06-03T13:38:27Z	944	2
2026-06-03T13:38:31Z	931	0
2026-06-03T13:38:35Z	945	2
2026-06-03T13:38:43Z	934	0
2026-06-03T13:38:47Z	936	0
2026-06-03T13:38:56Z	937	0
2026-06-03T13:38:58Z	939	0
2026-06-03T13:39:05Z	950	2
2026-06-03T13:39:06Z	951	2
2026-06-03T13:39:15Z	953	2
2026-06-03T13:39:19Z	943	0
2026-06-03T13:39:34Z	948	0
2026-06-03T13:39:35Z	946	0
2026-06-03T13:39:38Z	947	0
2026-06-03T13:39:43Z	957	2
2026-06-03T13:39:44Z	956	2
2026-06-03T13:39:44Z	949	0
2026-06-03T13:39:46Z	958	2
2026-06-03T13:39:54Z	961	2
2026-06-03T13:39:56Z	962	2
2026-06-03T13:40:02Z	963	2
2026-06-03T13:40:03Z	964	2
2026-06-03T13:40:07Z	952	0
2026-06-03T13:40:08Z	954	0
2026-06-03T13:40:10Z	965	2
2026-06-03T13:40:12Z	966	2
2026-06-03T13:40:14Z	967	2
2026-06-03T13:40:17Z	968	2
2026-06-03T13:40:19Z	955	0
2026-06-03T13:40:21Z	971	2
2026-06-03T13:40:24Z	972	2
2026-06-03T13:40:27Z	973	2
2026-06-03T13:40:29Z	974	2
2026-06-03T13:40:31Z	975	2
2026-06-03T13:40:37Z	959	0
2026-06-03T13:40:40Z	960	0
2026-06-03T13:40:43Z	979	2
2026-06-03T13:40:48Z	981	2
2026-06-03T13:40:49Z	980	2
2026-06-03T13:41:06Z	969	0
2026-06-03T13:41:06Z	970	0
2026-06-03T13:41:12Z	977	0
2026-06-03T13:41:12Z	985	2
2026-06-03T13:41:14Z	984	2
2026-06-03T13:41:20Z	988	2
2026-06-03T13:41:22Z	976	0
2026-06-03T13:41:24Z	978	0
2026-06-03T13:41:28Z	989	2
2026-06-03T13:41:29Z	990	2
2026-06-03T13:41:31Z	991	2
2026-06-03T13:41:32Z	982	0
2026-06-03T13:41:35Z	983	0
2026-06-03T13:41:37Z	993	2
2026-06-03T13:41:39Z	994	2
2026-06-03T13:41:39Z	995	2
2026-06-03T13:41:42Z	996	2
2026-06-03T13:41:46Z	999	2
2026-06-03T13:41:49Z	1000	2
2026-06-03T13:41:53Z	1001	2
2026-06-03T13:41:55Z	1002	2
2026-06-03T13:42:00Z	1003	2
2026-06-03T13:42:01Z	1004	2
2026-06-03T13:42:02Z	986	0
2026-06-03T13:42:04Z	987	0
2026-06-03T13:42:09Z	1007	2
2026-06-03T13:42:12Z	1008	2
2026-06-03T13:42:18Z	1010	2
2026-06-03T13:42:22Z	992	0
2026-06-03T13:42:22Z	997	0
2026-06-03T13:42:24Z	998	0
2026-06-03T13:42:25Z	1011	2
2026-06-03T13:42:28Z	1012	2
2026-06-03T13:42:30Z	1013	2
2026-06-03T13:42:35Z	1016	2
2026-06-03T13:42:37Z	1017	2
2026-06-03T13:42:42Z	1018	2
2026-06-03T13:42:44Z	1019	2
2026-06-03T13:42:48Z	1005	0
2026-06-03T13:42:49Z	1006	0
2026-06-03T13:42:50Z	1020	2
2026-06-03T13:42:51Z	1021	2
2026-06-03T13:42:55Z	1023	2
2026-06-03T13:42:57Z	1025	2
2026-06-03T13:42:58Z	1024	2
2026-06-03T13:43:03Z	1026	2
2026-06-03T13:43:04Z	1009	0
2026-06-03T13:43:09Z	1029	2
2026-06-03T13:43:11Z	1015	0
2026-06-03T13:43:12Z	1030	2
2026-06-03T13:43:16Z	1014	0
2026-06-03T13:43:18Z	1032	2
2026-06-03T13:43:20Z	1033	2
2026-06-03T13:43:25Z	1035	2
2026-06-03T13:43:27Z	1036	2
2026-06-03T13:43:31Z	1037	2
2026-06-03T13:43:35Z	1038	2
2026-06-03T13:43:37Z	1022	0
2026-06-03T13:43:39Z	1039	2
2026-06-03T13:43:42Z	1040	2
2026-06-03T13:43:44Z	1041	2
2026-06-03T13:43:48Z	1027	0
2026-06-03T13:43:48Z	1028	0
2026-06-03T13:43:52Z	1044	2
2026-06-03T13:43:55Z	1046	2
2026-06-03T13:43:59Z	1047	2
2026-06-03T13:43:59Z	1031	0
2026-06-03T13:44:03Z	1048	2
2026-06-03T13:44:06Z	1050	2
2026-06-03T13:44:08Z	1034	0
2026-06-03T13:44:09Z	1051	2
2026-06-03T13:44:12Z	1052	2
2026-06-03T13:44:15Z	1053	2
2026-06-03T13:44:23Z	1042	0
2026-06-03T13:44:27Z	1043	0
2026-06-03T13:44:29Z	1057	2
2026-06-03T13:44:32Z	1045	0
2026-06-03T13:44:37Z	1059	2
2026-06-03T13:44:42Z	1049	0
2026-06-03T13:44:44Z	1061	2
2026-06-03T13:44:47Z	1054	0
2026-06-03T13:44:48Z	1062	2
2026-06-03T13:44:53Z	1065	2
2026-06-03T13:44:54Z	1064	2
2026-06-03T13:44:58Z	1056	0
2026-06-03T13:45:00Z	1055	0
2026-06-03T13:45:01Z	1066	2
2026-06-03T13:45:03Z	1067	2
2026-06-03T13:45:07Z	1069	2
2026-06-03T13:45:09Z	1070	2
2026-06-03T13:45:11Z	1071	2
2026-06-03T13:45:18Z	1073	2
2026-06-03T13:45:23Z	1058	0
2026-06-03T13:45:25Z	1060	0
2026-06-03T13:45:30Z	1076	2
2026-06-03T13:45:32Z	1077	2
2026-06-03T13:45:36Z	1063	0
2026-06-03T13:45:39Z	1078	2
2026-06-03T13:45:47Z	1081	2
2026-06-03T13:45:59Z	1068	0
2026-06-03T13:45:59Z	1072	0
2026-06-03T13:46:09Z	1074	0
2026-06-03T13:46:10Z	1083	2
2026-06-03T13:46:17Z	1085	2
2026-06-03T13:46:19Z	1086	2
2026-06-03T13:46:22Z	1075	0
2026-06-03T13:46:26Z	1087	2
2026-06-03T13:46:27Z	1088	2
2026-06-03T13:46:31Z	1089	2
2026-06-03T13:46:32Z	1079	0
2026-06-03T13:46:35Z	1090	2
2026-06-03T13:46:37Z	1091	2
2026-06-03T13:46:39Z	1080	0
2026-06-03T13:46:40Z	1092	2
2026-06-03T13:46:45Z	1082	0
2026-06-03T13:46:47Z	1095	2
2026-06-03T13:46:50Z	1097	2
2026-06-03T13:46:51Z	1096	2
2026-06-03T13:46:55Z	1098	2
2026-06-03T13:46:57Z	1099	2
2026-06-03T13:47:01Z	1084	0
2026-06-03T13:47:02Z	1101	2
2026-06-03T13:47:04Z	1102	2
2026-06-03T13:47:10Z	1104	2
2026-06-03T13:47:12Z	1105	2
2026-06-03T13:47:12Z	1106	2
2026-06-03T13:47:19Z	1108	2
2026-06-03T13:47:21Z	1109	2
2026-06-03T13:47:29Z	1111	2
2026-06-03T13:47:31Z	1094	0
2026-06-03T13:47:35Z	1093	0
2026-06-03T13:47:40Z	1112	2
2026-06-03T13:47:41Z	1113	2
2026-06-03T13:47:45Z	1114	2
2026-06-03T13:47:48Z	1115	2
2026-06-03T13:47:53Z	1100	0
2026-06-03T13:47:55Z	1117	2
2026-06-03T13:47:56Z	1118	2
2026-06-03T13:47:59Z	1103	0
2026-06-03T13:48:05Z	1121	2
2026-06-03T13:48:08Z	1122	2
2026-06-03T13:48:11Z	1107	0
2026-06-03T13:48:14Z	1123	2
2026-06-03T13:48:18Z	1124	2
2026-06-03T13:48:21Z	1125	2
2026-06-03T13:48:23Z	1126	2
2026-06-03T13:48:27Z	1110	0
2026-06-03T13:48:41Z	1116	0
2026-06-03T13:48:47Z	1120	0
2026-06-03T13:48:53Z	1119	0
2026-06-03T13:48:55Z	1132	2
2026-06-03T13:49:03Z	1134	2
2026-06-03T13:49:13Z	1128	0
2026-06-03T13:49:13Z	1127	0
2026-06-03T13:49:15Z	1129	0
2026-06-03T13:49:22Z	1137	2
2026-06-03T13:49:25Z	1130	0
2026-06-03T13:49:26Z	1138	2
2026-06-03T13:49:31Z	1139	2
2026-06-03T13:49:32Z	1140	2
2026-06-03T13:49:39Z	1142	2
2026-06-03T13:49:42Z	1131	0
2026-06-03T13:49:56Z	1133	0
2026-06-03T13:50:02Z	1135	0
2026-06-03T13:50:09Z	1147	2
2026-06-03T13:50:14Z	1136	0
2026-06-03T13:50:20Z	1143	0
2026-06-03T13:50:23Z	1141	0
2026-06-03T13:50:28Z	1145	0
2026-06-03T13:50:30Z	1150	2
2026-06-03T13:50:32Z	1144	0
2026-06-03T13:50:39Z	1152	2
2026-06-03T13:50:47Z	1155	2
2026-06-03T13:50:53Z	1146	0
2026-06-03T13:50:56Z	1156	2
2026-06-03T13:51:01Z	1157	2
2026-06-03T13:51:02Z	1148	0
2026-06-03T13:51:07Z	1158	2
2026-06-03T13:51:12Z	1159	2
2026-06-03T13:51:15Z	1161	2
2026-06-03T13:51:19Z	1149	0
2026-06-03T13:51:22Z	1151	0
2026-06-03T13:51:31Z	1165	2
2026-06-03T13:51:36Z	1153	0
2026-06-03T13:51:37Z	1154	0
2026-06-03T13:51:45Z	1167	2
2026-06-03T13:51:46Z	1168	2
2026-06-03T13:51:54Z	1169	2
2026-06-03T13:52:00Z	1160	0
2026-06-03T13:52:03Z	1171	2
2026-06-03T13:52:09Z	1172	2
2026-06-03T13:52:15Z	1163	0
2026-06-03T13:52:17Z	1162	0
2026-06-03T13:52:19Z	1174	2
2026-06-03T13:52:21Z	1164	0
2026-06-03T13:52:25Z	1175	2
2026-06-03T13:52:26Z	1176	2
2026-06-03T13:52:29Z	1177	2
2026-06-03T13:52:33Z	1178	2
2026-06-03T13:52:33Z	1179	2
2026-06-03T13:52:38Z	1181	2
2026-06-03T13:52:39Z	1166	0
2026-06-03T13:52:42Z	1182	2
2026-06-03T13:52:48Z	1185	2
2026-06-03T13:52:50Z	1186	2
2026-06-03T13:52:57Z	1170	0
2026-06-03T13:53:00Z	1188	2
2026-06-03T13:53:04Z	1173	0
2026-06-03T13:53:06Z	1189	2
2026-06-03T13:53:09Z	1190	2
2026-06-03T13:53:15Z	1192	2
2026-06-03T13:53:19Z	1193	2
2026-06-03T13:53:28Z	1195	2
2026-06-03T13:53:35Z	1183	0
2026-06-03T13:53:36Z	1180	0
2026-06-03T13:53:36Z	1196	2
2026-06-03T13:53:44Z	1199	2
2026-06-03T13:53:44Z	1197	2
2026-06-03T13:53:45Z	1198	2
2026-06-03T13:53:49Z	1184	0
2026-06-03T13:53:54Z	1200	2
2026-06-03T13:53:57Z	1202	2
2026-06-03T13:53:57Z	1187	0
2026-06-03T13:54:05Z	1191	0
2026-06-03T13:54:06Z	1205	2
2026-06-03T13:54:08Z	1206	2
2026-06-03T13:54:17Z	1209	2
2026-06-03T13:54:22Z	1194	0
2026-06-03T13:54:25Z	1210	2
2026-06-03T13:54:29Z	1211	2
2026-06-03T13:54:43Z	1201	0
2026-06-03T13:54:44Z	1204	0
2026-06-03T13:54:50Z	1203	0
2026-06-03T13:54:51Z	1214	2
2026-06-03T13:54:52Z	1215	2
2026-06-03T13:54:58Z	1207	0
2026-06-03T13:55:04Z	1208	0
2026-06-03T13:55:04Z	1219	2
2026-06-03T13:55:18Z	1212	0
2026-06-03T13:55:23Z	1213	0
2026-06-03T13:55:29Z	1223	2
2026-06-03T13:55:36Z	1216	0
2026-06-03T13:55:36Z	1224	2
2026-06-03T13:55:40Z	1218	0
2026-06-03T13:55:44Z	1226	2
2026-06-03T13:55:48Z	1227	2
2026-06-03T13:55:48Z	1217	0
2026-06-03T13:55:51Z	1228	2
2026-06-03T13:55:55Z	1229	2
2026-06-03T13:55:55Z	1230	2
2026-06-03T13:55:56Z	1220	0
2026-06-03T13:55:57Z	1221	0
2026-06-03T13:56:02Z	1234	2
2026-06-03T13:56:03Z	1232	2
2026-06-03T13:56:06Z	1222	0
2026-06-03T13:56:09Z	1237	2
2026-06-03T13:56:10Z	1236	2
2026-06-03T13:56:20Z	1225	0
2026-06-03T13:56:26Z	1241	2
2026-06-03T13:56:33Z	1242	2
2026-06-03T13:56:37Z	1231	0
2026-06-03T13:56:45Z	1244	2
2026-06-03T13:56:47Z	1235	0
2026-06-03T13:56:55Z	1245	2
2026-06-03T13:56:58Z	1246	2
2026-06-03T13:57:04Z	1233	0
2026-06-03T13:57:05Z	1247	2
2026-06-03T13:57:06Z	1239	0
2026-06-03T13:57:08Z	1238	0
2026-06-03T13:57:11Z	1240	0
2026-06-03T13:57:13Z	1249	2
2026-06-03T13:57:16Z	1251	2
2026-06-03T13:57:22Z	1254	2
2026-06-03T13:57:26Z	1255	2
2026-06-03T13:57:36Z	1243	0
2026-06-03T13:57:45Z	1258	2
2026-06-03T13:57:54Z	1259	2
2026-06-03T13:57:59Z	1248	0
2026-06-03T13:58:03Z	1250	0
2026-06-03T13:58:03Z	1260	2
2026-06-03T13:58:09Z	1252	0
2026-06-03T13:58:15Z	1253	0
2026-06-03T13:58:18Z	1264	2
2026-06-03T13:58:19Z	1256	0
2026-06-03T13:58:23Z	1265	2
2026-06-03T13:58:26Z	1257	0
2026-06-03T13:58:28Z	1267	2
2026-06-03T13:58:33Z	1268	2
2026-06-03T13:58:35Z	1270	2
2026-06-03T13:58:55Z	1261	0
2026-06-03T13:58:59Z	1263	0
2026-06-03T13:59:03Z	1273	2
2026-06-03T13:59:06Z	1274	2
2026-06-03T13:59:08Z	1262	0
2026-06-03T13:59:13Z	1275	2
2026-06-03T13:59:14Z	1276	2
2026-06-03T13:59:17Z	1277	2
2026-06-03T13:59:18Z	1266	0
2026-06-03T13:59:23Z	1278	2
2026-06-03T13:59:23Z	1279	2
2026-06-03T13:59:26Z	1280	2
2026-06-03T13:59:28Z	1271	0
2026-06-03T13:59:32Z	1283	2
2026-06-03T13:59:32Z	1272	0
2026-06-03T13:59:37Z	1285	2
2026-06-03T13:59:39Z	1269	0
2026-06-03T13:59:42Z	1286	2
2026-06-03T13:59:46Z	1288	2
2026-06-03T13:59:48Z	1289	2
2026-06-03T13:59:54Z	1292	2
2026-06-03T14:00:02Z	1293	2
2026-06-03T14:00:11Z	1294	2
2026-06-03T14:00:19Z	1281	0
2026-06-03T14:00:20Z	1295	2
2026-06-03T14:00:23Z	1282	0
2026-06-03T14:00:24Z	1284	0
2026-06-03T14:00:28Z	1297	2
2026-06-03T14:00:28Z	1296	2
2026-06-03T14:00:30Z	1287	0
2026-06-03T14:00:32Z	1298	2
2026-06-03T14:00:33Z	1299	2
2026-06-03T14:00:36Z	1301	2
2026-06-03T14:00:37Z	1300	2
2026-06-03T14:00:39Z	1302	2
2026-06-03T14:00:42Z	1303	2
2026-06-03T14:00:42Z	1290	0
2026-06-03T14:00:47Z	1305	2
2026-06-03T14:00:49Z	1306	2
2026-06-03T14:00:50Z	1307	2
2026-06-03T14:00:50Z	1291	0
2026-06-03T14:00:52Z	1309	2
2026-06-03T14:00:54Z	1308	2
2026-06-03T14:00:59Z	1310	2
2026-06-03T14:00:59Z	1312	2
2026-06-03T14:01:00Z	1311	2
2026-06-03T14:01:02Z	1314	2
2026-06-03T14:01:03Z	1315	2
2026-06-03T14:01:08Z	1317	2
2026-06-03T14:01:08Z	1316	2
2026-06-03T14:01:10Z	1318	2
2026-06-03T14:01:11Z	1320	2
2026-06-03T14:01:11Z	1319	2
2026-06-03T14:01:17Z	1325	2
2026-06-03T14:01:18Z	1322	2
2026-06-03T14:01:18Z	1321	2
2026-06-03T14:01:18Z	1323	2
2026-06-03T14:01:19Z	1324	2
2026-06-03T14:01:26Z	1326	2
2026-06-03T14:01:26Z	1330	2
2026-06-03T14:01:27Z	1328	2
2026-06-03T14:01:27Z	1327	2
2026-06-03T14:01:33Z	1334	2
2026-06-03T14:01:33Z	1332	2
2026-06-03T14:01:34Z	1331	2
2026-06-03T14:01:43Z	1337	2
2026-06-03T14:01:43Z	1335	2
2026-06-03T14:01:44Z	1313	0
2026-06-03T14:01:46Z	1304	0
2026-06-03T14:01:52Z	1338	2
2026-06-03T14:01:54Z	1341	2
2026-06-03T14:01:55Z	1340	2
2026-06-03T14:02:01Z	1342	2
2026-06-03T14:02:03Z	1343	2
2026-06-03T14:02:05Z	1344	2
2026-06-03T14:02:09Z	1345	2
2026-06-03T14:02:10Z	1346	2
2026-06-03T14:02:13Z	1347	2
2026-06-03T14:02:14Z	1329	0
2026-06-03T14:02:25Z	1333	0
2026-06-03T14:02:30Z	1336	0
2026-06-03T14:02:33Z	1352	2
2026-06-03T14:02:42Z	1339	0
2026-06-03T14:02:50Z	1355	2
2026-06-03T14:02:59Z	1356	2
2026-06-03T14:03:06Z	1349	0
2026-06-03T14:03:08Z	1351	0
2026-06-03T14:03:08Z	1357	2
2026-06-03T14:03:12Z	1348	0
2026-06-03T14:03:14Z	1350	0
2026-06-03T14:03:16Z	1360	2
2026-06-03T14:03:16Z	1359	2
2026-06-03T14:03:20Z	1362	2
2026-06-03T14:03:25Z	1363	2
2026-06-03T14:03:27Z	1354	0
2026-06-03T14:03:34Z	1367	2
2026-06-03T14:03:41Z	1353	0
2026-06-03T14:03:47Z	1369	2
2026-06-03T14:03:53Z	1358	0
2026-06-03T14:04:04Z	1361	0
2026-06-03T14:04:16Z	1366	0
2026-06-03T14:04:16Z	1364	0
2026-06-03T14:04:18Z	1365	0
2026-06-03T14:04:23Z	1368	0
2026-06-03T14:04:25Z	1374	2
2026-06-03T14:04:26Z	1373	2
2026-06-03T14:04:28Z	1375	2
2026-06-03T14:04:34Z	1376	2
2026-06-03T14:04:35Z	1378	2
2026-06-03T14:04:36Z	1370	0
2026-06-03T14:04:37Z	1377	2
2026-06-03T14:04:43Z	1380	2
2026-06-03T14:04:45Z	1381	2
2026-06-03T14:04:46Z	1382	2
2026-06-03T14:04:57Z	1386	2
2026-06-03T14:05:01Z	1371	0
2026-06-03T14:05:05Z	1372	0
2026-06-03T14:05:07Z	1387	2
2026-06-03T14:05:10Z	1388	2
2026-06-03T14:05:14Z	1389	2
2026-06-03T14:05:24Z	1392	2
2026-06-03T14:05:31Z	1393	2
2026-06-03T14:05:38Z	1379	0
2026-06-03T14:05:38Z	1383	0
2026-06-03T14:05:43Z	1385	0
2026-06-03T14:05:44Z	1384	0
2026-06-03T14:05:46Z	1395	2
2026-06-03T14:05:48Z	1396	2
2026-06-03T14:05:54Z	1398	2
2026-06-03T14:05:54Z	1397	2
2026-06-03T14:05:56Z	1400	2
2026-06-03T14:05:56Z	1399	2
2026-06-03T14:06:04Z	1401	2
2026-06-03T14:06:05Z	1403	2
2026-06-03T14:06:05Z	1390	0
2026-06-03T14:06:10Z	1391	0
2026-06-03T14:06:13Z	1407	2
2026-06-03T14:06:13Z	1405	2
2026-06-03T14:06:14Z	1406	2
2026-06-03T14:06:20Z	1408	2
2026-06-03T14:06:24Z	1411	2
2026-06-03T14:06:32Z	1394	0
2026-06-03T14:06:33Z	1413	2
2026-06-03T14:06:52Z	1402	0
2026-06-03T14:06:59Z	1404	0
2026-06-03T14:07:06Z	1417	2
2026-06-03T14:07:12Z	1410	0
2026-06-03T14:07:13Z	1409	0
2026-06-03T14:07:20Z	1412	0
2026-06-03T14:07:21Z	1419	2
2026-06-03T14:07:22Z	1420	2
2026-06-03T14:07:30Z	1422	2
2026-06-03T14:07:32Z	1423	2
2026-06-03T14:07:38Z	1415	0
2026-06-03T14:07:41Z	1425	2
2026-06-03T14:07:44Z	1414	0
2026-06-03T14:07:48Z	1426	2
2026-06-03T14:07:49Z	1427	2
2026-06-03T14:07:54Z	1428	2
2026-06-03T14:07:57Z	1416	0
2026-06-03T14:07:58Z	1429	2
2026-06-03T14:08:03Z	1431	2
2026-06-03T14:08:07Z	1433	2
2026-06-03T14:08:10Z	1418	0
2026-06-03T14:08:18Z	1421	0
2026-06-03T14:08:18Z	1436	2
2026-06-03T14:08:25Z	1437	2
2026-06-03T14:08:26Z	1438	2
2026-06-03T14:08:33Z	1424	0
2026-06-03T14:08:33Z	1440	2
2026-06-03T14:08:40Z	1441	2
2026-06-03T14:08:48Z	1432	0
2026-06-03T14:08:50Z	1443	2
2026-06-03T14:08:52Z	1430	0
2026-06-03T14:08:56Z	1435	0
2026-06-03T14:08:57Z	1444	2
2026-06-03T14:08:59Z	1445	2
2026-06-03T14:09:04Z	1447	2
2026-06-03T14:09:06Z	1448	2
2026-06-03T14:09:08Z	1434	0
2026-06-03T14:09:13Z	1450	2
2026-06-03T14:09:15Z	1451	2
2026-06-03T14:09:18Z	1452	2
2026-06-03T14:09:20Z	1439	0
2026-06-03T14:09:23Z	1454	2
2026-06-03T14:09:23Z	1453	2
2026-06-03T14:09:27Z	1455	2
2026-06-03T14:09:29Z	1456	2
2026-06-03T14:09:34Z	1457	2
2026-06-03T14:09:39Z	1442	0
2026-06-03T14:09:42Z	1461	2
2026-06-03T14:09:48Z	1462	2
2026-06-03T14:09:56Z	1463	2
2026-06-03T14:10:00Z	1449	0
2026-06-03T14:10:02Z	1446	0
2026-06-03T14:10:08Z	1465	2
2026-06-03T14:10:13Z	1467	2
2026-06-03T14:10:14Z	1466	2
2026-06-03T14:10:18Z	1468	2
2026-06-03T14:10:21Z	1469	2
2026-06-03T14:10:24Z	1470	2
2026-06-03T14:10:25Z	1458	0
2026-06-03T14:10:29Z	1471	2
2026-06-03T14:10:32Z	1472	2
2026-06-03T14:10:32Z	1460	0
2026-06-03T14:10:34Z	1474	2
2026-06-03T14:10:36Z	1473	2
2026-06-03T14:10:47Z	1476	2
2026-06-03T14:10:50Z	1479	2
2026-06-03T14:10:54Z	1459	0
2026-06-03T14:11:00Z	1464	0
2026-06-03T14:11:07Z	1482	2
2026-06-03T14:11:47Z	1475	0
2026-06-03T14:11:49Z	1477	0
2026-06-03T14:11:49Z	1478	0
2026-06-03T14:11:58Z	1485	2
2026-06-03T14:12:01Z	1487	2
2026-06-03T14:12:02Z	1486	2
2026-06-03T14:12:08Z	1488	2
2026-06-03T14:12:11Z	1483	0
2026-06-03T14:12:15Z	1480	0
2026-06-03T14:12:16Z	1484	0
2026-06-03T14:12:18Z	1491	2
2026-06-03T14:12:18Z	1481	0
2026-06-03T14:12:21Z	1492	2
2026-06-03T14:12:25Z	1493	2
2026-06-03T14:12:28Z	1496	2
2026-06-03T14:12:29Z	1495	2
2026-06-03T14:12:34Z	1498	2
2026-06-03T14:12:38Z	1500	2
2026-06-03T14:12:38Z	1499	2
2026-06-03T14:12:58Z	1489	0
2026-06-03T14:13:04Z	1490	0
2026-06-03T14:13:06Z	1504	2
2026-06-03T14:13:16Z	1506	2
2026-06-03T14:13:18Z	1497	0
2026-06-03T14:13:18Z	1494	0
2026-06-03T14:13:24Z	1507	2
2026-06-03T14:13:27Z	1508	2
2026-06-03T14:13:35Z	1502	0
2026-06-03T14:13:37Z	1511	2
2026-06-03T14:13:38Z	1501	0
2026-06-03T14:13:42Z	1503	0
2026-06-03T14:13:47Z	1513	2
2026-06-03T14:13:50Z	1515	2
2026-06-03T14:13:55Z	1516	2
2026-06-03T14:14:03Z	1505	0
2026-06-03T14:14:11Z	1519	2
2026-06-03T14:14:15Z	1509	0
2026-06-03T14:14:19Z	1520	2
2026-06-03T14:14:24Z	1521	2
2026-06-03T14:14:32Z	1523	2
2026-06-03T14:14:36Z	1510	0
2026-06-03T14:14:37Z	1514	0
2026-06-03T14:14:40Z	1512	0
2026-06-03T14:14:43Z	1524	2
2026-06-03T14:14:45Z	1525	2
2026-06-03T14:14:49Z	1527	2
2026-06-03T14:14:50Z	1517	0
2026-06-03T14:14:51Z	1528	2
2026-06-03T14:14:54Z	1529	2
2026-06-03T14:14:59Z	1530	2
2026-06-03T14:15:00Z	1532	2
2026-06-03T14:15:05Z	1518	0
2026-06-03T14:15:07Z	1534	2
2026-06-03T14:15:09Z	1535	2
2026-06-03T14:15:13Z	1536	2
2026-06-03T14:15:20Z	1539	2
2026-06-03T14:15:26Z	1540	2
2026-06-03T14:15:28Z	1526	0
2026-06-03T14:15:31Z	1522	0
2026-06-03T14:15:34Z	1541	2
2026-06-03T14:15:36Z	1542	2
2026-06-03T14:15:37Z	1531	0
2026-06-03T14:15:37Z	1543	2
2026-06-03T14:15:44Z	1545	2
2026-06-03T14:15:45Z	1547	2
2026-06-03T14:15:45Z	1546	2
2026-06-03T14:15:53Z	1533	0
2026-06-03T14:15:53Z	1550	2
2026-06-03T14:15:53Z	1548	2
2026-06-03T14:15:54Z	1537	0
2026-06-03T14:15:59Z	1551	2
2026-06-03T14:16:01Z	1554	2
2026-06-03T14:16:03Z	1552	2
2026-06-03T14:16:09Z	1556	2
2026-06-03T14:16:11Z	1557	2
2026-06-03T14:16:11Z	1538	0
2026-06-03T14:16:16Z	1558	2
2026-06-03T14:16:17Z	1560	2
2026-06-03T14:16:25Z	1561	2
2026-06-03T14:16:31Z	1544	0
2026-06-03T14:16:32Z	1549	0
2026-06-03T14:16:38Z	1553	0
2026-06-03T14:16:39Z	1564	2
2026-06-03T14:16:47Z	1566	2
2026-06-03T14:16:55Z	1559	0
2026-06-03T14:16:59Z	1555	0
2026-06-03T14:17:01Z	1569	2
2026-06-03T14:17:05Z	1562	0
2026-06-03T14:17:13Z	1563	0
2026-06-03T14:17:14Z	1572	2
2026-06-03T14:17:23Z	1565	0
2026-06-03T14:17:24Z	1573	2
2026-06-03T14:17:24Z	1574	2
2026-06-03T14:17:29Z	1567	0
2026-06-03T14:17:35Z	1575	2
2026-06-03T14:17:36Z	1577	2
2026-06-03T14:17:36Z	1576	2
2026-06-03T14:17:44Z	1579	2
2026-06-03T14:17:45Z	1581	2
2026-06-03T14:17:49Z	1568	0
2026-06-03T14:17:52Z	1582	2
2026-06-03T14:17:56Z	1584	2
2026-06-03T14:18:00Z	1585	2
2026-06-03T14:18:07Z	1587	2
2026-06-03T14:18:07Z	1571	0
2026-06-03T14:18:07Z	1570	0
2026-06-03T14:18:15Z	1588	2
2026-06-03T14:18:24Z	1578	0
2026-06-03T14:18:31Z	1592	2
2026-06-03T14:18:32Z	1580	0
2026-06-03T14:18:38Z	1593	2
2026-06-03T14:18:39Z	1594	2
2026-06-03T14:18:40Z	1583	0
2026-06-03T14:18:46Z	1596	2
2026-06-03T14:18:48Z	1586	0
2026-06-03T14:18:48Z	1597	2
2026-06-03T14:18:54Z	1598	2
2026-06-03T14:18:54Z	1590	0
2026-06-03T14:18:59Z	1589	0
2026-06-03T14:19:05Z	1603	2
2026-06-03T14:19:06Z	1591	0
2026-06-03T14:19:12Z	1605	2
2026-06-03T14:19:14Z	1604	2
2026-06-03T14:19:19Z	1606	2
2026-06-03T14:19:26Z	1608	2
2026-06-03T14:19:33Z	1609	2
2026-06-03T14:19:33Z	1599	0
2026-06-03T14:19:38Z	1595	0
2026-06-03T14:19:40Z	1611	2
2026-06-03T14:19:40Z	1610	2
2026-06-03T14:19:44Z	1601	0
2026-06-03T14:19:48Z	1600	0
2026-06-03T14:19:48Z	1614	2
2026-06-03T14:19:49Z	1613	2
2026-06-03T14:19:52Z	1615	2
2026-06-03T14:19:54Z	1602	0
2026-06-03T14:19:58Z	1618	2
2026-06-03T14:20:04Z	1607	0
2026-06-03T14:20:21Z	1612	0
2026-06-03T14:20:31Z	1617	0
2026-06-03T14:20:32Z	1619	0
2026-06-03T14:20:34Z	1616	0
2026-06-03T14:20:37Z	1624	2
2026-06-03T14:20:38Z	1620	0
2026-06-03T14:20:39Z	1625	2
2026-06-03T14:20:40Z	1621	0
2026-06-03T14:20:43Z	1622	0
2026-06-03T14:20:44Z	1627	2
2026-06-03T14:20:45Z	1629	2
2026-06-03T14:20:45Z	1628	2
2026-06-03T14:20:52Z	1633	2
2026-06-03T14:20:58Z	1635	2
2026-06-03T14:21:04Z	1636	2
2026-06-03T14:21:06Z	1623	0
2026-06-03T14:21:13Z	1638	2
2026-06-03T14:21:15Z	1626	0
2026-06-03T14:21:19Z	1639	2
2026-06-03T14:21:21Z	1631	0
2026-06-03T14:21:22Z	1640	2
2026-06-03T14:21:23Z	1630	0
2026-06-03T14:21:24Z	1632	0
2026-06-03T14:21:24Z	1634	0
2026-06-03T14:21:26Z	1641	2
2026-06-03T14:21:32Z	1646	2
2026-06-03T14:21:39Z	1648	2
2026-06-03T14:21:47Z	1637	0
2026-06-03T14:21:54Z	1650	2
2026-06-03T14:22:00Z	1651	2
2026-06-03T14:22:01Z	1642	0
2026-06-03T14:22:06Z	1644	0
2026-06-03T14:22:08Z	1652	2
2026-06-03T14:22:08Z	1647	0
2026-06-03T14:22:09Z	1653	2
2026-06-03T14:22:10Z	1643	0
2026-06-03T14:22:11Z	1645	0
2026-06-03T14:22:14Z	1654	2
2026-06-03T14:22:16Z	1657	2
2026-06-03T14:22:22Z	1661	2
2026-06-03T14:22:28Z	1662	2
2026-06-03T14:22:29Z	1649	0
2026-06-03T14:22:34Z	1663	2
2026-06-03T14:22:41Z	1665	2
2026-06-03T14:22:47Z	1666	2
2026-06-03T14:22:53Z	1655	0
2026-06-03T14:22:55Z	1659	0
2026-06-03T14:22:55Z	1656	0
2026-06-03T14:22:59Z	1658	0
2026-06-03T14:22:59Z	1660	0
2026-06-03T14:23:00Z	1668	2
2026-06-03T14:23:07Z	1671	2
2026-06-03T14:23:07Z	1673	2
2026-06-03T14:23:13Z	1674	2
2026-06-03T14:23:15Z	1675	2
2026-06-03T14:23:23Z	1664	0
2026-06-03T14:23:29Z	1678	2
2026-06-03T14:23:34Z	1667	0
2026-06-03T14:23:35Z	1679	2
2026-06-03T14:23:43Z	1670	0
2026-06-03T14:23:43Z	1669	0
2026-06-03T14:23:49Z	1672	0
2026-06-03T14:23:50Z	1682	2
2026-06-03T14:23:59Z	1677	0
2026-06-03T14:24:02Z	1676	0
2026-06-03T14:24:18Z	1680	0
2026-06-03T14:24:24Z	1681	0
2026-06-03T14:24:25Z	1688	2
2026-06-03T14:24:31Z	1684	0
2026-06-03T14:24:34Z	1683	0
2026-06-03T14:24:34Z	1685	0
2026-06-03T14:24:39Z	1691	2
2026-06-03T14:24:41Z	1692	2
2026-06-03T14:24:42Z	1686	0
2026-06-03T14:24:46Z	1687	0
2026-06-03T14:24:48Z	1695	2
2026-06-03T14:24:50Z	1696	2
2026-06-03T14:24:55Z	1698	2
2026-06-03T14:24:58Z	1699	2
2026-06-03T14:25:03Z	1700	2
2026-06-03T14:25:06Z	1701	2
2026-06-03T14:25:11Z	1702	2
2026-06-03T14:25:12Z	1690	0
2026-06-03T14:25:15Z	1689	0
2026-06-03T14:25:18Z	1704	2
2026-06-03T14:25:19Z	1705	2
2026-06-03T14:25:22Z	1694	0
2026-06-03T14:25:23Z	1693	0
2026-06-03T14:25:26Z	1707	2
2026-06-03T14:25:30Z	1709	2
2026-06-03T14:25:32Z	1711	2
2026-06-03T14:25:35Z	1697	0
2026-06-03T14:25:38Z	1712	2
2026-06-03T14:25:39Z	1713	2
2026-06-03T14:25:46Z	1716	2
2026-06-03T14:25:51Z	1703	0
2026-06-03T14:25:57Z	1718	2
2026-06-03T14:26:04Z	1708	0
2026-06-03T14:26:04Z	1706	0
2026-06-03T14:26:11Z	1720	2
2026-06-03T14:26:11Z	1721	2
2026-06-03T14:26:18Z	1722	2
2026-06-03T14:26:18Z	1710	0
2026-06-03T14:26:25Z	1714	0
2026-06-03T14:26:25Z	1724	2
2026-06-03T14:26:26Z	1725	2
2026-06-03T14:26:31Z	1715	0
2026-06-03T14:26:33Z	1726	2
2026-06-03T14:26:34Z	1728	2
2026-06-03T14:26:36Z	1717	0
2026-06-03T14:26:39Z	1729	2
2026-06-03T14:26:40Z	1730	2
2026-06-03T14:26:42Z	1731	2
2026-06-03T14:26:47Z	1734	2
2026-06-03T14:26:48Z	1719	0
2026-06-03T14:26:50Z	1735	2
2026-06-03T14:26:55Z	1737	2
2026-06-03T14:26:55Z	1736	2
2026-06-03T14:27:02Z	1739	2
2026-06-03T14:27:03Z	1740	2
2026-06-03T14:27:06Z	1723	0
2026-06-03T14:27:10Z	1741	2
2026-06-03T14:27:10Z	1742	2
2026-06-03T14:27:13Z	1743	2
2026-06-03T14:27:15Z	1727	0
2026-06-03T14:27:17Z	1744	2
2026-06-03T14:27:20Z	1746	2
2026-06-03T14:27:25Z	1748	2
2026-06-03T14:27:29Z	1733	0
2026-06-03T14:27:33Z	1750	2
2026-06-03T14:27:35Z	1732	0
2026-06-03T14:27:38Z	1751	2
2026-06-03T14:27:41Z	1752	2
2026-06-03T14:27:42Z	1738	0
2026-06-03T14:27:45Z	1754	2
2026-06-03T14:27:52Z	1757	2
2026-06-03T14:27:56Z	1745	0
2026-06-03T14:27:58Z	1758	2
2026-06-03T14:28:04Z	1747	0
2026-06-03T14:28:05Z	1749	0
2026-06-03T14:28:10Z	1761	2
2026-06-03T14:28:12Z	1762	2
2026-06-03T14:28:17Z	1763	2
2026-06-03T14:28:18Z	1764	2
2026-06-03T14:28:18Z	1753	0
2026-06-03T14:28:24Z	1766	2
2026-06-03T14:28:25Z	1767	2
2026-06-03T14:28:30Z	1755	0
2026-06-03T14:28:32Z	1769	2
2026-06-03T14:28:32Z	1756	0
2026-06-03T14:28:37Z	1770	2
2026-06-03T14:28:39Z	1771	2
2026-06-03T14:28:44Z	1773	2
2026-06-03T14:28:46Z	1759	0
2026-06-03T14:28:53Z	1776	2
2026-06-03T14:28:54Z	1760	0
2026-06-03T14:28:59Z	1765	0
2026-06-03T14:29:00Z	1777	2
2026-06-03T14:29:06Z	1779	2
2026-06-03T14:29:15Z	1772	0
2026-06-03T14:29:16Z	1768	0
2026-06-03T14:29:22Z	1782	2
2026-06-03T14:29:23Z	1783	2
2026-06-03T14:29:25Z	1775	0
2026-06-03T14:29:25Z	1774	0
2026-06-03T14:29:29Z	1784	2
2026-06-03T14:29:30Z	1785	2
2026-06-03T14:29:31Z	1786	2
2026-06-03T14:29:36Z	1788	2
2026-06-03T14:29:38Z	1789	2
2026-06-03T14:29:41Z	1778	0
2026-06-03T14:29:45Z	1792	2
2026-06-03T14:29:48Z	1780	0
2026-06-03T14:29:52Z	1781	0
2026-06-03T14:29:52Z	1794	2
2026-06-03T14:29:56Z	1795	2
2026-06-03T14:29:59Z	1796	2
2026-06-03T14:30:02Z	1798	2
2026-06-03T14:30:06Z	1799	2
2026-06-03T14:30:08Z	1800	2
2026-06-03T14:30:10Z	1787	0
2026-06-03T14:30:14Z	1801	2
2026-06-03T14:30:15Z	1802	2
2026-06-03T14:30:17Z	1803	2
2026-06-03T14:30:21Z	1805	2
2026-06-03T14:30:22Z	1790	0
2026-06-03T14:30:23Z	1806	2
2026-06-03T14:30:23Z	1791	0
2026-06-03T14:30:27Z	1793	0
2026-06-03T14:30:29Z	1807	2
2026-06-03T14:30:34Z	1811	2
2026-06-03T14:30:37Z	1812	2
2026-06-03T14:30:44Z	1814	2
2026-06-03T14:30:44Z	1797	0
2026-06-03T14:30:52Z	1816	2
2026-06-03T14:30:57Z	1804	0
2026-06-03T14:30:59Z	1817	2
2026-06-03T14:31:03Z	1818	2
2026-06-03T14:31:07Z	1819	2
2026-06-03T14:31:09Z	1810	0
2026-06-03T14:31:10Z	1808	0
2026-06-03T14:31:13Z	1821	2
2026-06-03T14:31:18Z	1809	0
2026-06-03T14:31:20Z	1824	2
2026-06-03T14:31:27Z	1826	2
2026-06-03T14:31:32Z	1813	0
2026-06-03T14:31:34Z	1827	2
2026-06-03T14:31:35Z	1815	0
2026-06-03T14:31:50Z	1822	0
2026-06-03T14:31:52Z	1820	0
2026-06-03T14:32:06Z	1823	0
2026-06-03T14:32:09Z	1825	0
2026-06-03T14:32:14Z	1833	2
2026-06-03T14:32:15Z	1830	0
2026-06-03T14:32:17Z	1828	0
2026-06-03T14:32:20Z	1829	0
2026-06-03T14:32:21Z	1835	2
2026-06-03T14:32:23Z	1837	2
2026-06-03T14:32:23Z	1836	2
2026-06-03T14:32:27Z	1838	2
2026-06-03T14:32:28Z	1839	2
2026-06-03T14:32:30Z	1841	2
2026-06-03T14:32:35Z	1843	2
2026-06-03T14:32:35Z	1842	2
2026-06-03T14:32:37Z	1844	2
2026-06-03T14:32:41Z	1831	0
2026-06-03T14:32:43Z	1845	2
2026-06-03T14:32:43Z	1846	2
2026-06-03T14:32:44Z	1832	0
2026-06-03T14:32:44Z	1847	2
2026-06-03T14:32:48Z	1848	2
2026-06-03T14:32:51Z	1850	2
2026-06-03T14:32:51Z	1851	2
2026-06-03T14:32:52Z	1852	2
2026-06-03T14:32:56Z	1853	2
2026-06-03T14:32:57Z	1854	2
2026-06-03T14:32:59Z	1834	0
2026-06-03T14:33:00Z	1855	2
2026-06-03T14:33:01Z	1856	2
2026-06-03T14:33:04Z	1857	2
2026-06-03T14:33:06Z	1859	2
2026-06-03T14:33:09Z	1861	2
2026-06-03T14:33:13Z	1840	0
2026-06-03T14:33:16Z	1864	2
2026-06-03T14:33:36Z	1849	0
2026-06-03T14:33:38Z	1858	0
2026-06-03T14:33:42Z	1867	2
2026-06-03T14:33:50Z	1860	0
2026-06-03T14:33:50Z	1869	2
2026-06-03T14:33:53Z	1863	0
2026-06-03T14:33:53Z	1862	0
2026-06-03T14:33:58Z	1871	2
2026-06-03T14:34:00Z	1872	2
2026-06-03T14:34:04Z	1865	0
2026-06-03T14:34:07Z	1875	2
2026-06-03T14:34:10Z	1866	0
2026-06-03T14:34:14Z	1877	2
2026-06-03T14:34:16Z	1878	2
2026-06-03T14:34:22Z	1880	2
2026-06-03T14:34:26Z	1868	0
2026-06-03T14:34:29Z	1881	2
2026-06-03T14:34:32Z	1870	0
2026-06-03T14:34:36Z	1883	2
2026-06-03T14:34:46Z	1873	0
2026-06-03T14:34:49Z	1874	0
2026-06-03T14:35:00Z	1876	0
2026-06-03T14:35:03Z	1879	0
2026-06-03T14:35:06Z	1888	2
2026-06-03T14:35:10Z	1889	2
2026-06-03T14:35:13Z	1890	2
2026-06-03T14:35:18Z	1891	2
2026-06-03T14:35:20Z	1884	0
2026-06-03T14:35:21Z	1882	0
2026-06-03T14:35:22Z	1885	0
2026-06-03T14:35:27Z	1894	2
2026-06-03T14:35:28Z	1886	0
2026-06-03T14:35:28Z	1895	2
2026-06-03T14:35:34Z	1897	2
2026-06-03T14:35:40Z	1900	2
2026-06-03T14:35:46Z	1887	0
2026-06-03T14:35:47Z	1901	2
2026-06-03T14:35:54Z	1902	2
2026-06-03T14:35:54Z	1903	2
2026-06-03T14:36:02Z	1905	2
2026-06-03T14:36:02Z	1892	0
2026-06-03T14:36:05Z	1893	0
2026-06-03T14:36:09Z	1906	2
2026-06-03T14:36:09Z	1907	2
2026-06-03T14:36:11Z	1896	0
2026-06-03T14:36:12Z	1908	2
2026-06-03T14:36:15Z	1898	0
2026-06-03T14:36:17Z	1909	2
2026-06-03T14:36:17Z	1910	2
2026-06-03T14:36:20Z	1899	0
2026-06-03T14:36:21Z	1912	2
2026-06-03T14:36:27Z	1916	2
2026-06-03T14:36:34Z	1918	2
2026-06-03T14:36:40Z	1919	2
2026-06-03T14:36:44Z	1904	0
2026-06-03T14:36:50Z	1921	2
2026-06-03T14:36:57Z	1922	2
2026-06-03T14:37:02Z	1915	0
2026-06-03T14:37:04Z	1923	2
2026-06-03T14:37:06Z	1917	0
2026-06-03T14:37:06Z	1911	0
2026-06-03T14:37:08Z	1914	0
2026-06-03T14:37:11Z	1924	2
2026-06-03T14:37:11Z	1925	2
2026-06-03T14:37:14Z	1926	2
2026-06-03T14:37:14Z	1913	0
2026-06-03T14:37:15Z	1928	2
2026-06-03T14:37:19Z	1929	2
2026-06-03T14:37:22Z	1932	2
2026-06-03T14:37:26Z	1934	2
2026-06-03T14:37:29Z	1935	2
2026-06-03T14:37:30Z	1920	0
2026-06-03T14:37:33Z	1936	2
2026-06-03T14:37:36Z	1937	2
2026-06-03T14:37:43Z	1940	2
2026-06-03T14:37:49Z	1941	2
2026-06-03T14:37:55Z	1942	2
2026-06-03T14:37:57Z	1927	0
2026-06-03T14:37:57Z	1931	0
2026-06-03T14:37:59Z	1930	0
2026-06-03T14:38:03Z	1943	2
2026-06-03T14:38:03Z	1944	2
2026-06-03T14:38:04Z	1945	2
2026-06-03T14:38:10Z	1933	0
2026-06-03T14:38:10Z	1947	2
2026-06-03T14:38:13Z	1948	2
2026-06-03T14:38:19Z	1952	2
2026-06-03T14:38:21Z	1938	0
2026-06-03T14:38:25Z	1939	0
2026-06-03T14:38:43Z	1946	0
2026-06-03T14:38:46Z	1949	0
2026-06-03T14:38:55Z	1950	0
2026-06-03T14:38:55Z	1953	0
2026-06-03T14:38:58Z	1951	0
2026-06-03T14:39:02Z	1958	2
2026-06-03T14:39:03Z	1959	2
2026-06-03T14:39:05Z	1960	2
2026-06-03T14:39:08Z	1961	2
2026-06-03T14:39:10Z	1962	2
2026-06-03T14:39:11Z	1955	0
2026-06-03T14:39:13Z	1963	2
2026-06-03T14:39:16Z	1964	2
2026-06-03T14:39:16Z	1954	0
2026-06-03T14:39:16Z	1965	2
2026-06-03T14:39:18Z	1966	2
2026-06-03T14:39:21Z	1967	2
2026-06-03T14:39:23Z	1969	2
2026-06-03T14:39:24Z	1968	2
2026-06-03T14:39:29Z	1973	2
2026-06-03T14:39:30Z	1974	2
2026-06-03T14:39:31Z	1957	0
2026-06-03T14:39:36Z	1976	2
2026-06-03T14:39:36Z	1956	0
2026-06-03T14:39:38Z	1977	2
2026-06-03T14:39:43Z	1979	2
2026-06-03T14:39:50Z	1981	2
2026-06-03T14:39:58Z	1970	0
2026-06-03T14:40:04Z	1971	0
2026-06-03T14:40:06Z	1983	2
2026-06-03T14:40:07Z	1972	0
2026-06-03T14:40:07Z	1975	0
2026-06-03T14:40:11Z	1984	2
2026-06-03T14:40:12Z	1985	2
2026-06-03T14:40:14Z	1986	2
2026-06-03T14:40:15Z	1987	2
2026-06-03T14:40:20Z	1988	2
2026-06-03T14:40:20Z	1989	2
2026-06-03T14:40:21Z	1990	2
2026-06-03T14:40:23Z	1991	2
2026-06-03T14:40:28Z	1992	2
2026-06-03T14:40:28Z	1995	2
2026-06-03T14:40:29Z	1980	0
2026-06-03T14:40:29Z	1978	0
2026-06-03T14:40:36Z	1997	2
2026-06-03T14:40:37Z	1998	2
2026-06-03T14:40:42Z	2000	2
2026-06-03T14:40:43Z	2001	2
2026-06-03T14:40:44Z	1982	0
2026-06-03T14:40:49Z	2002	2
2026-06-03T14:40:51Z	2003	2
2026-06-03T14:40:51Z	2004	2
2026-06-03T14:40:57Z	2005	2
2026-06-03T14:40:57Z	2006	2
2026-06-03T14:41:03Z	2008	2
2026-06-03T14:41:03Z	2009	2
2026-06-03T14:41:09Z	2010	2
2026-06-03T14:41:12Z	1996	0
2026-06-03T14:41:15Z	1999	0
2026-06-03T14:41:15Z	1993	0
2026-06-03T14:41:16Z	2012	2
2026-06-03T14:41:17Z	1994	0
2026-06-03T14:41:22Z	2014	2
2026-06-03T14:41:23Z	2015	2
2026-06-03T14:41:25Z	2017	2
2026-06-03T14:41:30Z	2018	2
2026-06-03T14:41:31Z	2019	2
2026-06-03T14:41:31Z	2020	2
2026-06-03T14:41:36Z	2021	2
2026-06-03T14:41:38Z	2022	2
2026-06-03T14:41:39Z	2023	2
2026-06-03T14:41:42Z	2007	0
2026-06-03T14:41:44Z	2024	2
2026-06-03T14:41:44Z	2025	2
2026-06-03T14:41:50Z	2027	2
2026-06-03T14:41:50Z	2028	2
2026-06-03T14:41:51Z	2011	0
2026-06-03T14:41:57Z	2032	2
2026-06-03T14:41:58Z	2031	2
2026-06-03T14:42:00Z	2013	0
2026-06-03T14:42:04Z	2033	2
2026-06-03T14:42:05Z	2034	2
2026-06-03T14:42:09Z	2016	0
2026-06-03T14:42:12Z	2037	2
2026-06-03T14:42:16Z	2038	2
2026-06-03T14:42:20Z	2039	2
2026-06-03T14:42:23Z	2040	2
2026-06-03T14:42:29Z	2042	2
2026-06-03T14:42:37Z	2026	0
2026-06-03T14:42:40Z	2030	0
2026-06-03T14:42:43Z	2044	2
2026-06-03T14:42:46Z	2045	2
2026-06-03T14:42:46Z	2029	0
2026-06-03T14:42:47Z	2035	0
2026-06-03T14:42:51Z	2036	0
2026-06-03T14:42:54Z	2048	2
2026-06-03T14:42:54Z	2049	2
2026-06-03T14:42:58Z	2050	2
2026-06-03T14:43:05Z	2041	0
2026-06-03T14:43:05Z	2053	2
2026-06-03T14:43:11Z	2055	2
2026-06-03T14:43:16Z	2056	2
2026-06-03T14:43:20Z	2043	0
2026-06-03T14:43:23Z	2057	2
2026-06-03T14:43:30Z	2059	2
2026-06-03T14:43:31Z	2047	0
2026-06-03T14:43:33Z	2052	0
2026-06-03T14:43:36Z	2051	0
2026-06-03T14:43:36Z	2060	2
2026-06-03T14:43:39Z	2061	2
2026-06-03T14:43:41Z	2062	2
2026-06-03T14:43:44Z	2063	2
2026-06-03T14:43:48Z	2046	0
2026-06-03T14:43:50Z	2066	2
2026-06-03T14:43:51Z	2067	2
2026-06-03T14:43:56Z	2068	2
2026-06-03T14:43:56Z	2054	0
2026-06-03T14:43:58Z	2070	2
2026-06-03T14:44:03Z	2072	2
2026-06-03T14:44:03Z	2071	2
2026-06-03T14:44:04Z	2058	0
2026-06-03T14:44:09Z	2074	2
2026-06-03T14:44:10Z	2076	2
2026-06-03T14:44:11Z	2075	2
2026-06-03T14:44:17Z	2077	2
2026-06-03T14:44:18Z	2078	2
2026-06-03T14:44:23Z	2065	0
2026-06-03T14:44:25Z	2081	2
2026-06-03T14:44:27Z	2064	0
2026-06-03T14:44:30Z	2069	0
2026-06-03T14:44:30Z	2082	2
2026-06-03T14:44:33Z	2083	2
2026-06-03T14:44:34Z	2084	2
2026-06-03T14:44:42Z	2088	2
2026-06-03T14:44:44Z	2073	0
2026-06-03T14:44:50Z	2090	2
2026-06-03T14:44:56Z	2079	0
2026-06-03T14:44:58Z	2091	2
2026-06-03T14:45:04Z	2093	2
2026-06-03T14:45:06Z	2080	0
2026-06-03T14:45:12Z	2095	2
2026-06-03T14:45:19Z	2086	0
2026-06-03T14:45:22Z	2085	0
2026-06-03T14:45:24Z	2089	0
2026-06-03T14:45:30Z	2087	0
2026-06-03T14:45:31Z	2099	2
2026-06-03T14:45:36Z	2100	2
2026-06-03T14:45:42Z	2102	2
2026-06-03T14:45:42Z	2092	0
2026-06-03T14:45:47Z	2094	0
2026-06-03T14:45:48Z	2103	2
2026-06-03T14:45:49Z	2104	2
2026-06-03T14:45:55Z	2105	2
2026-06-03T14:45:56Z	2107	2
2026-06-03T14:45:57Z	2106	2
2026-06-03T14:46:04Z	2110	2
2026-06-03T14:46:05Z	2097	0
2026-06-03T14:46:09Z	2096	0
2026-06-03T14:46:11Z	2111	2
2026-06-03T14:46:11Z	2098	0
2026-06-03T14:46:17Z	2113	2
2026-06-03T14:46:18Z	2114	2
2026-06-03T14:46:19Z	2115	2
2026-06-03T14:46:25Z	2101	0
2026-06-03T14:46:26Z	2118	2
2026-06-03T14:46:32Z	2119	2
2026-06-03T14:46:33Z	2120	2
2026-06-03T14:46:39Z	2122	2
2026-06-03T14:46:42Z	2121	2
2026-06-03T14:46:43Z	2108	0
2026-06-03T14:46:46Z	2109	0
2026-06-03T14:46:50Z	2125	2
2026-06-03T14:46:55Z	2112	0
2026-06-03T14:47:00Z	2117	0
2026-06-03T14:47:06Z	2116	0
2026-06-03T14:47:13Z	2130	2
2026-06-03T14:47:25Z	2124	0
2026-06-03T14:47:30Z	2123	0
2026-06-03T14:47:31Z	2132	2
2026-06-03T14:47:35Z	2133	2
2026-06-03T14:47:38Z	2128	0
2026-06-03T14:47:39Z	2127	0
2026-06-03T14:47:40Z	2126	0
2026-06-03T14:47:43Z	2135	2
2026-06-03T14:47:46Z	2137	2
2026-06-03T14:47:48Z	2138	2
2026-06-03T14:47:49Z	2129	0
2026-06-03T14:47:56Z	2142	2
2026-06-03T14:47:59Z	2131	0
2026-06-03T14:48:06Z	2144	2
2026-06-03T14:48:13Z	2145	2
2026-06-03T14:48:18Z	2134	0
2026-06-03T14:48:19Z	2146	2
2026-06-03T14:48:26Z	2147	2
2026-06-03T14:48:27Z	2136	0
2026-06-03T14:48:30Z	2148	2
2026-06-03T14:48:31Z	2139	0
2026-06-03T14:48:36Z	2140	0
2026-06-03T14:48:36Z	2150	2
2026-06-03T14:48:37Z	2151	2
2026-06-03T14:48:39Z	2152	2
2026-06-03T14:48:44Z	2153	2
2026-06-03T14:48:46Z	2155	2
2026-06-03T14:48:47Z	2141	0
2026-06-03T14:48:48Z	2156	2
2026-06-03T14:48:54Z	2159	2
2026-06-03T14:48:54Z	2158	2
2026-06-03T14:48:55Z	2160	2
2026-06-03T14:48:57Z	2143	0
2026-06-03T14:49:14Z	2149	0
2026-06-03T14:49:30Z	2154	0
2026-06-03T14:49:34Z	2157	0
2026-06-03T14:49:37Z	2161	0
2026-06-03T14:49:37Z	2166	2
2026-06-03T14:49:39Z	2162	0
2026-06-03T14:49:42Z	2167	2
2026-06-03T14:49:45Z	2169	2
2026-06-03T14:49:46Z	2163	0
2026-06-03T14:49:48Z	2170	2
2026-06-03T14:49:49Z	2171	2
2026-06-03T14:49:49Z	2164	0
2026-06-03T14:49:53Z	2172	2
2026-06-03T14:49:55Z	2173	2
2026-06-03T14:49:56Z	2175	2
2026-06-03T14:49:56Z	2174	2
2026-06-03T14:49:56Z	2176	2
2026-06-03T14:50:02Z	2165	0
2026-06-03T14:50:02Z	2178	2
2026-06-03T14:50:04Z	2180	2
2026-06-03T14:50:04Z	2179	2
2026-06-03T14:50:04Z	2181	2
2026-06-03T14:50:10Z	2183	2
2026-06-03T14:50:11Z	2184	2
2026-06-03T14:50:14Z	2185	2
2026-06-03T14:50:18Z	2187	2
2026-06-03T14:50:20Z	2188	2
2026-06-03T14:50:20Z	2189	2
2026-06-03T14:50:26Z	2191	2
2026-06-03T14:50:27Z	2192	2
2026-06-03T14:50:29Z	2168	0
2026-06-03T14:50:33Z	2193	2
2026-06-03T14:50:35Z	2177	0
2026-06-03T14:50:37Z	2195	2
2026-06-03T14:50:42Z	2196	2
2026-06-03T14:50:44Z	2198	2
2026-06-03T14:50:49Z	2199	2
2026-06-03T14:50:56Z	2182	0
2026-06-03T14:50:57Z	2201	2
2026-06-03T14:50:58Z	2186	0
2026-06-03T14:51:03Z	2202	2
2026-06-03T14:51:04Z	2204	2
2026-06-03T14:51:04Z	2203	2
2026-06-03T14:51:08Z	2190	0
2026-06-03T14:51:12Z	2207	2
2026-06-03T14:51:15Z	2194	0
2026-06-03T14:51:19Z	2209	2
2026-06-03T14:51:22Z	2210	2
2026-06-03T14:51:27Z	2200	0
2026-06-03T14:51:30Z	2197	0
2026-06-03T14:51:34Z	2213	2
2026-06-03T14:51:52Z	2208	0
2026-06-03T14:51:53Z	2205	0
2026-06-03T14:51:57Z	2206	0
2026-06-03T14:52:00Z	2217	2
2026-06-03T14:52:06Z	2211	0
2026-06-03T14:52:08Z	2219	2
2026-06-03T14:52:13Z	2212	0
2026-06-03T14:52:15Z	2221	2
2026-06-03T14:52:17Z	2214	0
2026-06-03T14:52:20Z	2222	2
2026-06-03T14:52:25Z	2225	2
2026-06-03T14:52:30Z	2215	0
2026-06-03T14:52:32Z	2226	2
2026-06-03T14:52:38Z	2227	2
2026-06-03T14:52:39Z	2228	2
2026-06-03T14:52:40Z	2216	0
2026-06-03T14:52:44Z	2218	0
2026-06-03T14:52:48Z	2231	2
2026-06-03T14:52:52Z	2232	2
2026-06-03T14:52:56Z	2220	0
2026-06-03T14:53:01Z	2235	2
2026-06-03T14:53:08Z	2223	0
2026-06-03T14:53:09Z	2224	0
2026-06-03T14:53:15Z	2238	2
2026-06-03T14:53:22Z	2239	2
2026-06-03T14:53:26Z	2229	0
2026-06-03T14:53:27Z	2230	0
2026-06-03T14:53:29Z	2240	2
2026-06-03T14:53:31Z	2233	0
2026-06-03T14:53:33Z	2242	2
2026-06-03T14:53:34Z	2241	2
2026-06-03T14:53:37Z	2243	2
2026-06-03T14:53:39Z	2244	2
2026-06-03T14:53:40Z	2234	0
2026-06-03T14:53:44Z	2246	2
2026-06-03T14:53:50Z	2236	0
2026-06-03T14:53:56Z	2237	0
2026-06-03T14:54:03Z	2252	2
2026-06-03T14:54:10Z	2253	2
2026-06-03T14:54:18Z	2254	2
2026-06-03T14:54:27Z	2255	2
2026-06-03T14:54:31Z	2248	0
2026-06-03T14:54:32Z	2247	0
2026-06-03T14:54:39Z	2245	0
2026-06-03T14:54:41Z	2249	0
2026-06-03T14:54:42Z	2258	2
2026-06-03T14:54:42Z	2257	2
2026-06-03T14:54:46Z	2250	0
2026-06-03T14:54:48Z	2251	0
2026-06-03T14:54:49Z	2259	2
2026-06-03T14:54:52Z	2261	2
2026-06-03T14:54:56Z	2264	2
2026-06-03T14:54:56Z	2263	2
2026-06-03T14:54:58Z	2265	2
2026-06-03T14:55:00Z	2266	2
2026-06-03T14:55:05Z	2268	2
2026-06-03T14:55:12Z	2271	2
2026-06-03T14:55:25Z	2256	0
2026-06-03T14:55:31Z	2273	2
2026-06-03T14:55:34Z	2262	0
2026-06-03T14:55:37Z	2274	2
2026-06-03T14:55:41Z	2275	2
2026-06-03T14:55:41Z	2260	0
2026-06-03T14:55:45Z	2270	0
2026-06-03T14:55:45Z	2276	2
2026-06-03T14:55:45Z	2267	0
2026-06-03T14:55:49Z	2269	0
2026-06-03T14:55:49Z	2277	2
2026-06-03T14:55:49Z	2278	2
2026-06-03T14:55:53Z	2279	2
2026-06-03T14:55:54Z	2281	2
2026-06-03T14:55:54Z	2280	2
2026-06-03T14:55:56Z	2283	2
2026-06-03T14:55:57Z	2284	2
2026-06-03T14:56:02Z	2287	2
2026-06-03T14:56:02Z	2272	0
2026-06-03T14:56:02Z	2286	2
2026-06-03T14:56:03Z	2288	2
2026-06-03T14:56:09Z	2290	2
2026-06-03T14:56:10Z	2291	2
2026-06-03T14:56:11Z	2292	2
2026-06-03T14:56:12Z	2293	2
2026-06-03T14:56:17Z	2296	2
2026-06-03T14:56:39Z	2282	0
2026-06-03T14:56:43Z	2285	0
2026-06-03T14:56:46Z	2299	2
2026-06-03T14:56:48Z	2289	0
2026-06-03T14:56:51Z	2294	0
2026-06-03T14:56:54Z	2301	2
2026-06-03T14:56:56Z	2302	2
2026-06-03T14:56:58Z	2303	2
2026-06-03T14:56:59Z	2297	0
2026-06-03T14:57:01Z	2304	2
2026-06-03T14:57:03Z	2295	0
2026-06-03T14:57:06Z	2307	2
2026-06-03T14:57:06Z	2298	0
2026-06-03T14:57:08Z	2306	2
2026-06-03T14:57:13Z	2312	2
2026-06-03T14:57:13Z	2311	2
2026-06-03T14:57:20Z	2313	2
2026-06-03T14:57:26Z	2315	2
2026-06-03T14:57:30Z	2300	0
2026-06-03T14:57:32Z	2316	2
2026-06-03T14:57:39Z	2318	2
2026-06-03T14:57:45Z	2319	2
2026-06-03T14:57:45Z	2310	0
2026-06-03T14:57:48Z	2305	0
2026-06-03T14:57:49Z	2308	0
2026-06-03T14:57:53Z	2321	2
2026-06-03T14:57:58Z	2323	2
2026-06-03T14:57:59Z	2309	0
2026-06-03T14:58:00Z	2314	0
2026-06-03T14:58:06Z	2327	2
2026-06-03T14:58:22Z	2317	0
2026-06-03T14:58:31Z	2322	0
2026-06-03T14:58:33Z	2320	0
2026-06-03T14:58:39Z	2324	0
2026-06-03T14:58:46Z	2332	2
2026-06-03T14:58:48Z	2325	0
2026-06-03T14:58:49Z	2326	0
2026-06-03T14:58:56Z	2334	2
2026-06-03T14:58:57Z	2328	0
2026-06-03T14:59:03Z	2336	2
2026-06-03T14:59:03Z	2337	2
2026-06-03T14:59:06Z	2329	0
2026-06-03T14:59:10Z	2338	2
2026-06-03T14:59:10Z	2339	2
2026-06-03T14:59:16Z	2330	0
2026-06-03T14:59:20Z	2331	0
2026-06-03T14:59:23Z	2343	2
2026-06-03T14:59:27Z	2344	2
2026-06-03T14:59:30Z	2345	2
2026-06-03T14:59:34Z	2346	2
2026-06-03T14:59:39Z	2333	0
2026-06-03T14:59:42Z	2335	0
2026-06-03T14:59:42Z	2348	2
2026-06-03T14:59:47Z	2349	2
2026-06-03T14:59:48Z	2351	2
2026-06-03T14:59:49Z	2350	2
2026-06-03T14:59:50Z	2340	0
2026-06-03T14:59:56Z	2342	0
2026-06-03T14:59:56Z	2353	2
2026-06-03T14:59:57Z	2355	2
2026-06-03T14:59:57Z	2354	2
2026-06-03T15:00:04Z	2356	2
2026-06-03T15:00:05Z	2359	2
2026-06-03T15:00:07Z	2341	0
2026-06-03T15:00:19Z	2347	0
2026-06-03T15:00:25Z	2363	2
2026-06-03T15:00:32Z	2364	2
2026-06-03T15:00:37Z	2365	2
2026-06-03T15:00:39Z	2357	0
2026-06-03T15:00:45Z	2361	0
2026-06-03T15:00:48Z	2352	0
2026-06-03T15:00:50Z	2358	0
2026-06-03T15:00:50Z	2360	0
2026-06-03T15:00:51Z	2368	2
2026-06-03T15:00:55Z	2369	2
2026-06-03T15:00:57Z	2371	2
2026-06-03T15:00:57Z	2370	2
2026-06-03T15:00:57Z	2372	2
2026-06-03T15:01:00Z	2362	0
2026-06-03T15:01:04Z	2374	2
2026-06-03T15:01:04Z	2376	2
2026-06-03T15:01:07Z	2375	2
2026-06-03T15:01:08Z	2377	2
2026-06-03T15:01:11Z	2378	2
2026-06-03T15:01:12Z	2379	2
2026-06-03T15:01:14Z	2381	2
2026-06-03T15:01:18Z	2382	2
2026-06-03T15:01:19Z	2383	2
2026-06-03T15:01:21Z	2384	2
2026-06-03T15:01:23Z	2367	0
2026-06-03T15:01:27Z	2386	2
2026-06-03T15:01:32Z	2388	2
2026-06-03T15:01:34Z	2366	0
2026-06-03T15:01:40Z	2391	2
2026-06-03T15:01:46Z	2392	2
2026-06-03T15:01:50Z	2373	0
2026-06-03T15:01:53Z	2380	0
2026-06-03T15:01:57Z	2394	2
2026-06-03T15:02:00Z	2395	2
2026-06-03T15:02:05Z	2396	2
2026-06-03T15:02:08Z	2397	2
2026-06-03T15:02:09Z	2387	0
2026-06-03T15:02:11Z	2389	0
2026-06-03T15:02:15Z	2399	2
2026-06-03T15:02:15Z	2385	0
2026-06-03T15:02:18Z	2400	2
2026-06-03T15:02:18Z	2401	2
2026-06-03T15:02:21Z	2390	0
2026-06-03T15:02:23Z	2402	2
2026-06-03T15:02:29Z	2407	2
2026-06-03T15:02:37Z	2408	2
2026-06-03T15:02:44Z	2409	2
2026-06-03T15:02:47Z	2393	0
2026-06-03T15:02:51Z	2410	2
2026-06-03T15:02:51Z	2398	0
2026-06-03T15:02:54Z	2411	2
2026-06-03T15:02:59Z	2413	2
2026-06-03T15:02:59Z	2414	2
2026-06-03T15:03:06Z	2405	0
2026-06-03T15:03:07Z	2404	0
2026-06-03T15:03:10Z	2403	0
2026-06-03T15:03:10Z	2406	0
2026-06-03T15:03:13Z	2417	2
2026-06-03T15:03:14Z	2418	2
2026-06-03T15:03:17Z	2419	2
2026-06-03T15:03:17Z	2420	2
2026-06-03T15:03:22Z	2422	2
2026-06-03T15:03:25Z	2424	2
2026-06-03T15:03:25Z	2423	2
2026-06-03T15:03:29Z	2425	2
2026-06-03T15:03:32Z	2426	2
2026-06-03T15:03:33Z	2427	2
2026-06-03T15:03:44Z	2415	0
2026-06-03T15:03:44Z	2412	0
2026-06-03T15:03:50Z	2431	2
2026-06-03T15:03:51Z	2416	0
2026-06-03T15:03:51Z	2432	2
2026-06-03T15:03:59Z	2434	2
2026-06-03T15:04:03Z	2421	0
2026-06-03T15:04:06Z	2436	2
2026-06-03T15:04:09Z	2437	2
2026-06-03T15:04:13Z	2429	0
2026-06-03T15:04:14Z	2438	2
2026-06-03T15:04:18Z	2428	0
2026-06-03T15:04:19Z	2440	2
2026-06-03T15:04:26Z	2443	2
2026-06-03T15:04:29Z	2430	0
2026-06-03T15:04:33Z	2444	2
2026-06-03T15:04:36Z	2445	2
2026-06-03T15:04:37Z	2435	0
2026-06-03T15:04:41Z	2433	0
2026-06-03T15:04:44Z	2447	2
2026-06-03T15:04:48Z	2449	2
2026-06-03T15:04:54Z	2439	0
2026-06-03T15:05:00Z	2452	2
2026-06-03T15:05:03Z	2442	0
2026-06-03T15:05:07Z	2453	2
2026-06-03T15:05:07Z	2441	0
2026-06-03T15:05:13Z	2455	2
2026-06-03T15:05:22Z	2446	0
2026-06-03T15:05:24Z	2448	0
2026-06-03T15:05:29Z	2458	2
2026-06-03T15:05:29Z	2450	0
2026-06-03T15:05:31Z	2459	2
2026-06-03T15:05:37Z	2451	0
2026-06-03T15:05:38Z	2461	2
2026-06-03T15:05:38Z	2462	2
2026-06-03T15:05:43Z	2463	2
2026-06-03T15:05:45Z	2465	2
2026-06-03T15:05:51Z	2466	2
2026-06-03T15:05:51Z	2467	2
2026-06-03T15:05:56Z	2454	0
2026-06-03T15:05:57Z	2456	0
2026-06-03T15:05:58Z	2468	2
2026-06-03T15:06:01Z	2457	0
2026-06-03T15:06:04Z	2470	2
2026-06-03T15:06:06Z	2471	2
2026-06-03T15:06:06Z	2472	2
2026-06-03T15:06:08Z	2473	2
2026-06-03T15:06:14Z	2476	2
2026-06-03T15:06:14Z	2475	2
2026-06-03T15:06:15Z	2477	2
2026-06-03T15:06:21Z	2479	2
2026-06-03T15:06:21Z	2480	2
2026-06-03T15:06:22Z	2460	0
2026-06-03T15:06:25Z	2464	0
2026-06-03T15:06:28Z	2481	2
2026-06-03T15:06:32Z	2484	2
2026-06-03T15:06:36Z	2485	2
2026-06-03T15:06:39Z	2469	0
2026-06-03T15:06:40Z	2486	2
2026-06-03T15:06:47Z	2488	2
2026-06-03T15:06:47Z	2489	2
2026-06-03T15:06:55Z	2490	2
2026-06-03T15:07:01Z	2492	2
2026-06-03T15:07:08Z	2493	2
2026-06-03T15:07:10Z	2483	0
2026-06-03T15:07:10Z	2478	0
2026-06-03T15:07:16Z	2494	2
2026-06-03T15:07:16Z	2496	2
2026-06-03T15:07:18Z	2482	0
2026-06-03T15:07:22Z	2498	2
2026-06-03T15:07:23Z	2497	2
2026-06-03T15:07:26Z	2499	2
2026-06-03T15:07:28Z	2474	0
2026-06-03T15:07:33Z	2487	0
2026-06-03T15:07:34Z	2503	2
2026-06-03T15:07:37Z	2491	0
2026-06-03T15:07:41Z	2505	2
2026-06-03T15:07:55Z	2495	0
2026-06-03T15:08:02Z	2508	2
2026-06-03T15:08:08Z	2500	0
2026-06-03T15:08:10Z	2509	2
2026-06-03T15:08:12Z	2502	0
2026-06-03T15:08:14Z	2501	0
2026-06-03T15:08:19Z	2512	2
2026-06-03T15:08:19Z	2504	0
2026-06-03T15:08:21Z	2513	2
2026-06-03T15:08:22Z	2506	0
2026-06-03T15:08:28Z	2514	2
2026-06-03T15:08:29Z	2516	2
2026-06-03T15:08:36Z	2519	2
2026-06-03T15:08:40Z	2507	0
2026-06-03T15:08:44Z	2520	2
2026-06-03T15:08:57Z	2510	0
2026-06-03T15:08:57Z	2511	0
2026-06-03T15:09:03Z	2523	2
2026-06-03T15:09:04Z	2524	2
2026-06-03T15:09:07Z	2515	0
2026-06-03T15:09:11Z	2525	2
2026-06-03T15:09:12Z	2526	2
2026-06-03T15:09:18Z	2528	2
2026-06-03T15:09:19Z	2529	2
2026-06-03T15:09:20Z	2518	0
2026-06-03T15:09:21Z	2517	0
2026-06-03T15:09:24Z	2530	2
2026-06-03T15:09:27Z	2533	2
2026-06-03T15:09:27Z	2531	2
2026-06-03T15:09:28Z	2532	2
2026-06-03T15:09:32Z	2522	0
2026-06-03T15:09:33Z	2534	2
2026-06-03T15:09:34Z	2521	0
2026-06-03T15:09:34Z	2535	2
2026-06-03T15:09:36Z	2537	2
2026-06-03T15:09:37Z	2536	2
2026-06-03T15:09:39Z	2538	2
2026-06-03T15:09:41Z	2539	2
2026-06-03T15:09:42Z	2540	2
2026-06-03T15:09:43Z	2541	2
2026-06-03T15:09:44Z	2542	2
2026-06-03T15:09:45Z	2543	2
2026-06-03T15:09:47Z	2544	2
2026-06-03T15:09:50Z	2545	2
2026-06-03T15:09:52Z	2547	2
2026-06-03T15:09:55Z	2550	2
2026-06-03T15:09:58Z	2552	2
2026-06-03T15:10:02Z	2553	2
2026-06-03T15:10:05Z	2527	0
2026-06-03T15:10:06Z	2554	2
2026-06-03T15:10:10Z	2555	2
2026-06-03T15:10:14Z	2557	2
2026-06-03T15:10:20Z	2558	2
2026-06-03T15:10:23Z	2559	2
2026-06-03T15:10:37Z	2549	0
2026-06-03T15:10:40Z	2546	0
2026-06-03T15:10:41Z	2551	0
2026-06-03T15:10:43Z	2548	0
2026-06-03T15:10:45Z	2562	2
2026-06-03T15:10:48Z	2564	2
2026-06-03T15:10:51Z	2565	2
2026-06-03T15:10:52Z	2566	2
2026-06-03T15:10:57Z	2556	0
2026-06-03T15:10:58Z	2568	2
2026-06-03T15:11:00Z	2569	2
2026-06-03T15:11:05Z	2570	2
2026-06-03T15:11:13Z	2560	0
2026-06-03T15:11:19Z	2574	2
2026-06-03T15:11:22Z	2561	0
2026-06-03T15:11:25Z	2575	2
2026-06-03T15:11:29Z	2563	0
2026-06-03T15:11:29Z	2576	2
2026-06-03T15:11:31Z	2577	2
2026-06-03T15:11:39Z	2567	0
2026-06-03T15:11:43Z	2571	0
2026-06-03T15:11:44Z	2581	2
2026-06-03T15:11:45Z	2572	0
2026-06-03T15:11:45Z	2573	0
2026-06-03T15:11:51Z	2582	2
2026-06-03T15:11:53Z	2583	2
2026-06-03T15:11:53Z	2585	2
2026-06-03T15:12:00Z	2587	2
2026-06-03T15:12:05Z	2589	2
2026-06-03T15:12:19Z	2580	0
2026-06-03T15:12:23Z	2579	0
2026-06-03T15:12:25Z	2591	2
2026-06-03T15:12:26Z	2578	0
2026-06-03T15:12:28Z	2584	0
2026-06-03T15:12:31Z	2592	2
2026-06-03T15:12:33Z	2594	2
2026-06-03T15:12:35Z	2595	2
2026-06-03T15:12:39Z	2588	0
2026-06-03T15:12:39Z	2596	2
2026-06-03T15:12:41Z	2597	2
2026-06-03T15:12:42Z	2598	2
2026-06-03T15:12:46Z	2600	2
2026-06-03T15:12:49Z	2601	2
2026-06-03T15:12:50Z	2602	2
2026-06-03T15:12:50Z	2586	0
2026-06-03T15:12:54Z	2603	2
2026-06-03T15:12:54Z	2590	0
2026-06-03T15:12:58Z	2605	2
2026-06-03T15:13:01Z	2607	2
2026-06-03T15:13:05Z	2609	2
2026-06-03T15:13:07Z	2610	2
2026-06-03T15:13:11Z	2611	2
2026-06-03T15:13:12Z	2593	0
2026-06-03T15:13:19Z	2614	2
2026-06-03T15:13:25Z	2615	2
2026-06-03T15:13:26Z	2599	0
2026-06-03T15:13:32Z	2604	0
2026-06-03T15:13:34Z	2616	2
2026-06-03T15:13:34Z	2617	2
2026-06-03T15:13:39Z	2608	0
2026-06-03T15:13:39Z	2606	0
2026-06-03T15:13:41Z	2619	2
2026-06-03T15:13:46Z	2621	2
2026-06-03T15:13:49Z	2623	2
2026-06-03T15:13:52Z	2612	0
2026-06-03T15:13:53Z	2624	2
2026-06-03T15:13:55Z	2625	2
2026-06-03T15:13:56Z	2613	0
2026-06-03T15:14:01Z	2628	2
2026-06-03T15:14:08Z	2630	2
2026-06-03T15:14:15Z	2631	2
2026-06-03T15:14:16Z	2620	0
2026-06-03T15:14:23Z	2633	2
2026-06-03T15:14:26Z	2622	0
2026-06-03T15:14:27Z	2618	0
2026-06-03T15:14:31Z	2634	2
2026-06-03T15:14:42Z	2629	0
2026-06-03T15:14:45Z	2627	0
2026-06-03T15:14:52Z	2626	0
2026-06-03T15:14:52Z	2639	2
2026-06-03T15:14:59Z	2640	2
2026-06-03T15:14:59Z	2632	0
2026-06-03T15:15:00Z	2641	2
2026-06-03T15:15:06Z	2642	2
2026-06-03T15:15:11Z	2636	0
2026-06-03T15:15:12Z	2645	2
2026-06-03T15:15:18Z	2635	0
2026-06-03T15:15:21Z	2637	0
2026-06-03T15:15:24Z	2648	2
2026-06-03T15:15:31Z	2650	2
2026-06-03T15:15:36Z	2638	0
2026-06-03T15:15:38Z	2651	2
2026-06-03T15:15:46Z	2653	2
2026-06-03T15:15:46Z	2644	0
2026-06-03T15:15:48Z	2643	0
2026-06-03T15:15:53Z	2655	2
2026-06-03T15:15:57Z	2647	0
2026-06-03T15:16:00Z	2657	2
2026-06-03T15:16:03Z	2646	0
2026-06-03T15:16:05Z	2658	2
2026-06-03T15:16:07Z	2659	2
2026-06-03T15:16:10Z	2660	2
2026-06-03T15:16:11Z	2649	0
2026-06-03T15:16:16Z	2662	2
2026-06-03T15:16:16Z	2663	2
2026-06-03T15:16:19Z	2664	2
2026-06-03T15:16:24Z	2665	2
2026-06-03T15:16:30Z	2652	0
2026-06-03T15:16:31Z	2668	2
2026-06-03T15:16:36Z	2656	0
2026-06-03T15:16:36Z	2669	2
2026-06-03T15:16:37Z	2654	0
2026-06-03T15:16:43Z	2671	2
2026-06-03T15:16:45Z	2672	2
2026-06-03T15:16:50Z	2674	2
2026-06-03T15:16:51Z	2675	2
2026-06-03T15:16:56Z	2661	0
2026-06-03T15:16:58Z	2676	2
2026-06-03T15:17:03Z	2678	2
2026-06-03T15:17:09Z	2667	0
2026-06-03T15:17:12Z	2666	0
2026-06-03T15:17:16Z	2681	2
2026-06-03T15:17:18Z	2682	2
2026-06-03T15:17:19Z	2670	0
2026-06-03T15:17:23Z	2683	2
2026-06-03T15:17:24Z	2673	0
2026-06-03T15:17:27Z	2685	2
2026-06-03T15:17:27Z	2684	2
2026-06-03T15:17:30Z	2686	2
2026-06-03T15:17:33Z	2688	2
2026-06-03T15:17:34Z	2677	0
2026-06-03T15:17:35Z	2689	2
2026-06-03T15:17:38Z	2690	2
2026-06-03T15:17:41Z	2691	2
2026-06-03T15:17:43Z	2692	2
2026-06-03T15:17:45Z	2679	0
2026-06-03T15:17:45Z	2694	2
2026-06-03T15:17:51Z	2696	2
2026-06-03T15:17:52Z	2698	2
2026-06-03T15:17:53Z	2680	0
2026-06-03T15:17:53Z	2697	2
2026-06-03T15:18:01Z	2700	2
2026-06-03T15:18:03Z	2702	2
2026-06-03T15:18:09Z	2703	2
2026-06-03T15:18:10Z	2704	2
2026-06-03T15:18:16Z	2705	2
2026-06-03T15:18:16Z	2706	2
2026-06-03T15:18:18Z	2687	0
2026-06-03T15:18:23Z	2707	2
2026-06-03T15:18:24Z	2693	0
2026-06-03T15:18:24Z	2708	2
2026-06-03T15:18:32Z	2711	2
2026-06-03T15:18:37Z	2695	0
2026-06-03T15:18:37Z	2701	0
2026-06-03T15:18:39Z	2713	2
2026-06-03T15:18:43Z	2699	0
2026-06-03T15:18:45Z	2714	2
2026-06-03T15:18:45Z	2715	2
2026-06-03T15:18:47Z	2716	2
2026-06-03T15:18:50Z	2717	2
2026-06-03T15:18:52Z	2718	2
2026-06-03T15:18:52Z	2719	2
2026-06-03T15:18:55Z	2720	2
2026-06-03T15:18:57Z	2721	2
2026-06-03T15:19:00Z	2723	2
2026-06-03T15:19:03Z	2724	2
2026-06-03T15:19:04Z	2725	2
2026-06-03T15:19:08Z	2712	0
2026-06-03T15:19:08Z	2726	2
2026-06-03T15:19:10Z	2727	2
2026-06-03T15:19:12Z	2728	2
2026-06-03T15:19:16Z	2730	2
2026-06-03T15:19:16Z	2729	2
2026-06-03T15:19:17Z	2731	2
2026-06-03T15:19:20Z	2709	0
2026-06-03T15:19:21Z	2710	0
2026-06-03T15:19:21Z	2732	2
2026-06-03T15:19:24Z	2733	2
2026-06-03T15:19:24Z	2734	2
2026-06-03T15:19:28Z	2736	2
2026-06-03T15:19:29Z	2737	2
2026-06-03T15:19:31Z	2739	2
2026-06-03T15:19:35Z	2741	2
2026-06-03T15:19:36Z	2742	2
2026-06-03T15:19:38Z	2743	2
2026-06-03T15:19:41Z	2744	2
2026-06-03T15:19:42Z	2722	0
2026-06-03T15:19:44Z	2745	2
2026-06-03T15:19:49Z	2747	2
2026-06-03T15:19:49Z	2748	2
2026-06-03T15:19:52Z	2749	2
2026-06-03T15:19:56Z	2750	2
2026-06-03T15:19:58Z	2751	2
2026-06-03T15:19:59Z	2752	2
2026-06-03T15:20:06Z	2755	2
2026-06-03T15:20:10Z	2738	0
2026-06-03T15:20:12Z	2735	0
2026-06-03T15:20:14Z	2740	0
2026-06-03T15:20:14Z	2756	2
2026-06-03T15:20:18Z	2757	2
2026-06-03T15:20:20Z	2758	2
2026-06-03T15:20:22Z	2759	2
2026-06-03T15:20:29Z	2763	2
2026-06-03T15:20:32Z	2746	0
2026-06-03T15:20:35Z	2764	2
2026-06-03T15:20:39Z	2765	2
2026-06-03T15:20:40Z	2754	0
2026-06-03T15:20:41Z	2753	0
2026-06-03T15:20:41Z	2766	2
2026-06-03T15:20:47Z	2767	2
2026-06-03T15:20:48Z	2768	2
2026-06-03T15:20:49Z	2769	2
2026-06-03T15:20:55Z	2771	2
2026-06-03T15:20:55Z	2773	2
2026-06-03T15:21:01Z	2774	2
2026-06-03T15:21:02Z	2760	0
2026-06-03T15:21:03Z	2775	2
2026-06-03T15:21:04Z	2761	0
2026-06-03T15:21:10Z	2777	2
2026-06-03T15:21:10Z	2778	2
2026-06-03T15:21:10Z	2779	2
2026-06-03T15:21:13Z	2762	0
2026-06-03T15:21:17Z	2782	2
2026-06-03T15:21:24Z	2784	2
2026-06-03T15:21:31Z	2770	0
2026-06-03T15:21:36Z	2786	2
2026-06-03T15:21:42Z	2772	0
2026-06-03T15:21:43Z	2787	2
2026-06-03T15:21:49Z	2788	2
2026-06-03T15:21:50Z	2789	2
2026-06-03T15:21:53Z	2776	0
2026-06-03T15:21:55Z	2790	2
2026-06-03T15:21:58Z	2791	2
2026-06-03T15:22:00Z	2783	0
2026-06-03T15:22:01Z	2792	2
2026-06-03T15:22:01Z	2780	0
2026-06-03T15:22:06Z	2794	2
2026-06-03T15:22:07Z	2781	0
2026-06-03T15:22:12Z	2785	0
2026-06-03T15:22:13Z	2798	2
2026-06-03T15:22:19Z	2800	2
2026-06-03T15:22:27Z	2802	2
2026-06-03T15:22:32Z	2803	2
2026-06-03T15:22:39Z	2804	2
2026-06-03T15:22:46Z	2795	0
2026-06-03T15:22:47Z	2805	2
2026-06-03T15:22:50Z	2793	0
2026-06-03T15:22:51Z	2806	2
2026-06-03T15:22:54Z	2797	0
2026-06-03T15:22:54Z	2807	2
2026-06-03T15:22:57Z	2808	2
2026-06-03T15:22:58Z	2801	0
2026-06-03T15:22:58Z	2799	0
2026-06-03T15:22:59Z	2809	2
2026-06-03T15:23:01Z	2796	0
2026-06-03T15:23:01Z	2811	2
2026-06-03T15:23:05Z	2812	2
2026-06-03T15:23:07Z	2815	2
2026-06-03T15:23:07Z	2814	2
2026-06-03T15:23:08Z	2816	2
2026-06-03T15:23:09Z	2817	2
2026-06-03T15:23:15Z	2819	2
2026-06-03T15:23:16Z	2822	2
2026-06-03T15:23:22Z	2823	2
2026-06-03T15:23:24Z	2824	2
2026-06-03T15:23:29Z	2825	2
2026-06-03T15:23:30Z	2826	2
2026-06-03T15:23:36Z	2827	2
2026-06-03T15:23:43Z	2829	2
2026-06-03T15:23:44Z	2810	0
2026-06-03T15:23:51Z	2831	2
2026-06-03T15:23:53Z	2813	0
2026-06-03T15:23:58Z	2820	0
2026-06-03T15:23:58Z	2821	0
2026-06-03T15:23:58Z	2832	2
2026-06-03T15:24:02Z	2833	2
2026-06-03T15:24:03Z	2818	0
2026-06-03T15:24:05Z	2834	2
2026-06-03T15:24:05Z	2835	2
2026-06-03T15:24:06Z	2836	2
2026-06-03T15:24:07Z	2837	2
2026-06-03T15:24:18Z	2828	0
2026-06-03T15:24:19Z	2830	0
