seed,run_id,mobility,status,rejection_reason,rejected_at_s,probe_captured,avg_neighbor_count,std_neighbor_count,min_neighbor_count,max_neighbor_count,avg_two_hop_count,std_two_hop_count,avg_routing_table_size,std_routing_table_size,fully_converged_nodes,node1_is_neighbor_of_node0,avg_min_euclidean_dist
1,1,0,rejected,assert_connectivity,60.000000,1,6.240000,3.095545,0.000000,12.000000,8.400000,4.779121,47.040000,6.720000,0,0,60.286439
5,5,0,rejected,assert_connectivity,60.000000,1,5.920000,2.415285,0.000000,12.000000,6.920000,4.039010,39.840000,12.485768,0,0,61.863788
3,3,0,rejected,assert_connectivity,60.000000,1,5.400000,2.244994,1.000000,11.000000,6.520000,3.232584,45.160000,9.014122,0,0,70.479147
6,6,0,rejected,assert_connectivity,60.000000,1,6.440000,3.131517,1.000000,13.000000,7.360000,4.385248,40.000000,12.000000,0,0,60.352771
4,4,0,rejected,assert_connectivity,60.000000,1,6.320000,2.587972,0.000000,11.000000,7.560000,3.430219,43.280000,10.766689,0,0,69.564370
10,10,0,rejected,assert_connectivity,60.000000,1,5.640000,2.496077,0.000000,10.000000,7.560000,3.516589,47.040000,6.720000,0,0,73.541554
11,11,0,rejected,assert_connectivity,60.000000,1,7.200000,3.826225,1.000000,16.000000,9.160000,5.703893,40.000000,12.000000,0,0,63.169865
13,13,0,rejected,too_close,60.000000,1,5.920000,2.373521,1.000000,10.000000,8.720000,4.400182,49.000000,0.000000,50,1,74.163121
14,14,0,rejected,assert_connectivity,60.000000,1,4.840000,2.138785,0.000000,9.000000,5.360000,3.284874,41.520000,11.803796,0,0,69.274817
15,15,0,rejected,assert_connectivity,60.000000,1,5.320000,1.815930,1.000000,9.000000,6.960000,3.841666,41.640000,11.394314,0,0,64.005092
16,16,0,rejected,too_close,60.000000,1,5.640000,2.567177,1.000000,12.000000,7.240000,3.530212,49.000000,0.000000,50,0,67.852884
17,17,0,rejected,assert_connectivity,60.000000,1,5.920000,2.711752,0.000000,10.000000,6.880000,3.575696,47.040000,6.720000,0,0,60.415488
19,19,0,rejected,assert_connectivity,60.000000,1,5.680000,2.730861,1.000000,12.000000,5.960000,4.093702,30.640000,13.860390,0,0,76.141612
20,20,0,rejected,assert_connectivity,60.000000,1,5.440000,2.325167,1.000000,10.000000,6.880000,3.203998,45.160000,9.014122,0,0,67.777051
21,21,0,rejected,assert_connectivity,60.000000,1,6.600000,2.877499,0.000000,12.000000,8.960000,4.560526,47.040000,6.720000,0,1,72.293897
22,22,0,rejected,assert_connectivity,60.000000,1,5.280000,1.732513,2.000000,9.000000,5.120000,3.845205,36.960000,12.491533,0,0,59.870205
9,9,0,accepted,none,0.000000,1,5.680000,2.130164,2.000000,9.000000,6.160000,2.802570,49.000000,0.000000,50,0,59.408642
8,8,0,accepted,none,0.000000,1,5.400000,1.907878,2.000000,9.000000,5.880000,2.294690,49.000000,0.000000,50,0,62.675655
23,23,0,rejected,assert_connectivity,60.000000,1,6.400000,3.655133,0.000000,13.000000,7.800000,4.857983,47.040000,6.720000,0,0,80.551743
2,2,0,accepted,none,0.000000,1,5.920000,2.207623,1.000000,10.000000,8.520000,3.971096,49.000000,0.000000,50,0,70.998375
25,25,0,rejected,assert_connectivity,60.000000,1,6.360000,3.333227,0.000000,13.000000,10.080000,4.824272,45.120000,9.210081,0,0,72.417177
26,26,0,rejected,assert_connectivity,60.000000,1,5.600000,2.323790,0.000000,12.000000,7.920000,4.288776,47.040000,6.720000,0,1,65.489310
27,27,0,rejected,assert_connectivity,60.000000,1,7.520000,2.765791,0.000000,12.000000,8.800000,4.911212,47.040000,6.720000,0,0,56.153673
12,12,0,accepted,none,0.000000,1,5.640000,2.755068,1.000000,11.000000,7.520000,3.232584,49.000000,0.000000,50,0,82.711918
7,7,0,accepted,none,0.000000,1,7.760000,3.355950,1.000000,14.000000,9.600000,4.237924,49.000000,0.000000,50,0,61.335085
29,29,0,rejected,assert_connectivity,60.000000,1,6.400000,3.826225,0.000000,14.000000,7.560000,4.181674,41.520000,11.803796,0,0,62.742349
30,30,0,rejected,assert_connectivity,60.000000,1,7.000000,4.147288,0.000000,14.000000,7.800000,3.908964,47.040000,6.720000,0,0,63.616309
32,32,0,rejected,assert_connectivity,60.000000,1,6.040000,2.576509,0.000000,11.000000,8.400000,3.382307,47.040000,6.720000,0,1,66.097699
33,33,0,rejected,assert_connectivity,60.000000,1,5.440000,2.255305,2.000000,10.000000,5.960000,3.504055,41.640000,11.394314,0,0,62.097532
34,34,0,rejected,assert_connectivity,60.000000,1,6.200000,3.206244,0.000000,13.000000,7.680000,4.211603,43.280000,10.766689,0,0,65.010611
36,36,0,rejected,assert_connectivity,60.000000,1,5.520000,2.325855,0.000000,10.000000,6.640000,3.553927,47.040000,6.720000,0,0,64.198608
37,37,0,rejected,assert_connectivity,60.000000,1,6.320000,3.114097,0.000000,13.000000,7.720000,3.815966,47.040000,6.720000,0,0,69.200593
38,38,0,rejected,assert_connectivity,60.000000,1,6.320000,3.775924,1.000000,14.000000,8.520000,5.235418,34.760000,14.303230,0,0,61.005326
18,18,0,accepted,none,0.000000,1,6.800000,3.046309,1.000000,13.000000,9.760000,4.072149,49.000000,0.000000,50,0,52.704149
39,39,0,rejected,assert_connectivity,60.000000,1,5.720000,2.835771,2.000000,12.000000,6.760000,3.886181,43.360000,10.449421,0,0,54.549577
40,40,0,rejected,assert_connectivity,60.000000,1,6.200000,2.856571,0.000000,12.000000,7.480000,3.689119,47.040000,6.720000,0,0,71.156393
41,41,0,rejected,assert_connectivity,60.000000,1,5.840000,2.516823,0.000000,11.000000,8.080000,3.814918,47.040000,6.720000,0,0,66.974039
44,44,0,rejected,too_close,60.000000,1,6.320000,2.935575,1.000000,12.000000,9.560000,4.459417,49.000000,0.000000,50,0,70.877896
24,24,0,accepted,none,0.000000,1,5.640000,2.287007,2.000000,10.000000,7.080000,3.260920,49.000000,0.000000,50,0,69.415490
28,28,0,accepted,none,0.000000,1,5.040000,1.720000,2.000000,9.000000,6.920000,3.097354,49.000000,0.000000,50,0,64.280876
46,46,0,rejected,assert_connectivity,60.000000,1,7.960000,3.649438,1.000000,13.000000,8.160000,5.304187,29.680000,13.088071,0,0,68.962505
48,48,0,rejected,assert_connectivity,60.000000,1,6.080000,2.504716,1.000000,11.000000,5.880000,3.326500,40.000000,12.000000,0,0,56.377756
35,35,0,accepted,none,0.000000,1,5.440000,1.790642,1.000000,9.000000,7.240000,3.403293,49.000000,0.000000,50,0,68.442699
31,31,0,accepted,none,0.000000,1,6.280000,2.623280,1.000000,12.000000,9.240000,3.728592,49.000000,0.000000,50,0,64.259098
50,50,0,rejected,assert_connectivity,60.000000,1,7.400000,3.280244,0.000000,14.000000,7.240000,3.265333,47.040000,6.720000,0,0,58.669209
51,51,0,rejected,assert_connectivity,60.000000,1,6.080000,3.084412,0.000000,11.000000,8.440000,3.430219,47.040000,6.720000,0,0,69.601296
52,52,0,rejected,assert_connectivity,60.000000,1,5.200000,1.928730,1.000000,9.000000,5.240000,3.301878,45.160000,9.014122,0,0,66.559193
53,53,0,rejected,too_close,60.000000,1,4.920000,1.831284,1.000000,9.000000,4.640000,1.926240,49.000000,0.000000,50,1,66.286517
54,54,0,rejected,assert_connectivity,60.000000,1,5.880000,2.754197,1.000000,11.000000,7.280000,3.498800,39.760000,12.720943,0,0,56.796110
55,55,0,rejected,assert_connectivity,60.000000,1,5.960000,3.130240,0.000000,12.000000,6.120000,3.010913,47.040000,6.720000,0,0,66.383344
43,43,0,accepted,none,0.000000,1,5.240000,1.691863,1.000000,9.000000,6.880000,3.362380,49.000000,0.000000,50,0,61.361878
45,45,0,accepted,none,0.000000,1,5.480000,2.109407,1.000000,9.000000,5.400000,3.364521,49.000000,0.000000,50,0,65.498329
57,57,0,rejected,assert_connectivity,60.000000,1,5.760000,2.990385,1.000000,12.000000,6.880000,3.922448,43.360000,10.449421,0,0,67.725698
59,59,0,rejected,assert_connectivity,60.000000,1,5.360000,2.674023,1.000000,13.000000,5.720000,3.124356,43.360000,10.449421,0,0,63.621257
58,58,0,rejected,assert_connectivity,60.000000,1,6.640000,2.733203,2.000000,11.000000,8.880000,4.087248,43.360000,10.449421,0,1,69.882854
60,60,0,rejected,assert_connectivity,60.000000,1,5.560000,1.920000,0.000000,9.000000,7.760000,2.949983,47.040000,6.720000,0,0,74.793491
42,42,0,accepted,none,0.000000,1,6.320000,3.838958,1.000000,15.000000,7.720000,3.990188,49.000000,0.000000,50,0,69.118422
61,61,0,rejected,assert_connectivity,60.000000,1,5.920000,2.855451,1.000000,12.000000,6.120000,3.462023,45.160000,9.014122,0,0,66.383779
47,47,0,accepted,none,0.000000,1,6.600000,3.394113,2.000000,15.000000,7.920000,4.175356,49.000000,0.000000,50,0,61.640106
49,49,0,accepted,none,0.000000,1,6.720000,3.006925,2.000000,12.000000,9.280000,4.626186,49.000000,0.000000,50,0,58.593798
68,68,0,rejected,assert_connectivity,60.000000,1,6.880000,3.043945,1.000000,12.000000,9.880000,4.541542,41.640000,11.394314,0,0,64.328026
56,56,0,accepted,none,0.000000,1,5.480000,2.146998,1.000000,11.000000,7.040000,3.123844,49.000000,0.000000,50,0,69.155011
69,69,0,rejected,assert_connectivity,60.000000,1,6.400000,3.352611,1.000000,14.000000,8.000000,4.882622,41.640000,11.394314,0,0,66.458013
70,70,0,rejected,too_close,60.000000,1,6.240000,2.565619,2.000000,12.000000,7.840000,4.323702,49.000000,0.000000,50,0,64.563683
71,71,0,rejected,assert_connectivity,60.000000,1,5.960000,2.966210,1.000000,11.000000,7.760000,3.797684,45.160000,9.014122,0,0,61.854177
72,72,0,rejected,assert_connectivity,60.000000,1,5.960000,2.925474,2.000000,16.000000,6.800000,3.867816,43.360000,10.449421,0,0,60.700005
64,64,0,accepted,none,0.000000,1,5.960000,1.938659,2.000000,10.000000,7.360000,3.374967,49.000000,0.000000,50,0,60.429171
66,66,0,accepted,none,0.000000,1,5.480000,2.183941,2.000000,11.000000,6.520000,3.694537,49.000000,0.000000,50,0,62.923717
65,65,0,accepted,none,0.000000,1,6.000000,1.833030,2.000000,11.000000,7.800000,2.771281,49.000000,0.000000,50,0,62.065294
62,62,0,accepted,none,0.000000,1,6.200000,2.727636,1.000000,12.000000,7.720000,2.705846,49.000000,0.000000,50,0,70.003345
63,63,0,accepted,none,0.000000,1,7.480000,3.287796,1.000000,16.000000,9.520000,4.040990,49.000000,0.000000,50,0,60.548096
74,74,0,rejected,assert_connectivity,60.000000,1,7.560000,3.225895,1.000000,14.000000,7.240000,3.987781,45.160000,9.014122,0,1,57.824896
76,76,0,rejected,assert_connectivity,60.000000,1,8.000000,4.004997,0.000000,16.000000,9.800000,4.390900,47.040000,6.720000,0,0,69.143222
79,79,0,rejected,assert_connectivity,60.000000,1,6.480000,3.176413,0.000000,13.000000,7.440000,3.645051,27.440000,10.176758,0,0,69.610297
78,78,0,rejected,too_close,60.000000,1,6.160000,2.361017,1.000000,12.000000,7.720000,4.064677,49.000000,0.000000,50,0,62.870062
81,81,0,rejected,too_close,60.000000,1,6.200000,2.675818,1.000000,13.000000,9.320000,3.663004,49.000000,0.000000,50,0,63.403951
67,67,0,accepted,none,0.000000,1,6.440000,2.736129,1.000000,12.000000,9.800000,3.622154,49.000000,0.000000,50,0,61.771808
83,83,0,rejected,too_close,60.000000,1,5.680000,2.866636,1.000000,12.000000,8.520000,3.869057,49.000000,0.000000,50,1,68.544363
85,85,0,rejected,assert_connectivity,60.000000,1,6.760000,2.596613,1.000000,12.000000,8.520000,3.628994,41.640000,11.394314,0,0,61.135107
86,86,0,rejected,assert_connectivity,60.000000,1,5.640000,2.582712,0.000000,12.000000,5.960000,3.286092,43.280000,10.766689,0,0,65.570306
87,87,0,rejected,assert_connectivity,60.000000,1,5.440000,2.021485,0.000000,9.000000,6.720000,2.727930,47.040000,6.720000,0,0,66.677249
88,88,0,rejected,too_close,60.000000,1,5.480000,1.951820,2.000000,10.000000,7.440000,3.060457,49.000000,0.000000,50,0,67.008718
73,73,0,accepted,none,0.000000,1,5.320000,1.933287,1.000000,10.000000,7.200000,3.566511,49.000000,0.000000,50,0,67.251183
89,89,0,rejected,assert_connectivity,60.000000,1,6.640000,3.005062,0.000000,12.000000,8.360000,4.564033,43.280000,10.766689,0,0,65.824913
90,90,0,rejected,assert_connectivity,60.000000,1,6.240000,2.909020,1.000000,12.000000,8.840000,4.679145,36.960000,12.491533,0,0,65.909676
91,91,0,rejected,assert_connectivity,60.000000,1,6.360000,2.364403,1.000000,11.000000,6.320000,3.139682,34.240000,12.293999,0,0,55.765248
93,93,0,rejected,assert_connectivity,60.000000,1,5.120000,1.850838,2.000000,10.000000,7.320000,4.096047,38.440000,12.348538,0,0,67.477789
92,92,0,rejected,assert_connectivity,60.000000,1,7.080000,3.697783,1.000000,16.000000,9.280000,4.866374,45.160000,9.014122,0,0,64.795529
75,75,0,accepted,none,0.000000,1,6.400000,2.374868,1.000000,12.000000,6.720000,3.555503,49.000000,0.000000,50,0,68.552714
80,80,0,accepted,none,0.000000,1,5.720000,2.315513,1.000000,10.000000,6.960000,3.714620,49.000000,0.000000,50,0,63.343192
82,82,0,accepted,none,0.000000,1,5.760000,1.849973,2.000000,10.000000,6.640000,3.321205,49.000000,0.000000,50,0,68.657185
96,96,0,rejected,too_close,60.000000,1,5.560000,2.108649,2.000000,11.000000,5.360000,2.791129,49.000000,0.000000,50,0,68.744609
77,77,0,accepted,none,0.000000,1,6.640000,3.290957,2.000000,13.000000,7.520000,3.945833,49.000000,0.000000,50,0,62.828355
97,97,0,rejected,assert_connectivity,60.000000,1,6.760000,2.846471,0.000000,12.000000,7.840000,3.822878,43.280000,10.766689,0,0,57.997631
98,98,0,rejected,assert_connectivity,60.000000,1,6.360000,2.833796,1.000000,12.000000,9.480000,4.665790,45.160000,9.014122,0,0,58.665270
99,99,0,rejected,too_close,60.000000,1,7.160000,2.975634,1.000000,12.000000,8.240000,4.037623,49.000000,0.000000,50,1,63.617703
100,100,0,rejected,assert_connectivity,60.000000,1,6.400000,2.569047,0.000000,12.000000,8.160000,3.300667,45.120000,9.210081,0,0,68.951738
102,102,0,rejected,assert_connectivity,60.000000,1,6.240000,2.510458,1.000000,11.000000,7.040000,3.560674,27.880000,11.566573,0,0,65.626788
103,103,0,rejected,too_close,60.000000,1,7.040000,2.959459,2.000000,14.000000,8.200000,3.934463,49.000000,0.000000,50,1,62.610588
84,84,0,accepted,none,0.000000,1,6.360000,3.090372,1.000000,12.000000,8.960000,4.209323,49.000000,0.000000,50,0,68.792261
104,104,0,rejected,assert_connectivity,60.000000,1,6.720000,2.408651,1.000000,11.000000,7.640000,3.887210,40.000000,12.000000,0,0,68.679674
106,106,0,rejected,assert_connectivity,60.000000,1,5.840000,2.452427,0.000000,11.000000,6.800000,2.905168,47.040000,6.720000,0,0,64.662020
108,108,0,rejected,assert_connectivity,60.000000,1,5.720000,2.764344,1.000000,11.000000,7.360000,4.389806,40.000000,12.000000,0,0,63.664081
94,94,0,accepted,none,0.000000,1,5.720000,2.172924,1.000000,10.000000,7.640000,3.185969,49.000000,0.000000,50,0,70.556125
95,95,0,accepted,none,0.000000,1,6.840000,2.248199,2.000000,11.000000,7.560000,3.476550,49.000000,0.000000,50,0,59.630239
101,101,0,accepted,none,0.000000,1,5.600000,2.481935,2.000000,11.000000,7.280000,4.118446,49.000000,0.000000,50,0,70.301750
112,112,0,rejected,assert_connectivity,60.000000,1,6.280000,3.328904,1.000000,13.000000,7.640000,4.702170,41.640000,11.394314,0,0,64.512305
114,114,0,rejected,assert_connectivity,60.000000,1,6.800000,3.340659,1.000000,15.000000,7.280000,4.059754,28.000000,9.165151,0,0,67.674124
115,115,0,rejected,assert_connectivity,60.000000,1,6.560000,2.677013,0.000000,12.000000,8.160000,4.201714,47.040000,6.720000,0,0,69.621568
105,105,0,accepted,none,0.000000,1,5.960000,1.875740,2.000000,11.000000,7.760000,3.190987,49.000000,0.000000,50,0,63.721762
107,107,0,accepted,none,0.000000,1,5.280000,1.497197,2.000000,8.000000,7.640000,3.109727,49.000000,0.000000,50,0,71.378178
117,117,0,rejected,assert_connectivity,60.000000,1,5.360000,2.330322,1.000000,11.000000,6.600000,3.959798,25.360000,9.568197,0,0,54.304852
111,111,0,accepted,none,0.000000,1,5.440000,2.325167,2.000000,11.000000,5.720000,2.814534,49.000000,0.000000,50,0,69.332652
118,118,0,rejected,assert_connectivity,60.000000,1,7.400000,4.204759,0.000000,15.000000,8.200000,4.156922,47.040000,6.720000,0,0,63.483322
110,110,0,accepted,none,0.000000,1,6.040000,2.382939,1.000000,10.000000,7.680000,3.460867,49.000000,0.000000,50,0,70.830452
120,120,0,rejected,assert_connectivity,60.000000,1,4.920000,2.207623,1.000000,9.000000,6.200000,3.249615,45.160000,9.014122,0,0,62.574099
109,109,0,accepted,none,0.000000,1,6.160000,2.138785,1.000000,10.000000,6.600000,2.078461,49.000000,0.000000,50,0,66.349984
121,121,0,rejected,assert_connectivity,60.000000,1,5.720000,2.416940,0.000000,10.000000,5.880000,2.746926,43.280000,10.766689,0,0,63.090672
123,123,0,rejected,assert_connectivity,60.000000,1,6.120000,2.620229,0.000000,12.000000,7.320000,3.523862,23.840000,5.547468,0,1,70.456550
124,124,0,rejected,assert_connectivity,60.000000,1,6.160000,3.431385,0.000000,14.000000,6.320000,3.568977,47.040000,6.720000,0,0,61.386282
127,127,0,rejected,assert_connectivity,60.000000,1,6.920000,2.869425,1.000000,12.000000,8.160000,3.926118,43.360000,10.449421,0,0,65.549784
126,126,0,rejected,assert_connectivity,60.000000,1,7.120000,2.303389,0.000000,13.000000,6.720000,3.292659,47.040000,6.720000,0,0,53.338496
128,128,0,rejected,assert_connectivity,60.000000,1,5.600000,2.457641,1.000000,11.000000,6.000000,3.852272,41.640000,11.394314,0,0,61.999491
130,130,0,rejected,assert_connectivity,60.000000,1,5.400000,2.068816,0.000000,9.000000,7.520000,3.281707,47.040000,6.720000,0,0,67.668853
131,131,0,rejected,assert_connectivity,60.000000,1,6.320000,3.361190,0.000000,13.000000,7.680000,4.953544,39.680000,12.960617,0,0,60.221468
113,113,0,accepted,none,0.000000,1,6.040000,2.720000,1.000000,10.000000,8.360000,4.053443,49.000000,0.000000,50,0,73.930426
133,133,0,rejected,assert_connectivity,60.000000,1,5.160000,2.500880,1.000000,9.000000,6.440000,3.847909,24.080000,8.076732,0,0,65.609845
134,134,0,rejected,assert_connectivity,60.000000,1,5.520000,2.273675,0.000000,10.000000,7.800000,4.166533,47.040000,6.720000,0,0,71.324389
116,116,0,accepted,none,0.000000,1,5.720000,2.638484,1.000000,11.000000,7.720000,3.175154,49.000000,0.000000,50,0,77.423464
135,135,0,rejected,assert_connectivity,60.000000,1,7.600000,4.582576,1.000000,16.000000,10.640000,5.034918,43.360000,10.449421,0,0,72.158465
119,119,0,accepted,none,0.000000,1,6.160000,2.540551,1.000000,10.000000,7.200000,3.810512,49.000000,0.000000,50,0,60.025026
136,136,0,rejected,assert_connectivity,60.000000,1,6.440000,3.389159,1.000000,12.000000,7.640000,3.871744,28.880000,12.125411,0,0,56.382543
137,137,0,rejected,too_close,60.000000,1,6.120000,2.930119,1.000000,12.000000,8.640000,4.279065,49.000000,0.000000,50,1,68.858803
138,138,0,rejected,assert_connectivity,60.000000,1,6.280000,2.646054,0.000000,11.000000,7.840000,4.225447,47.040000,6.720000,0,0,74.540547
139,139,0,rejected,assert_connectivity,60.000000,1,5.840000,2.361017,0.000000,10.000000,7.120000,4.135892,45.120000,9.210081,0,0,67.802664
140,140,0,rejected,assert_connectivity,60.000000,1,7.440000,2.987708,0.000000,13.000000,10.800000,4.833218,47.040000,6.720000,0,0,59.225095
122,122,0,accepted,none,0.000000,1,6.160000,2.013554,1.000000,10.000000,8.600000,3.655133,49.000000,0.000000,50,0,62.590349
125,125,0,accepted,none,0.000000,1,6.320000,1.901999,2.000000,10.000000,6.640000,3.192241,49.000000,0.000000,50,0,60.054965
142,142,0,rejected,assert_connectivity,60.000000,1,5.560000,2.546841,0.000000,10.000000,6.760000,4.072149,29.120000,14.038006,0,0,68.247221
143,143,0,rejected,assert_connectivity,60.000000,1,5.680000,2.167395,0.000000,11.000000,7.200000,3.364521,47.040000,6.720000,0,0,70.099789
144,144,0,rejected,assert_connectivity,60.000000,1,6.600000,3.334666,1.000000,12.000000,7.400000,3.704052,34.240000,12.293999,0,0,58.249438
145,145,0,rejected,too_close,60.000000,1,6.600000,2.705550,1.000000,11.000000,8.920000,4.058768,49.000000,0.000000,50,0,67.672909
146,146,0,rejected,assert_connectivity,60.000000,1,5.760000,2.573402,1.000000,12.000000,6.920000,3.820157,45.160000,9.014122,0,0,59.606363
147,147,0,rejected,too_close,60.000000,1,5.320000,2.327574,1.000000,9.000000,6.480000,3.389631,49.000000,0.000000,50,1,68.753552
149,149,0,rejected,assert_connectivity,60.000000,1,5.880000,2.346402,1.000000,11.000000,7.560000,4.133570,45.160000,9.014122,0,0,63.859051
150,150,0,rejected,assert_connectivity,60.000000,1,6.640000,3.485742,0.000000,14.000000,8.920000,4.376483,43.280000,10.766689,0,0,61.415715
153,153,0,rejected,too_close,60.000000,1,6.680000,3.414323,1.000000,13.000000,8.720000,3.815966,49.000000,0.000000,50,0,68.008858
129,129,0,accepted,none,0.000000,1,7.080000,3.676085,2.000000,14.000000,8.560000,4.796499,49.000000,0.000000,50,0,59.743417
132,132,0,accepted,none,0.000000,1,6.520000,2.308593,2.000000,10.000000,7.880000,2.936937,49.000000,0.000000,50,0,58.859912
155,155,0,rejected,assert_connectivity,60.000000,1,6.360000,2.242855,2.000000,12.000000,6.560000,3.527946,30.760000,11.104161,0,0,56.607693
156,156,0,rejected,too_close,60.000000,1,6.080000,2.331008,1.000000,11.000000,6.840000,3.716773,49.000000,0.000000,50,0,63.343170
158,158,0,rejected,too_close,60.000000,1,5.840000,2.618091,1.000000,12.000000,6.360000,3.141719,49.000000,0.000000,50,0,70.456019
159,159,0,rejected,assert_connectivity,60.000000,1,6.280000,3.417836,1.000000,13.000000,8.160000,4.759664,45.160000,9.014122,0,0,64.488870
160,160,0,rejected,too_close,60.000000,1,5.880000,2.094182,2.000000,11.000000,6.400000,2.918904,49.000000,0.000000,50,0,68.140354
161,161,0,rejected,assert_connectivity,60.000000,1,6.560000,2.757970,1.000000,13.000000,8.640000,4.194091,45.160000,9.014122,0,0,59.692428
141,141,0,accepted,none,0.000000,1,6.240000,2.588899,2.000000,11.000000,8.800000,3.741657,49.000000,0.000000,50,0,67.707363
148,148,0,accepted,none,0.000000,1,5.480000,2.193080,1.000000,10.000000,4.040000,2.449163,49.000000,0.000000,50,0,66.435301
162,162,0,rejected,assert_connectivity,60.000000,1,6.600000,3.515679,0.000000,14.000000,6.600000,3.633180,47.040000,6.720000,0,1,66.981522
152,152,0,accepted,none,0.000000,1,6.120000,2.717646,1.000000,10.000000,6.360000,2.688940,49.000000,0.000000,50,0,66.794153
163,163,0,rejected,assert_connectivity,60.000000,1,7.240000,3.432550,0.000000,14.000000,9.000000,5.023943,47.040000,6.720000,0,0,64.315868
166,166,0,rejected,assert_connectivity,60.000000,1,5.880000,2.006390,0.000000,10.000000,4.440000,3.163289,33.920000,13.010519,0,0,60.504739
165,165,0,rejected,too_close,60.000000,1,7.600000,4.171331,1.000000,16.000000,9.960000,4.732695,49.000000,0.000000,50,0,64.495820
168,168,0,rejected,assert_connectivity,60.000000,1,7.760000,3.886181,0.000000,17.000000,10.640000,6.127838,38.240000,12.900481,0,0,65.739882
151,151,0,accepted,none,0.000000,1,6.040000,2.560937,2.000000,11.000000,7.640000,3.537004,49.000000,0.000000,50,0,70.897925
169,169,0,rejected,assert_connectivity,60.000000,1,6.160000,2.309632,0.000000,10.000000,5.240000,3.140446,47.040000,6.720000,0,0,69.259780
154,154,0,accepted,none,0.000000,1,5.400000,2.262742,2.000000,12.000000,6.360000,2.543698,49.000000,0.000000,50,0,59.617021
173,173,0,rejected,assert_connectivity,60.000000,1,6.120000,3.241234,1.000000,14.000000,7.840000,3.807151,28.000000,9.165151,0,0,58.083493
157,157,0,accepted,none,0.000000,1,6.200000,2.912044,1.000000,12.000000,7.960000,3.676738,49.000000,0.000000,50,0,59.386813
175,175,0,rejected,assert_connectivity,60.000000,1,5.280000,1.755449,2.000000,9.000000,6.320000,3.802315,43.360000,10.449421,0,0,61.194640
176,176,0,rejected,assert_connectivity,60.000000,1,6.240000,2.680000,1.000000,11.000000,5.280000,4.094093,26.800000,13.249906,0,0,67.723924
178,178,0,rejected,assert_connectivity,60.000000,1,5.160000,1.993590,2.000000,10.000000,6.800000,3.316625,41.640000,11.394314,0,0,60.595178
179,179,0,rejected,assert_connectivity,60.000000,1,6.640000,3.160759,0.000000,13.000000,8.560000,4.350448,47.040000,6.720000,0,0,66.574402
164,164,0,accepted,none,0.000000,1,5.640000,1.797331,1.000000,9.000000,7.680000,2.887490,49.000000,0.000000,50,0,74.065114
180,180,0,rejected,assert_connectivity,60.000000,1,5.960000,2.712637,1.000000,11.000000,5.680000,2.656614,45.160000,9.014122,0,0,60.550461
167,167,0,accepted,none,0.000000,1,6.040000,2.199636,2.000000,12.000000,8.960000,2.712637,49.000000,0.000000,50,0,68.749081
181,181,0,rejected,assert_connectivity,60.000000,1,5.920000,2.904066,0.000000,11.000000,6.920000,3.610208,47.040000,6.720000,0,0,72.151560
171,171,0,accepted,none,0.000000,1,5.120000,1.840000,1.000000,9.000000,5.200000,2.154066,49.000000,0.000000,50,0,72.612127
182,182,0,rejected,assert_connectivity,60.000000,1,6.000000,1.897367,2.000000,11.000000,6.840000,3.233326,34.240000,12.293999,0,0,68.701953
170,170,0,accepted,none,0.000000,1,5.520000,2.291201,1.000000,10.000000,7.880000,3.216458,49.000000,0.000000,50,0,66.931946
183,183,0,rejected,assert_connectivity,60.000000,1,5.800000,2.424871,1.000000,10.000000,7.960000,3.836457,40.000000,12.000000,0,0,69.475080
184,184,0,rejected,assert_connectivity,60.000000,1,5.160000,2.081922,0.000000,10.000000,5.320000,3.036050,43.280000,10.766689,0,0,66.754423
185,185,0,rejected,assert_connectivity,60.000000,1,5.360000,2.703775,0.000000,11.000000,7.080000,4.227718,38.240000,12.900481,0,0,67.937550
186,186,0,rejected,too_close,60.000000,1,5.560000,2.507269,1.000000,11.000000,6.560000,3.225895,49.000000,0.000000,50,1,71.245423
172,172,0,accepted,none,0.000000,1,6.120000,2.739635,1.000000,12.000000,10.240000,4.154804,49.000000,0.000000,50,0,66.168328
187,187,0,rejected,assert_connectivity,60.000000,1,6.720000,3.532931,1.000000,14.000000,7.320000,4.973691,38.120000,13.219138,0,0,66.106839
177,177,0,accepted,none,0.000000,1,5.840000,2.157406,1.000000,10.000000,6.240000,4.052456,49.000000,0.000000,50,0,58.532355
174,174,0,accepted,none,0.000000,1,6.640000,2.747799,1.000000,12.000000,8.280000,3.810722,49.000000,0.000000,50,0,61.157875
189,189,0,rejected,too_close,60.000000,1,6.400000,2.473863,1.000000,12.000000,6.560000,3.666933,49.000000,0.000000,50,1,65.773974
190,190,0,rejected,assert_connectivity,60.000000,1,6.080000,3.018874,1.000000,13.000000,6.480000,3.365947,43.360000,10.449421,0,0,61.781853
192,192,0,rejected,too_close,60.000000,1,6.520000,2.815955,1.000000,14.000000,8.600000,4.440721,49.000000,0.000000,50,0,67.505718
194,194,0,rejected,assert_connectivity,60.000000,1,5.080000,2.322413,1.000000,10.000000,5.160000,3.956564,33.000000,12.000000,0,0,67.086413
195,195,0,rejected,assert_connectivity,60.000000,1,6.200000,3.033150,0.000000,12.000000,8.280000,4.005197,47.040000,6.720000,0,0,75.419294
197,197,0,rejected,assert_connectivity,60.000000,1,5.560000,2.192350,1.000000,10.000000,5.880000,3.581285,32.360000,13.323303,0,0,55.434376
198,198,0,rejected,too_close,60.000000,1,5.360000,1.977473,1.000000,9.000000,6.240000,2.557812,49.000000,0.000000,50,0,68.872700
199,199,0,rejected,too_close,60.000000,1,5.760000,2.429486,1.000000,11.000000,6.960000,3.117435,49.000000,0.000000,50,0,66.005039
203,203,0,rejected,assert_connectivity,60.000000,1,5.920000,2.261327,1.000000,11.000000,7.280000,2.912319,45.160000,9.014122,0,0,68.433645
204,204,0,rejected,assert_connectivity,60.000000,1,7.240000,4.086857,0.000000,16.000000,8.920000,5.321053,33.920000,13.010519,0,0,66.716438
205,205,0,rejected,too_close,60.000000,1,6.360000,2.161111,1.000000,10.000000,7.080000,3.451608,49.000000,0.000000,50,0,66.152490
191,191,0,accepted,none,0.000000,1,6.200000,2.537716,1.000000,12.000000,7.640000,4.013776,49.000000,0.000000,50,0,57.517722
188,188,0,accepted,none,0.000000,1,7.360000,3.333227,1.000000,14.000000,9.240000,4.917560,49.000000,0.000000,50,0,60.765970
196,196,0,accepted,none,0.000000,1,5.560000,1.834775,2.000000,10.000000,7.320000,2.824465,49.000000,0.000000,50,0,72.215788
193,193,0,accepted,none,0.000000,1,6.640000,2.819645,2.000000,13.000000,9.440000,4.903713,49.000000,0.000000,50,0,63.796141
209,209,0,rejected,assert_connectivity,60.000000,1,5.000000,2.029778,0.000000,9.000000,5.240000,1.860753,47.040000,6.720000,0,0,68.477773
200,200,0,accepted,none,0.000000,1,6.680000,3.349269,2.000000,14.000000,8.480000,4.674356,49.000000,0.000000,50,0,63.002117
201,201,0,accepted,none,0.000000,1,6.760000,2.902137,1.000000,14.000000,8.280000,4.219194,49.000000,0.000000,50,0,62.408114
211,211,0,rejected,assert_connectivity,60.000000,1,6.840000,3.596443,1.000000,14.000000,8.480000,5.024898,43.360000,10.449421,0,0,67.121978
202,202,0,accepted,none,0.000000,1,6.080000,2.216664,1.000000,10.000000,8.080000,2.488694,49.000000,0.000000,50,0,68.727095
213,213,0,rejected,assert_connectivity,60.000000,1,5.640000,1.705989,2.000000,10.000000,6.240000,2.775320,27.240000,8.396571,0,0,58.126888
214,214,0,rejected,assert_connectivity,60.000000,1,6.280000,2.538031,0.000000,11.000000,8.080000,3.610208,47.040000,6.720000,0,0,69.195756
216,216,0,rejected,assert_connectivity,60.000000,1,6.840000,2.548411,1.000000,11.000000,8.200000,3.908964,45.160000,9.014122,0,0,67.495813
206,206,0,accepted,none,0.000000,1,6.040000,2.668033,1.000000,13.000000,7.040000,3.393877,49.000000,0.000000,50,0,73.099502
217,217,0,rejected,too_close,60.000000,1,5.920000,2.682089,1.000000,12.000000,7.680000,4.183013,49.000000,0.000000,50,0,59.250296
218,218,0,rejected,assert_connectivity,60.000000,1,5.840000,2.602768,1.000000,11.000000,7.040000,3.458092,45.160000,9.014122,0,0,74.104608
220,220,0,rejected,assert_connectivity,60.000000,1,6.640000,2.543698,0.000000,11.000000,8.280000,3.725802,47.040000,6.720000,0,0,67.826572
221,221,0,rejected,assert_connectivity,60.000000,1,7.240000,3.478850,0.000000,13.000000,8.400000,5.031898,43.280000,10.766689,0,0,68.808175
208,208,0,accepted,none,0.000000,1,6.400000,2.383275,1.000000,12.000000,7.280000,3.747212,49.000000,0.000000,50,0,68.347281
207,207,0,accepted,none,0.000000,1,6.920000,2.472570,1.000000,11.000000,8.440000,4.294927,49.000000,0.000000,50,0,59.202143
222,222,0,rejected,assert_connectivity,60.000000,1,5.920000,2.423551,1.000000,12.000000,6.720000,4.098975,36.960000,12.491533,0,0,64.566186
223,223,0,rejected,assert_connectivity,60.000000,1,5.400000,2.561250,0.000000,12.000000,7.440000,4.846277,36.720000,13.102733,0,0,71.843719
224,224,0,rejected,assert_connectivity,60.000000,1,6.440000,3.213472,1.000000,14.000000,6.160000,4.187410,38.080000,13.323423,0,0,64.543143
225,225,0,rejected,assert_connectivity,60.000000,1,5.800000,2.332381,2.000000,10.000000,6.120000,2.783092,38.440000,12.348538,0,0,66.470207
226,226,0,rejected,too_close,60.000000,1,7.360000,2.747799,1.000000,11.000000,10.280000,4.368249,49.000000,0.000000,50,0,65.564410
210,210,0,accepted,none,0.000000,1,6.440000,3.027606,1.000000,13.000000,9.000000,4.074310,49.000000,0.000000,50,0,73.234024
227,227,0,rejected,assert_connectivity,60.000000,1,6.520000,3.008255,2.000000,12.000000,8.640000,4.462107,43.360000,10.449421,0,0,65.029258
228,228,0,rejected,too_close,60.000000,1,6.640000,3.167081,1.000000,13.000000,8.560000,4.332020,49.000000,0.000000,50,1,63.913653
215,215,0,accepted,none,0.000000,1,5.360000,2.142522,1.000000,10.000000,6.400000,2.884441,49.000000,0.000000,50,0,63.010747
230,230,0,rejected,assert_connectivity,60.000000,1,5.320000,2.336151,1.000000,10.000000,6.000000,2.905168,45.160000,9.014122,0,0,64.304360
231,231,0,rejected,too_close,60.000000,1,5.360000,2.504077,1.000000,12.000000,7.240000,3.467333,49.000000,0.000000,50,1,64.706046
212,212,0,accepted,none,0.000000,1,6.600000,3.000000,1.000000,12.000000,7.240000,3.344010,49.000000,0.000000,50,0,67.656518
232,232,0,rejected,assert_connectivity,60.000000,1,5.760000,2.267686,0.000000,10.000000,6.080000,3.520455,47.040000,6.720000,0,0,66.002196
234,234,0,rejected,assert_connectivity,60.000000,1,5.560000,2.272972,0.000000,11.000000,4.480000,2.722058,27.440000,10.176758,0,0,60.696552
233,233,0,rejected,assert_connectivity,60.000000,1,5.240000,2.083843,0.000000,10.000000,6.520000,2.601845,47.040000,6.720000,0,0,77.874076
235,235,0,rejected,assert_connectivity,60.000000,1,5.680000,2.014349,1.000000,11.000000,4.720000,2.870819,45.160000,9.014122,0,0,65.544615
237,237,0,rejected,too_close,60.000000,1,6.120000,1.882976,1.000000,9.000000,7.120000,3.037367,49.000000,0.000000,50,1,61.807244
238,238,0,rejected,assert_connectivity,60.000000,1,6.040000,2.615033,0.000000,12.000000,7.720000,3.616849,47.040000,6.720000,0,0,68.686776
240,240,0,rejected,assert_connectivity,60.000000,1,5.720000,2.561562,1.000000,11.000000,5.560000,3.377336,36.960000,12.491533,0,0,64.081559
241,241,0,rejected,too_close,60.000000,1,6.800000,2.521904,1.000000,12.000000,9.560000,4.215021,49.000000,0.000000,50,1,62.288849
242,242,0,rejected,assert_connectivity,60.000000,1,6.920000,2.951881,1.000000,13.000000,9.560000,5.099647,43.360000,10.449421,0,1,72.304324
244,244,0,rejected,assert_connectivity,60.000000,1,6.840000,2.781079,1.000000,12.000000,5.800000,3.588872,38.440000,12.348538,0,1,56.764365
245,245,0,rejected,assert_connectivity,60.000000,1,5.680000,2.603382,1.000000,11.000000,7.960000,3.831240,40.000000,12.000000,0,0,65.618914
219,219,0,accepted,none,0.000000,1,7.120000,3.403763,1.000000,15.000000,7.960000,4.647408,49.000000,0.000000,50,0,66.842262
246,246,0,rejected,assert_connectivity,60.000000,1,6.400000,2.645751,0.000000,13.000000,7.800000,4.476606,47.040000,6.720000,0,0,66.022303
247,247,0,rejected,assert_connectivity,60.000000,1,5.640000,2.496077,0.000000,11.000000,6.320000,2.969444,43.280000,10.766689,0,0,66.842348
248,248,0,rejected,too_close,60.000000,1,7.280000,3.435346,2.000000,15.000000,7.400000,3.487119,49.000000,0.000000,50,0,56.884680
250,250,0,rejected,assert_connectivity,60.000000,1,6.560000,2.417933,0.000000,10.000000,8.000000,4.886717,32.640000,12.765203,0,0,62.383698
251,251,0,rejected,assert_connectivity,60.000000,1,6.800000,3.052868,0.000000,12.000000,8.800000,4.724405,41.440000,12.073376,0,0,65.478959
252,252,0,rejected,assert_connectivity,60.000000,1,6.480000,3.080519,0.000000,13.000000,6.960000,3.594218,47.040000,6.720000,0,1,63.026989
253,253,0,rejected,assert_connectivity,60.000000,1,4.960000,1.788407,1.000000,8.000000,6.400000,2.979933,45.160000,9.014122,0,0,60.501569
254,254,0,rejected,too_close,60.000000,1,5.640000,1.717673,2.000000,9.000000,7.760000,3.153157,49.000000,0.000000,50,0,71.500045
255,255,0,rejected,too_close,60.000000,1,6.800000,2.870540,2.000000,12.000000,9.840000,4.258450,49.000000,0.000000,50,1,65.002803
229,229,0,accepted,none,0.000000,1,6.560000,3.001066,2.000000,13.000000,9.640000,4.828085,49.000000,0.000000,50,0,70.351515
256,256,0,rejected,assert_connectivity,60.000000,1,6.160000,2.737590,0.000000,13.000000,7.920000,3.604664,47.040000,6.720000,0,0,58.604130
257,257,0,rejected,too_close,60.000000,1,5.960000,2.856291,1.000000,11.000000,5.760000,2.731739,49.000000,0.000000,50,1,71.641044
236,236,0,accepted,none,0.000000,1,6.240000,2.437704,2.000000,11.000000,6.560000,2.691914,49.000000,0.000000,50,0,59.587810
260,260,0,rejected,assert_connectivity,60.000000,1,6.080000,1.494523,1.000000,9.000000,4.120000,2.454710,34.240000,12.293999,0,1,61.622981
261,261,0,rejected,assert_connectivity,60.000000,1,7.640000,5.343257,0.000000,18.000000,6.040000,4.108333,20.680000,9.304708,0,0,63.925462
239,239,0,accepted,none,0.000000,1,5.520000,2.299913,1.000000,11.000000,5.680000,2.275434,49.000000,0.000000,50,0,66.243362
243,243,0,accepted,none,0.000000,1,5.480000,2.515870,1.000000,12.000000,5.880000,2.790269,49.000000,0.000000,50,0,67.500604
263,263,0,rejected,assert_connectivity,60.000000,1,5.600000,2.154066,1.000000,10.000000,6.280000,2.926021,43.360000,10.449421,0,0,58.505948
267,267,0,rejected,assert_connectivity,60.000000,1,5.960000,2.521587,1.000000,10.000000,6.600000,4.582576,41.640000,11.394314,0,0,59.949778
249,249,0,accepted,none,0.000000,1,5.960000,2.226747,1.000000,11.000000,7.640000,4.265021,49.000000,0.000000,50,0,62.049355
258,258,0,accepted,none,0.000000,1,5.760000,2.596613,1.000000,11.000000,8.040000,3.549422,49.000000,0.000000,50,0,70.189301
259,259,0,accepted,none,0.000000,1,6.320000,2.509502,1.000000,14.000000,7.400000,3.549648,49.000000,0.000000,50,0,67.300670
270,270,0,rejected,assert_connectivity,60.000000,1,5.720000,2.849842,0.000000,12.000000,4.960000,2.660526,25.840000,12.586278,0,0,59.573158
262,262,0,accepted,none,0.000000,1,5.200000,1.959592,1.000000,10.000000,6.880000,3.829569,49.000000,0.000000,50,0,68.125340
264,264,0,accepted,none,0.000000,1,5.200000,2.400000,2.000000,12.000000,6.640000,3.729665,49.000000,0.000000,50,0,66.852910
274,274,0,rejected,assert_connectivity,60.000000,1,5.240000,1.965299,1.000000,12.000000,5.240000,3.332026,34.240000,12.293999,0,0,65.561263
266,266,0,accepted,none,0.000000,1,5.520000,2.137662,2.000000,9.000000,6.880000,3.296301,49.000000,0.000000,50,0,67.190638
265,265,0,accepted,none,0.000000,1,6.440000,2.850684,1.000000,12.000000,7.520000,3.567856,49.000000,0.000000,50,0,60.948288
269,269,0,accepted,none,0.000000,1,5.480000,2.071135,1.000000,10.000000,6.640000,3.553927,49.000000,0.000000,50,0,64.476715
275,275,0,rejected,assert_connectivity,60.000000,1,5.520000,2.264862,2.000000,10.000000,5.960000,3.322409,40.000000,12.000000,0,0,62.769349
268,268,0,accepted,none,0.000000,1,6.000000,2.218107,1.000000,10.000000,8.440000,3.858290,49.000000,0.000000,50,0,61.968883
277,277,0,rejected,assert_connectivity,60.000000,1,6.040000,2.391318,0.000000,10.000000,7.640000,4.165381,47.040000,6.720000,0,0,69.861449
276,276,0,rejected,assert_connectivity,60.000000,1,6.720000,3.328904,0.000000,12.000000,8.040000,4.395270,47.040000,6.720000,0,0,68.911541
278,278,0,rejected,too_close,60.000000,1,6.480000,2.655108,2.000000,14.000000,8.200000,4.029888,49.000000,0.000000,50,0,58.244959
280,280,0,rejected,assert_connectivity,60.000000,1,7.360000,3.290957,0.000000,16.000000,9.320000,5.209376,45.120000,9.210081,0,0,61.924918
281,281,0,rejected,assert_connectivity,60.000000,1,6.600000,3.676955,0.000000,13.000000,7.960000,4.668876,47.040000,6.720000,0,0,67.959150
282,282,0,rejected,too_close,60.000000,1,5.880000,2.259557,2.000000,11.000000,8.080000,2.883331,49.000000,0.000000,50,0,63.950105
284,284,0,rejected,assert_connectivity,60.000000,1,6.000000,3.039737,1.000000,13.000000,6.120000,4.343455,29.960000,12.612629,0,0,57.409298
272,272,0,accepted,none,0.000000,1,5.640000,2.733203,1.000000,12.000000,7.560000,4.152879,49.000000,0.000000,50,0,61.537199
271,271,0,accepted,none,0.000000,1,5.440000,2.417933,1.000000,12.000000,7.040000,3.826016,49.000000,0.000000,50,0,78.156943
273,273,0,accepted,none,0.000000,1,6.120000,2.346402,2.000000,10.000000,7.400000,3.352611,49.000000,0.000000,50,0,69.193893
288,288,0,rejected,assert_connectivity,60.000000,1,6.040000,3.091666,0.000000,12.000000,6.480000,3.822251,38.240000,12.900481,0,0,61.646543
289,289,0,rejected,assert_connectivity,60.000000,1,6.760000,3.063070,0.000000,12.000000,9.680000,4.249423,45.120000,9.210081,0,0,71.567400
290,290,0,rejected,assert_connectivity,60.000000,1,5.760000,1.934528,0.000000,11.000000,5.240000,2.902137,29.280000,11.435104,0,0,55.371333
291,291,0,rejected,assert_connectivity,60.000000,1,7.280000,3.231346,0.000000,14.000000,9.040000,3.831240,47.040000,6.720000,0,0,68.297333
292,292,0,rejected,assert_connectivity,60.000000,1,5.800000,2.227106,1.000000,9.000000,6.440000,3.144265,31.840000,11.598896,0,0,64.709940
295,295,0,rejected,too_close,60.000000,1,6.240000,1.924162,1.000000,10.000000,8.320000,3.849364,49.000000,0.000000,50,0,66.436540
279,279,0,accepted,none,0.000000,1,6.360000,3.185969,1.000000,13.000000,8.400000,5.118594,49.000000,0.000000,50,0,76.163467
285,285,0,accepted,none,0.000000,1,5.400000,1.673320,1.000000,9.000000,5.720000,2.449816,49.000000,0.000000,50,0,68.624245
296,296,0,rejected,assert_connectivity,60.000000,1,5.440000,2.021485,0.000000,10.000000,6.560000,3.623037,47.040000,6.720000,0,0,63.720098
283,283,0,accepted,none,0.000000,1,6.320000,2.240000,1.000000,10.000000,6.200000,2.771281,49.000000,0.000000,50,0,67.555577
286,286,0,accepted,none,0.000000,1,5.280000,1.661806,2.000000,9.000000,6.480000,2.801714,49.000000,0.000000,50,0,64.906734
299,299,0,rejected,assert_connectivity,60.000000,1,5.160000,2.023462,0.000000,10.000000,4.520000,3.584634,30.440000,14.245224,0,0,64.203100
301,301,0,rejected,assert_connectivity,60.000000,1,6.640000,2.944554,0.000000,13.000000,7.640000,5.152708,30.480000,14.177785,0,0,63.369203
300,300,0,rejected,assert_connectivity,60.000000,1,6.640000,2.937754,0.000000,12.000000,8.960000,4.137439,47.040000,6.720000,0,0,65.006587
287,287,0,accepted,none,0.000000,1,6.440000,2.108649,2.000000,10.000000,8.680000,3.042630,49.000000,0.000000,50,0,54.714262
302,302,0,rejected,assert_connectivity,60.000000,1,5.680000,2.386965,1.000000,11.000000,7.480000,4.085291,45.160000,9.014122,0,1,67.311981
303,303,0,rejected,assert_connectivity,60.000000,1,6.920000,2.415285,0.000000,13.000000,7.200000,4.547527,47.040000,6.720000,0,1,56.592504
304,304,0,rejected,assert_connectivity,60.000000,1,6.280000,2.383611,0.000000,11.000000,7.000000,3.800000,47.040000,6.720000,0,0,70.465506
305,305,0,rejected,assert_connectivity,60.000000,1,6.000000,2.209072,1.000000,10.000000,5.720000,4.195426,45.160000,9.014122,0,0,55.380819
306,306,0,rejected,assert_connectivity,60.000000,1,5.840000,2.571848,0.000000,11.000000,8.440000,3.493766,47.040000,6.720000,0,0,62.322064
309,309,0,rejected,too_close,60.000000,1,7.240000,3.271452,1.000000,13.000000,9.400000,4.280187,49.000000,0.000000,50,0,67.910748
293,293,0,accepted,none,0.000000,1,5.240000,1.806212,2.000000,9.000000,6.200000,2.807134,49.000000,0.000000,50,0,74.390883
311,311,0,rejected,too_close,60.000000,1,6.080000,2.278947,2.000000,11.000000,7.680000,3.139682,49.000000,0.000000,50,0,67.004037
312,312,0,rejected,assert_connectivity,60.000000,1,5.560000,3.014366,1.000000,12.000000,6.320000,3.602444,38.120000,13.219138,0,0,71.589171
313,313,0,rejected,too_close,60.000000,1,5.640000,1.621851,2.000000,10.000000,5.960000,2.813965,49.000000,0.000000,50,1,63.657219
294,294,0,accepted,none,0.000000,1,6.760000,2.285257,2.000000,14.000000,8.400000,4.660472,49.000000,0.000000,50,0,58.741791
298,298,0,accepted,none,0.000000,1,6.360000,2.805423,1.000000,12.000000,8.480000,3.389631,49.000000,0.000000,50,0,68.637045
314,314,0,rejected,assert_connectivity,60.000000,1,7.040000,3.682173,0.000000,16.000000,6.960000,4.074113,18.320000,7.484491,0,1,56.843115
297,297,0,accepted,none,0.000000,1,5.880000,2.746926,1.000000,12.000000,7.680000,4.342534,49.000000,0.000000,50,0,71.807037
315,315,0,rejected,too_close,60.000000,1,5.160000,1.665653,2.000000,8.000000,6.280000,2.400333,49.000000,0.000000,50,0,65.488564
318,318,0,rejected,too_close,60.000000,1,6.720000,2.877777,1.000000,13.000000,8.520000,3.721505,49.000000,0.000000,50,1,62.506896
320,320,0,rejected,assert_connectivity,60.000000,1,6.720000,3.053130,1.000000,13.000000,9.160000,5.334267,45.160000,9.014122,0,0,60.677725
307,307,0,accepted,none,0.000000,1,6.200000,2.107131,1.000000,10.000000,6.320000,3.307204,49.000000,0.000000,50,0,61.097825
308,308,0,accepted,none,0.000000,1,5.320000,2.248911,2.000000,11.000000,7.200000,3.583295,49.000000,0.000000,50,0,62.045537
324,324,0,rejected,assert_connectivity,60.000000,1,7.560000,3.960606,1.000000,15.000000,10.920000,5.377137,41.640000,11.394314,0,0,69.079343
325,325,0,rejected,assert_connectivity,60.000000,1,5.080000,1.927070,0.000000,10.000000,7.120000,4.203047,39.840000,12.485768,0,0,66.075597
310,310,0,accepted,none,0.000000,1,6.080000,3.005595,1.000000,12.000000,8.600000,3.714835,49.000000,0.000000,50,0,74.658504
326,326,0,rejected,assert_connectivity,60.000000,1,6.960000,3.393877,0.000000,13.000000,9.920000,4.947080,41.440000,12.073376,0,1,70.955529
328,328,0,rejected,assert_connectivity,60.000000,1,6.000000,2.253886,2.000000,10.000000,5.560000,3.232089,43.360000,10.449421,0,0,58.272980
317,317,0,accepted,none,0.000000,1,5.880000,2.277191,1.000000,10.000000,6.400000,2.481935,49.000000,0.000000,50,0,56.540469
316,316,0,accepted,none,0.000000,1,5.600000,2.135416,1.000000,10.000000,7.680000,3.016223,49.000000,0.000000,50,0,62.044466
329,329,0,rejected,too_close,60.000000,1,5.520000,1.899895,1.000000,9.000000,6.280000,3.033414,49.000000,0.000000,50,1,61.605844
321,321,0,accepted,none,0.000000,1,5.840000,2.221351,2.000000,10.000000,7.160000,3.015692,49.000000,0.000000,50,0,63.602833
319,319,0,accepted,none,0.000000,1,6.520000,2.647565,2.000000,12.000000,8.400000,3.736308,49.000000,0.000000,50,0,71.450858
323,323,0,accepted,none,0.000000,1,6.200000,2.271563,2.000000,11.000000,8.640000,3.422046,49.000000,0.000000,50,0,76.149053
322,322,0,accepted,none,0.000000,1,6.840000,2.460569,1.000000,12.000000,8.400000,3.605551,49.000000,0.000000,50,0,61.510026
327,327,0,accepted,none,0.000000,1,5.960000,2.135041,2.000000,11.000000,7.000000,3.098387,49.000000,0.000000,50,0,60.899777
330,330,0,accepted,none,0.000000,1,4.880000,1.739425,2.000000,9.000000,5.800000,2.630589,49.000000,0.000000,50,0,60.197669
