run_id,rng_run,rng_seed,harness_version,header_version,n_nodes,grid_x,grid_y,mobility,radio_range,min_hops_required,num_attackers,attackers_list,spoof_count,attacker_jitter,defense_variant,redundant_mpr,malicious_threshold,uncertainty_beta,fading_factor,max_load,max_delay,cheat_threshold,trust_update_interval_s,phy_trace_available,wall_clock_seconds,random_window_order,window_order_perm,slot0_scenario
9,9,1,2.2.0,2,50,750.000000,1000.000000,0,190.000000,3,1,2,5,25.000000,Watchdog-OLSR,0,-1,-1,-1,-1,-1,-1,-1,1,48.475335,0,0|1|2|3,baseline
8,8,1,2.2.0,2,50,750.000000,1000.000000,0,190.000000,3,1,2,5,25.000000,Watchdog-OLSR,0,-1,-1,-1,-1,-1,-1,-1,1,49.314417,0,0|1|2|3,baseline
2,2,1,2.2.0,2,50,750.000000,1000.000000,0,190.000000,3,1,2,5,25.000000,Watchdog-OLSR,0,-1,-1,-1,-1,-1,-1,-1,1,53.281527,0,0|1|2|3,baseline
12,12,1,2.2.0,2,50,750.000000,1000.000000,0,190.000000,3,1,2,5,25.000000,Watchdog-OLSR,0,-1,-1,-1,-1,-1,-1,-1,1,53.152373,0,0|1|2|3,baseline
7,7,1,2.2.0,2,50,750.000000,1000.000000,0,190.000000,3,1,2,5,25.000000,Watchdog-OLSR,0,-1,-1,-1,-1,-1,-1,-1,1,64.957270,0,0|1|2|3,baseline
18,18,1,2.2.0,2,50,750.000000,1000.000000,0,190.000000,3,1,2,5,25.000000,Watchdog-OLSR,0,-1,-1,-1,-1,-1,-1,-1,1,59.192132,0,0|1|2|3,baseline
24,24,1,2.2.0,2,50,750.000000,1000.000000,0,190.000000,3,1,2,5,25.000000,Watchdog-OLSR,0,-1,-1,-1,-1,-1,-1,-1,1,55.904530,0,0|1|2|3,baseline
28,28,1,2.2.0,2,50,750.000000,1000.000000,0,190.000000,3,1,2,5,25.000000,Watchdog-OLSR,0,-1,-1,-1,-1,-1,-1,-1,1,48.463404,0,0|1|2|3,baseline
35,35,1,2.2.0,2,50,750.000000,1000.000000,0,190.000000,3,1,2,5,25.000000,Watchdog-OLSR,0,-1,-1,-1,-1,-1,-1,-1,1,47.545777,0,0|1|2|3,baseline
31,31,1,2.2.0,2,50,750.000000,1000.000000,0,190.000000,3,1,2,5,25.000000,Watchdog-OLSR,0,-1,-1,-1,-1,-1,-1,-1,1,57.517688,0,0|1|2|3,baseline
43,43,1,2.2.0,2,50,750.000000,1000.000000,0,190.000000,3,1,2,5,25.000000,Watchdog-OLSR,0,-1,-1,-1,-1,-1,-1,-1,1,44.628376,0,0|1|2|3,baseline
45,45,1,2.2.0,2,50,750.000000,1000.000000,0,190.000000,3,1,2,5,25.000000,Watchdog-OLSR,0,-1,-1,-1,-1,-1,-1,-1,1,43.233238,0,0|1|2|3,baseline
42,42,1,2.2.0,2,50,750.000000,1000.000000,0,190.000000,3,1,2,5,25.000000,Watchdog-OLSR,0,-1,-1,-1,-1,-1,-1,-1,1,60.473906,0,0|1|2|3,baseline
47,47,1,2.2.0,2,50,750.000000,1000.000000,0,190.000000,3,1,2,5,25.000000,Watchdog-OLSR,0,-1,-1,-1,-1,-1,-1,-1,1,57.103854,0,0|1|2|3,baseline
49,49,1,2.2.0,2,50,750.000000,1000.000000,0,190.000000,3,1,2,5,25.000000,Watchdog-OLSR,0,-1,-1,-1,-1,-1,-1,-1,1,56.736962,0,0|1|2|3,baseline
56,56,1,2.2.0,2,50,750.000000,1000.000000,0,190.000000,3,1,2,5,25.000000,Watchdog-OLSR,0,-1,-1,-1,-1,-1,-1,-1,1,47.510537,0,0|1|2|3,baseline
64,64,1,2.2.0,2,50,750.000000,1000.000000,0,190.000000,3,1,2,5,25.000000,Watchdog-OLSR,0,-1,-1,-1,-1,-1,-1,-1,1,47.613989,0,0|1|2|3,baseline
66,66,1,2.2.0,2,50,750.000000,1000.000000,0,190.000000,3,1,2,5,25.000000,Watchdog-OLSR,0,-1,-1,-1,-1,-1,-1,-1,1,43.382604,0,0|1|2|3,baseline
65,65,1,2.2.0,2,50,750.000000,1000.000000,0,190.000000,3,1,2,5,25.000000,Watchdog-OLSR,0,-1,-1,-1,-1,-1,-1,-1,1,49.855216,0,0|1|2|3,baseline
62,62,1,2.2.0,2,50,750.000000,1000.000000,0,190.000000,3,1,2,5,25.000000,Watchdog-OLSR,0,-1,-1,-1,-1,-1,-1,-1,1,56.238581,0,0|1|2|3,baseline
63,63,1,2.2.0,2,50,750.000000,1000.000000,0,190.000000,3,1,2,5,25.000000,Watchdog-OLSR,0,-1,-1,-1,-1,-1,-1,-1,1,55.397797,0,0|1|2|3,baseline
67,67,1,2.2.0,2,50,750.000000,1000.000000,0,190.000000,3,1,2,5,25.000000,Watchdog-OLSR,0,-1,-1,-1,-1,-1,-1,-1,1,53.430570,0,0|1|2|3,baseline
73,73,1,2.2.0,2,50,750.000000,1000.000000,0,190.000000,3,1,2,5,25.000000,Watchdog-OLSR,0,-1,-1,-1,-1,-1,-1,-1,1,49.718734,0,0|1|2|3,baseline
75,75,1,2.2.0,2,50,750.000000,1000.000000,0,190.000000,3,1,2,5,25.000000,Watchdog-OLSR,0,-1,-1,-1,-1,-1,-1,-1,1,57.155054,0,0|1|2|3,baseline
80,80,1,2.2.0,2,50,750.000000,1000.000000,0,190.000000,3,1,2,5,25.000000,Watchdog-OLSR,0,-1,-1,-1,-1,-1,-1,-1,1,51.495927,0,0|1|2|3,baseline
82,82,1,2.2.0,2,50,750.000000,1000.000000,0,190.000000,3,1,2,5,25.000000,Watchdog-OLSR,0,-1,-1,-1,-1,-1,-1,-1,1,46.768227,0,0|1|2|3,baseline
77,77,1,2.2.0,2,50,750.000000,1000.000000,0,190.000000,3,1,2,5,25.000000,Watchdog-OLSR,0,-1,-1,-1,-1,-1,-1,-1,1,62.452087,0,0|1|2|3,baseline
84,84,1,2.2.0,2,50,750.000000,1000.000000,0,190.000000,3,1,2,5,25.000000,Watchdog-OLSR,0,-1,-1,-1,-1,-1,-1,-1,1,59.400749,0,0|1|2|3,baseline
94,94,1,2.2.0,2,50,750.000000,1000.000000,0,190.000000,3,1,2,5,25.000000,Watchdog-OLSR,0,-1,-1,-1,-1,-1,-1,-1,1,56.375607,0,0|1|2|3,baseline
95,95,1,2.2.0,2,50,750.000000,1000.000000,0,190.000000,3,1,2,5,25.000000,Watchdog-OLSR,0,-1,-1,-1,-1,-1,-1,-1,1,56.081948,0,0|1|2|3,baseline
101,101,1,2.2.0,2,50,750.000000,1000.000000,0,190.000000,3,1,2,5,25.000000,Watchdog-OLSR,0,-1,-1,-1,-1,-1,-1,-1,1,49.087307,0,0|1|2|3,baseline
105,105,1,2.2.0,2,50,750.000000,1000.000000,0,190.000000,3,1,2,5,25.000000,Watchdog-OLSR,0,-1,-1,-1,-1,-1,-1,-1,1,54.001384,0,0|1|2|3,baseline
107,107,1,2.2.0,2,50,750.000000,1000.000000,0,190.000000,3,1,2,5,25.000000,Watchdog-OLSR,0,-1,-1,-1,-1,-1,-1,-1,1,49.966695,0,0|1|2|3,baseline
111,111,1,2.2.0,2,50,750.000000,1000.000000,0,190.000000,3,1,2,5,25.000000,Watchdog-OLSR,0,-1,-1,-1,-1,-1,-1,-1,1,49.564231,0,0|1|2|3,baseline
110,110,1,2.2.0,2,50,750.000000,1000.000000,0,190.000000,3,1,2,5,25.000000,Watchdog-OLSR,0,-1,-1,-1,-1,-1,-1,-1,1,53.867166,0,0|1|2|3,baseline
109,109,1,2.2.0,2,50,750.000000,1000.000000,0,190.000000,3,1,2,5,25.000000,Watchdog-OLSR,0,-1,-1,-1,-1,-1,-1,-1,1,61.052331,0,0|1|2|3,baseline
113,113,1,2.2.0,2,50,750.000000,1000.000000,0,190.000000,3,1,2,5,25.000000,Watchdog-OLSR,0,-1,-1,-1,-1,-1,-1,-1,1,55.016771,0,0|1|2|3,baseline
116,116,1,2.2.0,2,50,750.000000,1000.000000,0,190.000000,3,1,2,5,25.000000,Watchdog-OLSR,0,-1,-1,-1,-1,-1,-1,-1,1,52.650994,0,0|1|2|3,baseline
119,119,1,2.2.0,2,50,750.000000,1000.000000,0,190.000000,3,1,2,5,25.000000,Watchdog-OLSR,0,-1,-1,-1,-1,-1,-1,-1,1,51.808559,0,0|1|2|3,baseline
122,122,1,2.2.0,2,50,750.000000,1000.000000,0,190.000000,3,1,2,5,25.000000,Watchdog-OLSR,0,-1,-1,-1,-1,-1,-1,-1,1,54.323654,0,0|1|2|3,baseline
125,125,1,2.2.0,2,50,750.000000,1000.000000,0,190.000000,3,1,2,5,25.000000,Watchdog-OLSR,0,-1,-1,-1,-1,-1,-1,-1,1,50.346501,0,0|1|2|3,baseline
129,129,1,2.2.0,2,50,750.000000,1000.000000,0,190.000000,3,1,2,5,25.000000,Watchdog-OLSR,0,-1,-1,-1,-1,-1,-1,-1,1,65.358042,0,0|1|2|3,baseline
132,132,1,2.2.0,2,50,750.000000,1000.000000,0,190.000000,3,1,2,5,25.000000,Watchdog-OLSR,0,-1,-1,-1,-1,-1,-1,-1,1,59.330836,0,0|1|2|3,baseline
141,141,1,2.2.0,2,50,750.000000,1000.000000,0,190.000000,3,1,2,5,25.000000,Watchdog-OLSR,0,-1,-1,-1,-1,-1,-1,-1,1,57.633581,0,0|1|2|3,baseline
148,148,1,2.2.0,2,50,750.000000,1000.000000,0,190.000000,3,1,2,5,25.000000,Watchdog-OLSR,0,-1,-1,-1,-1,-1,-1,-1,1,46.272739,0,0|1|2|3,baseline
152,152,1,2.2.0,2,50,750.000000,1000.000000,0,190.000000,3,1,2,5,25.000000,Watchdog-OLSR,0,-1,-1,-1,-1,-1,-1,-1,1,46.212294,0,0|1|2|3,baseline
151,151,1,2.2.0,2,50,750.000000,1000.000000,0,190.000000,3,1,2,5,25.000000,Watchdog-OLSR,0,-1,-1,-1,-1,-1,-1,-1,1,57.669680,0,0|1|2|3,baseline
154,154,1,2.2.0,2,50,750.000000,1000.000000,0,190.000000,3,1,2,5,25.000000,Watchdog-OLSR,0,-1,-1,-1,-1,-1,-1,-1,1,53.156934,0,0|1|2|3,baseline
157,157,1,2.2.0,2,50,750.000000,1000.000000,0,190.000000,3,1,2,5,25.000000,Watchdog-OLSR,0,-1,-1,-1,-1,-1,-1,-1,1,52.821436,0,0|1|2|3,baseline
164,164,1,2.2.0,2,50,750.000000,1000.000000,0,190.000000,3,1,2,5,25.000000,Watchdog-OLSR,0,-1,-1,-1,-1,-1,-1,-1,1,53.857609,0,0|1|2|3,baseline
167,167,1,2.2.0,2,50,750.000000,1000.000000,0,190.000000,3,1,2,5,25.000000,Watchdog-OLSR,0,-1,-1,-1,-1,-1,-1,-1,1,52.910764,0,0|1|2|3,baseline
171,171,1,2.2.0,2,50,750.000000,1000.000000,0,190.000000,3,1,2,5,25.000000,Watchdog-OLSR,0,-1,-1,-1,-1,-1,-1,-1,1,46.768416,0,0|1|2|3,baseline
170,170,1,2.2.0,2,50,750.000000,1000.000000,0,190.000000,3,1,2,5,25.000000,Watchdog-OLSR,0,-1,-1,-1,-1,-1,-1,-1,1,53.474743,0,0|1|2|3,baseline
172,172,1,2.2.0,2,50,750.000000,1000.000000,0,190.000000,3,1,2,5,25.000000,Watchdog-OLSR,0,-1,-1,-1,-1,-1,-1,-1,1,57.410158,0,0|1|2|3,baseline
177,177,1,2.2.0,2,50,750.000000,1000.000000,0,190.000000,3,1,2,5,25.000000,Watchdog-OLSR,0,-1,-1,-1,-1,-1,-1,-1,1,44.247505,0,0|1|2|3,baseline
174,174,1,2.2.0,2,50,750.000000,1000.000000,0,190.000000,3,1,2,5,25.000000,Watchdog-OLSR,0,-1,-1,-1,-1,-1,-1,-1,1,59.386664,0,0|1|2|3,baseline
191,191,1,2.2.0,2,50,750.000000,1000.000000,0,190.000000,3,1,2,5,25.000000,Watchdog-OLSR,0,-1,-1,-1,-1,-1,-1,-1,1,46.935239,0,0|1|2|3,baseline
188,188,1,2.2.0,2,50,750.000000,1000.000000,0,190.000000,3,1,2,5,25.000000,Watchdog-OLSR,0,-1,-1,-1,-1,-1,-1,-1,1,62.355861,0,0|1|2|3,baseline
196,196,1,2.2.0,2,50,750.000000,1000.000000,0,190.000000,3,1,2,5,25.000000,Watchdog-OLSR,0,-1,-1,-1,-1,-1,-1,-1,1,55.052092,0,0|1|2|3,baseline
193,193,1,2.2.0,2,50,750.000000,1000.000000,0,190.000000,3,1,2,5,25.000000,Watchdog-OLSR,0,-1,-1,-1,-1,-1,-1,-1,1,64.289107,0,0|1|2|3,baseline
200,200,1,2.2.0,2,50,750.000000,1000.000000,0,190.000000,3,1,2,5,25.000000,Watchdog-OLSR,0,-1,-1,-1,-1,-1,-1,-1,1,58.252313,0,0|1|2|3,baseline
201,201,1,2.2.0,2,50,750.000000,1000.000000,0,190.000000,3,1,2,5,25.000000,Watchdog-OLSR,0,-1,-1,-1,-1,-1,-1,-1,1,62.148612,0,0|1|2|3,baseline
202,202,1,2.2.0,2,50,750.000000,1000.000000,0,190.000000,3,1,2,5,25.000000,Watchdog-OLSR,0,-1,-1,-1,-1,-1,-1,-1,1,61.820522,0,0|1|2|3,baseline
206,206,1,2.2.0,2,50,750.000000,1000.000000,0,190.000000,3,1,2,5,25.000000,Watchdog-OLSR,0,-1,-1,-1,-1,-1,-1,-1,1,49.808183,0,0|1|2|3,baseline
208,208,1,2.2.0,2,50,750.000000,1000.000000,0,190.000000,3,1,2,5,25.000000,Watchdog-OLSR,0,-1,-1,-1,-1,-1,-1,-1,1,53.128740,0,0|1|2|3,baseline
207,207,1,2.2.0,2,50,750.000000,1000.000000,0,190.000000,3,1,2,5,25.000000,Watchdog-OLSR,0,-1,-1,-1,-1,-1,-1,-1,1,64.026219,0,0|1|2|3,baseline
210,210,1,2.2.0,2,50,750.000000,1000.000000,0,190.000000,3,1,2,5,25.000000,Watchdog-OLSR,0,-1,-1,-1,-1,-1,-1,-1,1,57.188601,0,0|1|2|3,baseline
215,215,1,2.2.0,2,50,750.000000,1000.000000,0,190.000000,3,1,2,5,25.000000,Watchdog-OLSR,0,-1,-1,-1,-1,-1,-1,-1,1,48.316596,0,0|1|2|3,baseline
212,212,1,2.2.0,2,50,750.000000,1000.000000,0,190.000000,3,1,2,5,25.000000,Watchdog-OLSR,0,-1,-1,-1,-1,-1,-1,-1,1,60.397110,0,0|1|2|3,baseline
219,219,1,2.2.0,2,50,750.000000,1000.000000,0,190.000000,3,1,2,5,25.000000,Watchdog-OLSR,0,-1,-1,-1,-1,-1,-1,-1,1,75.153056,0,0|1|2|3,baseline
229,229,1,2.2.0,2,50,750.000000,1000.000000,0,190.000000,3,1,2,5,25.000000,Watchdog-OLSR,0,-1,-1,-1,-1,-1,-1,-1,1,86.763080,0,0|1|2|3,baseline
236,236,1,2.2.0,2,50,750.000000,1000.000000,0,190.000000,3,1,2,5,25.000000,Watchdog-OLSR,0,-1,-1,-1,-1,-1,-1,-1,1,81.617698,0,0|1|2|3,baseline
239,239,1,2.2.0,2,50,750.000000,1000.000000,0,190.000000,3,1,2,5,25.000000,Watchdog-OLSR,0,-1,-1,-1,-1,-1,-1,-1,1,75.997000,0,0|1|2|3,baseline
243,243,1,2.2.0,2,50,750.000000,1000.000000,0,190.000000,3,1,2,5,25.000000,Watchdog-OLSR,0,-1,-1,-1,-1,-1,-1,-1,1,68.524054,0,0|1|2|3,baseline
249,249,1,2.2.0,2,50,750.000000,1000.000000,0,190.000000,3,1,2,5,25.000000,Watchdog-OLSR,0,-1,-1,-1,-1,-1,-1,-1,1,60.235702,0,0|1|2|3,baseline
258,258,1,2.2.0,2,50,750.000000,1000.000000,0,190.000000,3,1,2,5,25.000000,Watchdog-OLSR,0,-1,-1,-1,-1,-1,-1,-1,1,52.644888,0,0|1|2|3,baseline
259,259,1,2.2.0,2,50,750.000000,1000.000000,0,190.000000,3,1,2,5,25.000000,Watchdog-OLSR,0,-1,-1,-1,-1,-1,-1,-1,1,51.911926,0,0|1|2|3,baseline
262,262,1,2.2.0,2,50,750.000000,1000.000000,0,190.000000,3,1,2,5,25.000000,Watchdog-OLSR,0,-1,-1,-1,-1,-1,-1,-1,1,49.968719,0,0|1|2|3,baseline
264,264,1,2.2.0,2,50,750.000000,1000.000000,0,190.000000,3,1,2,5,25.000000,Watchdog-OLSR,0,-1,-1,-1,-1,-1,-1,-1,1,48.571231,0,0|1|2|3,baseline
266,266,1,2.2.0,2,50,750.000000,1000.000000,0,190.000000,3,1,2,5,25.000000,Watchdog-OLSR,0,-1,-1,-1,-1,-1,-1,-1,1,52.875599,0,0|1|2|3,baseline
265,265,1,2.2.0,2,50,750.000000,1000.000000,0,190.000000,3,1,2,5,25.000000,Watchdog-OLSR,0,-1,-1,-1,-1,-1,-1,-1,1,56.815760,0,0|1|2|3,baseline
269,269,1,2.2.0,2,50,750.000000,1000.000000,0,190.000000,3,1,2,5,25.000000,Watchdog-OLSR,0,-1,-1,-1,-1,-1,-1,-1,1,45.671971,0,0|1|2|3,baseline
268,268,1,2.2.0,2,50,750.000000,1000.000000,0,190.000000,3,1,2,5,25.000000,Watchdog-OLSR,0,-1,-1,-1,-1,-1,-1,-1,1,50.764731,0,0|1|2|3,baseline
272,272,1,2.2.0,2,50,750.000000,1000.000000,0,190.000000,3,1,2,5,25.000000,Watchdog-OLSR,0,-1,-1,-1,-1,-1,-1,-1,1,45.830803,0,0|1|2|3,baseline
271,271,1,2.2.0,2,50,750.000000,1000.000000,0,190.000000,3,1,2,5,25.000000,Watchdog-OLSR,0,-1,-1,-1,-1,-1,-1,-1,1,52.480376,0,0|1|2|3,baseline
273,273,1,2.2.0,2,50,750.000000,1000.000000,0,190.000000,3,1,2,5,25.000000,Watchdog-OLSR,0,-1,-1,-1,-1,-1,-1,-1,1,51.900998,0,0|1|2|3,baseline
279,279,1,2.2.0,2,50,750.000000,1000.000000,0,190.000000,3,1,2,5,25.000000,Watchdog-OLSR,0,-1,-1,-1,-1,-1,-1,-1,1,57.304995,0,0|1|2|3,baseline
285,285,1,2.2.0,2,50,750.000000,1000.000000,0,190.000000,3,1,2,5,25.000000,Watchdog-OLSR,0,-1,-1,-1,-1,-1,-1,-1,1,47.650958,0,0|1|2|3,baseline
283,283,1,2.2.0,2,50,750.000000,1000.000000,0,190.000000,3,1,2,5,25.000000,Watchdog-OLSR,0,-1,-1,-1,-1,-1,-1,-1,1,57.217370,0,0|1|2|3,baseline
286,286,1,2.2.0,2,50,750.000000,1000.000000,0,190.000000,3,1,2,5,25.000000,Watchdog-OLSR,0,-1,-1,-1,-1,-1,-1,-1,1,50.465464,0,0|1|2|3,baseline
287,287,1,2.2.0,2,50,750.000000,1000.000000,0,190.000000,3,1,2,5,25.000000,Watchdog-OLSR,0,-1,-1,-1,-1,-1,-1,-1,1,66.683024,0,0|1|2|3,baseline
293,293,1,2.2.0,2,50,750.000000,1000.000000,0,190.000000,3,1,2,5,25.000000,Watchdog-OLSR,0,-1,-1,-1,-1,-1,-1,-1,1,70.533757,0,0|1|2|3,baseline
294,294,1,2.2.0,2,50,750.000000,1000.000000,0,190.000000,3,1,2,5,25.000000,Watchdog-OLSR,0,-1,-1,-1,-1,-1,-1,-1,1,78.103572,0,0|1|2|3,baseline
298,298,1,2.2.0,2,50,750.000000,1000.000000,0,190.000000,3,1,2,5,25.000000,Watchdog-OLSR,0,-1,-1,-1,-1,-1,-1,-1,1,70.916502,0,0|1|2|3,baseline
297,297,1,2.2.0,2,50,750.000000,1000.000000,0,190.000000,3,1,2,5,25.000000,Watchdog-OLSR,0,-1,-1,-1,-1,-1,-1,-1,1,77.640721,0,0|1|2|3,baseline
307,307,1,2.2.0,2,50,750.000000,1000.000000,0,190.000000,3,1,2,5,25.000000,Watchdog-OLSR,0,-1,-1,-1,-1,-1,-1,-1,1,63.448318,0,0|1|2|3,baseline
308,308,1,2.2.0,2,50,750.000000,1000.000000,0,190.000000,3,1,2,5,25.000000,Watchdog-OLSR,0,-1,-1,-1,-1,-1,-1,-1,1,61.680746,0,0|1|2|3,baseline
310,310,1,2.2.0,2,50,750.000000,1000.000000,0,190.000000,3,1,2,5,25.000000,Watchdog-OLSR,0,-1,-1,-1,-1,-1,-1,-1,1,75.627928,0,0|1|2|3,baseline
317,317,1,2.2.0,2,50,750.000000,1000.000000,0,190.000000,3,1,2,5,25.000000,Watchdog-OLSR,0,-1,-1,-1,-1,-1,-1,-1,1,55.269219,0,0|1|2|3,baseline
316,316,1,2.2.0,2,50,750.000000,1000.000000,0,190.000000,3,1,2,5,25.000000,Watchdog-OLSR,0,-1,-1,-1,-1,-1,-1,-1,1,61.048798,0,0|1|2|3,baseline
321,321,1,2.2.0,2,50,750.000000,1000.000000,0,190.000000,3,1,2,5,25.000000,Watchdog-OLSR,0,-1,-1,-1,-1,-1,-1,-1,1,49.732779,0,0|1|2|3,baseline
319,319,1,2.2.0,2,50,750.000000,1000.000000,0,190.000000,3,1,2,5,25.000000,Watchdog-OLSR,0,-1,-1,-1,-1,-1,-1,-1,1,59.975680,0,0|1|2|3,baseline
323,323,1,2.2.0,2,50,750.000000,1000.000000,0,190.000000,3,1,2,5,25.000000,Watchdog-OLSR,0,-1,-1,-1,-1,-1,-1,-1,1,48.730317,0,0|1|2|3,baseline
322,322,1,2.2.0,2,50,750.000000,1000.000000,0,190.000000,3,1,2,5,25.000000,Watchdog-OLSR,0,-1,-1,-1,-1,-1,-1,-1,1,51.740865,0,0|1|2|3,baseline
327,327,1,2.2.0,2,50,750.000000,1000.000000,0,190.000000,3,1,2,5,25.000000,Watchdog-OLSR,0,-1,-1,-1,-1,-1,-1,-1,1,34.948888,0,0|1|2|3,baseline
330,330,1,2.2.0,2,50,750.000000,1000.000000,0,190.000000,3,1,2,5,25.000000,Watchdog-OLSR,0,-1,-1,-1,-1,-1,-1,-1,1,23.136158,0,0|1|2|3,baseline
