run_id,scenario,window_start,window_end,throughput_mbps,pdr_percent,avg_delay_s,tx_packets,rx_packets,rx_bytes,udp_rx_in_window,udp_expected_in_window,udp_loss_percent,overhead_ratio,hello_count,olsr_control_bytes_with_hello,path_hops_internal,min_attacker_trust,avg_attacker_trust,blacklist_max_size,mac_tx_in_window,mac_drop_in_window,mac_tx_total,mac_drop_total
9,baseline,120.000000,160.000000,0.001944,100.000000,0.030801,18,18,9720,18,18,0.000000,25.380658,1000,246700,6,1.000000,1.000000,0,1685,0,6246,0
9,attack_only,220.000000,260.000000,0.000000,0.000000,0.000000,18,0,0,0,18,100.000000,0.000000,1000,247660,6,1.000000,1.000000,0,1671,0,10337,0
9,defense_only,320.000000,360.000000,0.001944,100.000000,0.021402,18,18,9720,18,18,0.000000,25.693827,1000,249744,6,1.000000,1.000000,0,1689,0,14380,0
9,defense_vs_attack,420.000000,460.000000,0.000000,0.000000,0.000000,18,0,0,0,18,100.000000,0.000000,1000,251044,6,1.000000,1.000000,0,2007,0,18762,0
8,baseline,120.000000,160.000000,0.001944,100.000000,0.026592,18,18,9720,18,18,0.000000,26.978601,1000,262232,5,1.000000,1.000000,0,1759,0,6650,0
8,attack_only,220.000000,260.000000,0.001944,100.000000,0.009911,18,18,9720,18,18,0.000000,26.887654,1000,261348,5,1.000000,1.000000,0,1752,0,10909,0
8,defense_only,320.000000,360.000000,0.001944,100.000000,0.021841,18,18,9720,18,18,0.000000,27.152675,1000,263924,5,1.000000,1.000000,0,1783,0,15211,0
8,defense_vs_attack,420.000000,460.000000,0.001944,100.000000,0.012529,18,18,9720,18,18,0.000000,27.030864,1000,262740,5,1.000000,1.000000,0,1783,0,19521,0
2,baseline,120.000000,160.000000,0.001944,100.000000,0.026630,18,18,9720,18,18,0.000000,30.764198,1000,299028,5,1.000000,1.000000,0,1781,0,6609,0
2,attack_only,220.000000,260.000000,0.001944,100.000000,0.009892,18,18,9720,18,18,0.000000,30.661728,1000,298032,5,1.000000,1.000000,0,1737,0,10796,0
2,defense_only,320.000000,360.000000,0.001944,100.000000,0.021978,18,18,9720,18,18,0.000000,31.053909,1000,301844,5,1.000000,1.000000,0,1764,0,15065,0
2,defense_vs_attack,420.000000,460.000000,0.001944,100.000000,0.012114,18,18,9720,18,18,0.000000,30.471193,1000,296180,5,1.000000,1.000000,0,1722,0,19237,0
12,baseline,120.000000,160.000000,0.001944,100.000000,0.015051,18,18,9720,18,18,0.000000,31.982305,1000,310868,3,1.000000,1.000000,0,1813,0,6952,0
12,attack_only,220.000000,260.000000,0.001944,100.000000,0.005790,18,18,9720,18,18,0.000000,30.446091,1000,295936,3,1.000000,1.000000,0,1811,0,11414,0
12,defense_only,320.000000,360.000000,0.001944,100.000000,0.013222,18,18,9720,18,18,0.000000,31.639918,1000,307540,3,1.000000,1.000000,0,1778,0,15793,0
12,defense_vs_attack,420.000000,460.000000,0.001944,100.000000,0.007066,18,18,9720,18,18,0.000000,30.282716,1000,294348,3,1.000000,1.000000,0,1812,0,20205,0
7,baseline,120.000000,160.000000,0.001944,100.000000,0.031303,18,18,9720,18,18,0.000000,26.948148,1000,261936,6,1.000000,1.000000,0,1644,0,6156,0
7,attack_only,220.000000,260.000000,0.000000,0.000000,0.000000,18,0,0,0,18,100.000000,0.000000,1000,259564,6,1.000000,1.000000,0,1553,0,10035,0
7,defense_only,320.000000,360.000000,0.001944,100.000000,0.011972,18,18,9720,18,18,0.000000,26.904938,1000,261516,6,1.000000,1.000000,0,1686,0,14079,0
7,defense_vs_attack,420.000000,460.000000,0.000540,27.777778,0.027255,18,5,2700,5,18,72.222222,98.080000,1000,264816,6,1.000000,1.000000,0,1625,0,18027,0
18,baseline,120.000000,160.000000,0.001944,100.000000,0.020282,18,18,9720,18,18,0.000000,30.249794,1000,294028,4,1.000000,1.000000,0,1696,0,6393,0
18,attack_only,220.000000,260.000000,0.001944,100.000000,0.007999,18,18,9720,18,18,0.000000,30.072016,1000,292300,4,1.000000,1.000000,0,1657,0,10471,0
18,defense_only,320.000000,360.000000,0.001944,100.000000,0.019529,18,18,9720,18,18,0.000000,30.239506,1000,293928,4,1.000000,1.000000,0,1726,0,14619,0
18,defense_vs_attack,420.000000,460.000000,0.001944,100.000000,0.010674,18,18,9720,18,18,0.000000,29.737860,1000,289052,4,1.000000,1.000000,0,1708,0,18715,0
24,baseline,120.000000,160.000000,0.001944,100.000000,0.035546,18,18,9720,18,18,0.000000,31.580658,1000,306964,7,1.000000,1.000000,0,1902,0,6906,0
24,attack_only,220.000000,260.000000,0.000000,0.000000,0.000000,18,0,0,0,18,100.000000,0.000000,1000,292808,7,1.000000,1.000000,0,1788,0,11297,0
24,defense_only,320.000000,360.000000,0.001944,100.000000,0.023169,18,18,9720,18,18,0.000000,31.346091,1000,304684,7,1.000000,1.000000,0,1885,0,15858,0
24,defense_vs_attack,420.000000,460.000000,0.000216,11.111111,0.025694,18,2,1080,2,18,88.888889,286.359259,1000,309268,7,1.000000,1.000000,0,1885,0,20351,0
28,baseline,120.000000,160.000000,0.001944,100.000000,0.015519,18,18,9720,18,18,0.000000,29.927160,1000,290892,3,1.000000,1.000000,0,1788,0,6772,0
28,attack_only,220.000000,260.000000,0.000000,0.000000,0.000000,18,0,0,0,18,100.000000,0.000000,1000,289112,3,1.000000,1.000000,0,1731,0,11069,0
28,defense_only,320.000000,360.000000,0.001944,100.000000,0.008333,18,18,9720,18,18,0.000000,29.818930,1000,289840,3,1.000000,1.000000,0,1789,0,15478,0
28,defense_vs_attack,420.000000,460.000000,0.001512,77.777778,0.017052,18,14,7560,14,18,22.222222,38.592063,1000,291756,3,1.000000,1.000000,0,1760,0,19757,0
35,baseline,120.000000,160.000000,0.001944,100.000000,0.020714,18,18,9720,18,18,0.000000,25.944033,1000,252176,4,1.000000,1.000000,0,1677,0,6295,0
35,attack_only,220.000000,260.000000,0.001944,100.000000,0.007793,18,18,9720,18,18,0.000000,26.479424,1000,257380,4,1.000000,1.000000,0,1699,0,10422,0
35,defense_only,320.000000,360.000000,0.001944,100.000000,0.017175,18,18,9720,18,18,0.000000,25.701646,1000,249820,4,1.000000,1.000000,0,1666,0,14483,0
35,defense_vs_attack,420.000000,460.000000,0.001944,100.000000,0.009499,18,18,9720,18,18,0.000000,26.788477,1000,260384,4,1.000000,1.000000,0,1719,0,18660,0
31,baseline,120.000000,160.000000,0.001944,100.000000,0.020693,18,18,9720,18,18,0.000000,32.162963,1000,312624,4,1.000000,1.000000,0,1787,0,6706,0
31,attack_only,220.000000,260.000000,0.001944,100.000000,0.008030,18,18,9720,18,18,0.000000,32.560082,1000,316484,4,1.000000,1.000000,0,1776,0,11057,0
31,defense_only,320.000000,360.000000,0.001944,100.000000,0.017327,18,18,9720,18,18,0.000000,32.210700,1000,313088,4,1.000000,1.000000,0,1774,0,15426,0
31,defense_vs_attack,420.000000,460.000000,0.001944,100.000000,0.010953,18,18,9720,18,18,0.000000,32.806173,1000,318876,4,1.000000,1.000000,0,1776,0,19744,0
43,baseline,120.000000,160.000000,0.001944,100.000000,0.021063,18,18,9720,18,18,0.000000,24.920165,1000,242224,4,1.000000,1.000000,0,1657,0,6236,0
43,attack_only,220.000000,260.000000,0.000000,0.000000,0.000000,18,0,0,0,18,100.000000,0.000000,1000,249824,5,1.000000,1.000000,0,1604,0,10190,0
43,defense_only,320.000000,360.000000,0.001944,100.000000,0.010154,18,18,9720,18,18,0.000000,24.945267,1000,242468,4,1.000000,1.000000,0,1648,0,14204,0
43,defense_vs_attack,420.000000,460.000000,0.001512,77.777778,0.015696,18,14,7560,14,18,22.222222,34.056614,1000,257468,5,1.000000,1.000000,0,1692,0,18263,0
45,baseline,120.000000,160.000000,0.001944,100.000000,0.031939,18,18,9720,18,18,0.000000,25.247737,1000,245408,6,1.000000,1.000000,0,1700,0,6229,0
45,attack_only,220.000000,260.000000,0.000000,0.000000,0.000000,18,0,0,0,18,100.000000,0.000000,1000,236600,6,1.000000,1.000000,0,1617,0,10244,0
45,defense_only,320.000000,360.000000,0.001944,100.000000,0.011872,18,18,9720,18,18,0.000000,25.045679,1000,243444,6,1.000000,1.000000,0,1660,0,14262,0
45,defense_vs_attack,420.000000,460.000000,0.000972,50.000000,0.024858,18,9,4860,9,18,50.000000,48.875720,1000,237536,6,1.000000,1.000000,0,1625,0,18239,0
42,baseline,120.000000,160.000000,0.001944,100.000000,0.026534,18,18,9720,18,18,0.000000,32.883128,1000,319624,5,1.000000,1.000000,0,1880,0,6965,0
42,attack_only,220.000000,260.000000,0.001944,100.000000,0.010561,18,18,9720,18,18,0.000000,32.547737,1000,316364,5,1.000000,1.000000,0,1828,0,11434,0
42,defense_only,320.000000,360.000000,0.001944,100.000000,0.021634,18,18,9720,18,18,0.000000,32.945679,1000,320232,5,1.000000,1.000000,0,1906,0,16021,0
42,defense_vs_attack,420.000000,460.000000,0.001944,100.000000,0.011968,18,18,9720,18,18,0.000000,32.800823,1000,318824,5,1.000000,1.000000,0,1840,0,20510,0
47,baseline,120.000000,160.000000,0.001944,100.000000,0.015247,18,18,9720,18,18,0.000000,30.040741,1000,291996,3,1.000000,1.000000,0,1721,0,6483,0
47,attack_only,220.000000,260.000000,0.001944,100.000000,0.005790,18,18,9720,18,18,0.000000,30.023868,1000,291832,3,1.000000,1.000000,0,1698,0,10678,0
47,defense_only,320.000000,360.000000,0.001944,100.000000,0.012813,18,18,9720,18,18,0.000000,29.996296,1000,291564,3,1.000000,1.000000,0,1722,0,14846,0
47,defense_vs_attack,420.000000,460.000000,0.001944,100.000000,0.007079,18,18,9720,18,18,0.000000,30.166667,1000,293220,3,1.000000,1.000000,0,1709,0,19027,0
49,baseline,120.000000,160.000000,0.001944,100.000000,0.031600,18,18,9720,18,18,0.000000,31.474486,1000,305932,6,1.000000,1.000000,0,1770,0,6583,0
49,attack_only,220.000000,260.000000,0.001944,100.000000,0.013915,18,18,9720,18,18,0.000000,31.016872,1000,301484,6,1.000000,1.000000,0,1774,0,10846,0
49,defense_only,320.000000,360.000000,0.001944,100.000000,0.023525,18,18,9720,18,18,0.000000,31.607407,1000,307224,6,1.000000,1.000000,0,1772,0,15083,0
49,defense_vs_attack,420.000000,460.000000,0.001944,100.000000,0.014201,18,18,9720,18,18,0.000000,31.378601,1000,305000,6,1.000000,1.000000,0,1799,0,19378,0
56,baseline,120.000000,160.000000,0.001944,100.000000,0.080957,18,18,9720,18,18,0.000000,22.351029,1000,217252,5,1.000000,1.000000,0,1637,0,6130,0
56,attack_only,220.000000,260.000000,0.001944,100.000000,0.010194,18,18,9720,18,18,0.000000,23.916461,1000,232468,5,1.000000,1.000000,0,1681,0,10157,0
56,defense_only,320.000000,360.000000,0.001944,100.000000,0.022525,18,18,9720,18,18,0.000000,23.048560,1000,224032,5,1.000000,1.000000,0,1632,0,14140,0
56,defense_vs_attack,420.000000,460.000000,0.001944,100.000000,0.012611,18,18,9720,18,18,0.000000,23.798765,1000,231324,5,1.000000,1.000000,0,1645,0,18161,0
64,baseline,120.000000,160.000000,0.001944,100.000000,0.071072,18,18,9720,18,18,0.000000,25.919753,1000,251940,3,1.000000,1.000000,0,1647,0,6248,0
64,attack_only,220.000000,260.000000,0.001944,100.000000,0.006729,18,18,9720,18,18,0.000000,25.863374,1000,251392,3,1.000000,1.000000,0,1622,0,10224,0
64,defense_only,320.000000,360.000000,0.001944,100.000000,0.012383,18,18,9720,18,18,0.000000,26.150206,1000,254180,3,1.000000,1.000000,0,1625,0,14228,0
64,defense_vs_attack,420.000000,460.000000,0.001944,100.000000,0.007488,18,18,9720,18,18,0.000000,25.655556,1000,249372,3,1.000000,1.000000,0,1627,0,18174,0
66,baseline,120.000000,160.000000,0.001944,100.000000,0.021247,18,18,9720,18,18,0.000000,24.505761,1000,238196,4,1.000000,1.000000,0,1662,0,6229,0
66,attack_only,220.000000,260.000000,0.001944,100.000000,0.007952,18,18,9720,18,18,0.000000,23.105350,1000,224584,4,1.000000,1.000000,0,1616,0,10206,0
66,defense_only,320.000000,360.000000,0.001944,100.000000,0.017091,18,18,9720,18,18,0.000000,24.196296,1000,235188,4,1.000000,1.000000,0,1616,0,14164,0
66,defense_vs_attack,420.000000,460.000000,0.001944,100.000000,0.009862,18,18,9720,18,18,0.000000,23.088889,1000,224424,4,1.000000,1.000000,0,1617,0,18092,0
65,baseline,120.000000,160.000000,0.001944,100.000000,0.021301,18,18,9720,18,18,0.000000,29.169547,1000,283528,4,1.000000,1.000000,0,1749,0,6602,0
65,attack_only,220.000000,260.000000,0.001944,100.000000,0.008401,18,18,9720,18,18,0.000000,28.835802,1000,280284,4,1.000000,1.000000,0,1715,0,10839,0
65,defense_only,320.000000,360.000000,0.001944,100.000000,0.017033,18,18,9720,18,18,0.000000,28.806173,1000,279996,4,1.000000,1.000000,0,1753,0,15133,0
65,defense_vs_attack,420.000000,460.000000,0.001944,100.000000,0.009964,18,18,9720,18,18,0.000000,28.943621,1000,281332,4,1.000000,1.000000,0,1757,0,19427,0
62,baseline,120.000000,160.000000,0.001944,100.000000,0.036150,18,18,9720,18,18,0.000000,27.976543,1000,271932,7,1.000000,1.000000,0,1816,0,6647,0
62,attack_only,220.000000,260.000000,0.001944,100.000000,0.013951,18,18,9720,18,18,0.000000,27.844033,1000,270644,7,1.000000,1.000000,0,1745,0,10820,0
62,defense_only,320.000000,360.000000,0.001512,77.777778,0.034229,18,14,7560,14,18,22.222222,35.129101,1000,265576,7,1.000000,1.000000,0,1748,0,15029,0
62,defense_vs_attack,420.000000,460.000000,0.001944,100.000000,0.023718,18,18,9720,18,18,0.000000,27.887243,1000,271064,7,1.000000,1.000000,0,1746,0,19259,0
63,baseline,120.000000,160.000000,0.001944,100.000000,0.015505,18,18,9720,18,18,0.000000,25.123045,1000,244196,3,1.000000,1.000000,0,1627,0,6010,0
63,attack_only,220.000000,260.000000,0.001944,100.000000,0.005789,18,18,9720,18,18,0.000000,24.208642,1000,235308,3,1.000000,1.000000,0,1529,0,9781,0
63,defense_only,320.000000,360.000000,0.001944,100.000000,0.012907,18,18,9720,18,18,0.000000,25.210288,1000,245044,3,1.000000,1.000000,0,1605,0,13694,0
63,defense_vs_attack,420.000000,460.000000,0.001944,100.000000,0.007193,18,18,9720,18,18,0.000000,24.220988,1000,235428,3,1.000000,1.000000,0,1539,0,17460,0
67,baseline,120.000000,160.000000,0.001944,100.000000,0.015708,18,18,9720,18,18,0.000000,27.118107,1000,263588,3,1.000000,1.000000,0,1596,0,6098,0
67,attack_only,220.000000,260.000000,0.001944,100.000000,0.006109,18,18,9720,18,18,0.000000,27.996296,1000,272124,3,1.000000,1.000000,0,1628,0,10102,0
67,defense_only,320.000000,360.000000,0.001944,100.000000,0.012703,18,18,9720,18,18,0.000000,27.033333,1000,262764,3,1.000000,1.000000,0,1621,0,14077,0
67,defense_vs_attack,420.000000,460.000000,0.001944,100.000000,0.007948,18,18,9720,18,18,0.000000,27.793416,1000,270152,3,1.000000,1.000000,0,1631,0,18045,0
73,baseline,120.000000,160.000000,0.001944,100.000000,0.025783,18,18,9720,18,18,0.000000,28.993827,1000,281820,5,1.000000,1.000000,0,1740,0,6560,0
73,attack_only,220.000000,260.000000,0.001944,100.000000,0.009799,18,18,9720,18,18,0.000000,29.553498,1000,287260,5,1.000000,1.000000,0,1772,0,10841,0
73,defense_only,320.000000,360.000000,0.001944,100.000000,0.021933,18,18,9720,18,18,0.000000,28.688477,1000,278852,5,1.000000,1.000000,0,1718,0,15033,0
73,defense_vs_attack,420.000000,460.000000,0.001944,100.000000,0.012073,18,18,9720,18,18,0.000000,29.270370,1000,284508,5,1.000000,1.000000,0,1717,0,19219,0
75,baseline,120.000000,160.000000,0.001944,100.000000,0.030989,18,18,9720,18,18,0.000000,28.356790,1000,275628,6,1.000000,1.000000,0,1777,0,6636,0
75,attack_only,220.000000,260.000000,0.000000,0.000000,0.000000,18,0,0,0,18,100.000000,0.000000,1000,274064,6,1.000000,1.000000,0,1713,0,10820,0
75,defense_only,320.000000,360.000000,0.001944,100.000000,0.080166,18,18,9720,18,18,0.000000,28.429218,1000,276332,6,1.000000,1.000000,0,1790,0,15087,0
75,defense_vs_attack,420.000000,460.000000,0.000756,38.888889,0.052393,18,7,3780,7,18,61.111111,71.244444,1000,269304,6,1.000000,1.000000,0,1900,0,19401,0
80,baseline,120.000000,160.000000,0.001944,100.000000,0.031359,18,18,9720,18,18,0.000000,29.110700,1000,282956,6,1.000000,1.000000,0,1772,0,6571,0
80,attack_only,220.000000,260.000000,0.001944,100.000000,0.011890,18,18,9720,18,18,0.000000,30.507407,1000,296532,6,1.000000,1.000000,0,1763,0,10843,0
80,defense_only,320.000000,360.000000,0.001944,100.000000,0.025982,18,18,9720,18,18,0.000000,29.416872,1000,285932,6,1.000000,1.000000,0,1782,0,15080,0
80,defense_vs_attack,420.000000,460.000000,0.001944,100.000000,0.014671,18,18,9720,18,18,0.000000,30.417284,1000,295656,6,1.000000,1.000000,0,1781,0,19332,0
82,baseline,120.000000,160.000000,0.001944,100.000000,0.015385,18,18,9720,18,18,0.000000,21.174897,1000,205820,3,1.000000,1.000000,0,1531,0,5839,0
82,attack_only,220.000000,260.000000,0.001944,100.000000,0.005806,18,18,9720,18,18,0.000000,21.677778,1000,210708,3,1.000000,1.000000,0,1544,0,9620,0
82,defense_only,320.000000,360.000000,0.001944,100.000000,0.013662,18,18,9720,18,18,0.000000,20.974074,1000,203868,3,1.000000,1.000000,0,1522,0,13360,0
82,defense_vs_attack,420.000000,460.000000,0.001944,100.000000,0.007479,18,18,9720,18,18,0.000000,21.484362,1000,208828,3,1.000000,1.000000,0,1530,0,17084,0
77,baseline,120.000000,160.000000,0.001944,100.000000,0.026989,18,18,9720,18,18,0.000000,31.878601,1000,309860,5,1.000000,1.000000,0,1795,0,6745,0
77,attack_only,220.000000,260.000000,0.000000,0.000000,0.000000,18,0,0,0,18,100.000000,0.000000,1000,308396,5,1.000000,1.000000,0,1813,0,11120,0
77,defense_only,320.000000,360.000000,0.001944,100.000000,0.010997,18,18,9720,18,18,0.000000,31.802058,1000,309116,5,1.000000,1.000000,0,1808,0,15465,0
77,defense_vs_attack,420.000000,460.000000,0.000756,38.888889,0.015224,18,7,3780,7,18,61.111111,82.025397,1000,310056,5,1.000000,1.000000,0,1965,0,19957,0
84,baseline,120.000000,160.000000,0.001944,100.000000,0.020047,18,18,9720,18,18,0.000000,29.825103,1000,289900,4,1.000000,1.000000,0,1750,0,6504,0
84,attack_only,220.000000,260.000000,0.001944,100.000000,0.008701,18,18,9720,18,18,0.000000,29.516461,1000,286900,4,1.000000,1.000000,0,1705,0,10680,0
84,defense_only,320.000000,360.000000,0.001944,100.000000,0.016968,18,18,9720,18,18,0.000000,29.742387,1000,289096,4,1.000000,1.000000,0,1716,0,14899,0
84,defense_vs_attack,420.000000,460.000000,0.001944,100.000000,0.009879,18,18,9720,18,18,0.000000,29.541975,1000,287148,4,1.000000,1.000000,0,1693,0,19050,0
94,baseline,120.000000,160.000000,0.001944,100.000000,0.036833,18,18,9720,18,18,0.000000,31.913169,1000,310196,7,1.000000,1.000000,0,1911,0,6938,0
94,attack_only,220.000000,260.000000,0.000000,0.000000,0.000000,18,0,0,0,18,100.000000,0.000000,1000,311628,7,1.000000,1.000000,0,1861,0,11477,0
94,defense_only,320.000000,360.000000,0.001944,100.000000,0.031798,18,18,9720,18,18,0.000000,32.009465,1000,311132,7,1.000000,1.000000,0,1863,0,15965,0
94,defense_vs_attack,420.000000,460.000000,0.000000,0.000000,0.000000,18,0,0,0,18,100.000000,0.000000,1000,309344,7,1.000000,1.000000,0,1859,0,20483,0
95,baseline,120.000000,160.000000,0.001944,100.000000,0.026143,18,18,9720,18,18,0.000000,25.167490,1000,244628,5,1.000000,1.000000,0,1618,0,5996,0
95,attack_only,220.000000,260.000000,0.000000,0.000000,0.000000,18,0,0,0,18,100.000000,0.000000,1000,240464,5,1.000000,1.000000,0,1553,0,9814,0
95,defense_only,320.000000,360.000000,0.001944,100.000000,0.017335,18,18,9720,18,18,0.000000,24.711934,1000,240200,5,1.000000,1.000000,0,1576,0,13639,0
95,defense_vs_attack,420.000000,460.000000,0.001188,61.111111,0.022144,18,11,5940,11,18,38.888889,41.653199,1000,247420,5,1.000000,1.000000,0,1599,0,17490,0
101,baseline,120.000000,160.000000,0.001944,100.000000,0.015491,18,18,9720,18,18,0.000000,25.113169,1000,244100,3,1.000000,1.000000,0,1644,0,6362,0
101,attack_only,220.000000,260.000000,0.001944,100.000000,0.005968,18,18,9720,18,18,0.000000,25.468313,1000,247552,3,1.000000,1.000000,0,1690,0,10519,0
101,defense_only,320.000000,360.000000,0.001944,100.000000,0.016200,18,18,9720,18,18,0.000000,25.311523,1000,246028,3,1.000000,1.000000,0,1666,0,14634,0
101,defense_vs_attack,420.000000,460.000000,0.001944,100.000000,0.013308,18,18,9720,18,18,0.000000,25.381893,1000,246712,3,1.000000,1.000000,0,1673,0,18743,0
105,baseline,120.000000,160.000000,0.001944,100.000000,0.042034,18,18,9720,18,18,0.000000,33.002058,1000,320780,8,1.000000,1.000000,0,1923,0,6978,0
105,attack_only,220.000000,260.000000,0.001944,100.000000,0.015812,18,18,9720,18,18,0.000000,32.867901,1000,319476,8,1.000000,1.000000,0,1877,0,11432,0
105,defense_only,320.000000,360.000000,0.001944,100.000000,0.035051,18,18,9720,18,18,0.000000,33.175720,1000,322468,8,1.000000,1.000000,0,1915,0,16005,0
105,defense_vs_attack,420.000000,460.000000,0.001944,100.000000,0.019302,18,18,9720,18,18,0.000000,32.788889,1000,318708,8,1.000000,1.000000,0,1885,0,20493,0
107,baseline,120.000000,160.000000,0.001944,100.000000,0.026796,18,18,9720,18,18,0.000000,35.685185,1000,346860,5,1.000000,1.000000,0,1894,0,7126,0
107,attack_only,220.000000,260.000000,0.001944,100.000000,0.010543,18,18,9720,18,18,0.000000,36.549794,1000,355264,5,1.000000,1.000000,0,1916,0,11741,0
107,defense_only,320.000000,360.000000,0.001944,100.000000,0.021211,18,18,9720,18,18,0.000000,35.809877,1000,348072,5,1.000000,1.000000,0,1917,0,16412,0
107,defense_vs_attack,420.000000,460.000000,0.001944,100.000000,0.012363,18,18,9720,18,18,0.000000,36.350617,1000,353328,5,1.000000,1.000000,0,1907,0,21013,0
111,baseline,120.000000,160.000000,0.001944,100.000000,0.040884,18,18,9720,18,18,0.000000,25.544444,1000,248292,8,1.000000,1.000000,0,1834,0,6733,0
111,attack_only,220.000000,260.000000,0.001944,100.000000,0.016099,18,18,9720,18,18,0.000000,26.230864,1000,254964,8,1.000000,1.000000,0,1810,0,11060,0
111,defense_only,320.000000,360.000000,0.001944,100.000000,0.035338,18,18,9720,18,18,0.000000,25.623045,1000,249056,8,1.000000,1.000000,0,1811,0,15421,0
111,defense_vs_attack,420.000000,460.000000,0.001944,100.000000,0.019815,18,18,9720,18,18,0.000000,26.281481,1000,255456,8,1.000000,1.000000,0,1792,0,19710,0
110,baseline,120.000000,160.000000,0.001944,100.000000,0.022914,18,18,9720,18,18,0.000000,30.393004,1000,295420,4,1.000000,1.000000,0,1795,0,6848,0
110,attack_only,220.000000,260.000000,0.001944,100.000000,0.009413,18,18,9720,18,18,0.000000,30.562140,1000,297064,4,1.000000,1.000000,0,1789,0,11201,0
110,defense_only,320.000000,360.000000,0.001944,100.000000,0.015364,18,18,9720,18,18,0.000000,30.640741,1000,297828,4,1.000000,1.000000,0,1858,0,15639,0
110,defense_vs_attack,420.000000,460.000000,0.001944,100.000000,0.011329,18,18,9720,18,18,0.000000,29.657613,1000,288272,4,1.000000,1.000000,0,1777,0,19954,0
109,baseline,120.000000,160.000000,0.001944,100.000000,0.025887,18,18,9720,18,18,0.000000,31.874486,1000,309820,5,1.000000,1.000000,0,1949,0,7225,0
109,attack_only,220.000000,260.000000,0.001944,100.000000,0.010111,18,18,9720,18,18,0.000000,32.395473,1000,314884,5,1.000000,1.000000,0,1900,0,11889,0
109,defense_only,320.000000,360.000000,0.001512,77.777778,0.023143,18,14,7560,14,18,22.222222,40.732804,1000,307940,5,1.000000,1.000000,0,1877,0,16474,0
109,defense_vs_attack,420.000000,460.000000,0.001944,100.000000,0.017399,18,18,9720,18,18,0.000000,32.110700,1000,312116,5,1.000000,1.000000,0,1898,0,21140,0
113,baseline,120.000000,160.000000,0.001944,100.000000,0.020848,18,18,9720,18,18,0.000000,30.232510,1000,293860,4,1.000000,1.000000,0,1799,0,6574,0
113,attack_only,220.000000,260.000000,0.000000,0.000000,0.000000,18,0,0,0,18,100.000000,0.000000,1000,293784,5,1.000000,1.000000,0,1711,0,10797,0
113,defense_only,320.000000,360.000000,0.001944,100.000000,0.012795,18,18,9720,18,18,0.000000,30.186008,1000,293408,4,1.000000,1.000000,0,1713,0,14981,0
113,defense_vs_attack,420.000000,460.000000,0.001512,77.777778,0.013214,18,14,7560,14,18,22.222222,38.951852,1000,294476,5,1.000000,1.000000,0,1724,0,19190,0
116,baseline,120.000000,160.000000,0.001944,100.000000,0.025776,18,18,9720,18,18,0.000000,31.783128,1000,308932,5,1.000000,1.000000,0,1834,0,6762,0
116,attack_only,220.000000,260.000000,0.001944,100.000000,0.010700,18,18,9720,18,18,0.000000,31.781070,1000,308912,5,1.000000,1.000000,0,1803,0,11178,0
116,defense_only,320.000000,360.000000,0.001944,100.000000,0.021377,18,18,9720,18,18,0.000000,32.029218,1000,311324,5,1.000000,1.000000,0,1794,0,15525,0
116,defense_vs_attack,420.000000,460.000000,0.001944,100.000000,0.012432,18,18,9720,18,18,0.000000,31.728807,1000,308404,5,1.000000,1.000000,0,1783,0,19876,0
119,baseline,120.000000,160.000000,0.001944,100.000000,0.016021,18,18,9720,18,18,0.000000,25.751029,1000,250300,3,1.000000,1.000000,0,1666,0,6324,0
119,attack_only,220.000000,260.000000,0.001944,100.000000,0.006382,18,18,9720,18,18,0.000000,24.925514,1000,242276,3,1.000000,1.000000,0,1635,0,10354,0
119,defense_only,320.000000,360.000000,0.001944,100.000000,0.013467,18,18,9720,18,18,0.000000,25.563786,1000,248480,3,1.000000,1.000000,0,1627,0,14399,0
119,defense_vs_attack,420.000000,460.000000,0.001944,100.000000,0.011080,18,18,9720,18,18,0.000000,24.779835,1000,240860,3,1.000000,1.000000,0,1622,0,18416,0
122,baseline,120.000000,160.000000,0.001944,100.000000,0.025559,18,18,9720,18,18,0.000000,32.795885,1000,318776,5,1.000000,1.000000,0,1763,0,6620,0
122,attack_only,220.000000,260.000000,0.001944,100.000000,0.009797,18,18,9720,18,18,0.000000,33.759671,1000,328144,5,1.000000,1.000000,0,1756,0,10923,0
122,defense_only,320.000000,360.000000,0.001944,100.000000,0.021656,18,18,9720,18,18,0.000000,33.148148,1000,322200,5,1.000000,1.000000,0,1783,0,15194,0
122,defense_vs_attack,420.000000,460.000000,0.001944,100.000000,0.012210,18,18,9720,18,18,0.000000,33.481070,1000,325436,5,1.000000,1.000000,0,1753,0,19478,0
125,baseline,120.000000,160.000000,0.001944,100.000000,0.025554,18,18,9720,18,18,0.000000,26.529218,1000,257864,5,1.000000,1.000000,0,1658,0,6195,0
125,attack_only,220.000000,260.000000,0.001944,100.000000,0.010504,18,18,9720,18,18,0.000000,26.484774,1000,257432,5,1.000000,1.000000,0,1688,0,10227,0
125,defense_only,320.000000,360.000000,0.001944,100.000000,0.021261,18,18,9720,18,18,0.000000,26.839506,1000,260880,5,1.000000,1.000000,0,1644,0,14188,0
125,defense_vs_attack,420.000000,460.000000,0.001944,100.000000,0.012497,18,18,9720,18,18,0.000000,26.553086,1000,258096,5,1.000000,1.000000,0,1658,0,18190,0
129,baseline,120.000000,160.000000,0.001944,100.000000,0.020832,18,18,9720,18,18,0.000000,29.790535,1000,289564,4,1.000000,1.000000,0,1712,0,6531,0
129,attack_only,220.000000,260.000000,0.001944,100.000000,0.007793,18,18,9720,18,18,0.000000,31.703704,1000,308160,4,1.000000,1.000000,0,1789,0,10879,0
129,defense_only,320.000000,360.000000,0.001944,100.000000,0.017451,18,18,9720,18,18,0.000000,30.332922,1000,294836,4,1.000000,1.000000,0,1769,0,15179,0
129,defense_vs_attack,420.000000,460.000000,0.001944,100.000000,0.009609,18,18,9720,18,18,0.000000,31.740741,1000,308520,4,1.000000,1.000000,0,1751,0,19491,0
132,baseline,120.000000,160.000000,0.001944,100.000000,0.032000,18,18,9720,18,18,0.000000,27.886831,1000,271060,6,1.000000,1.000000,0,1857,0,6782,0
132,attack_only,220.000000,260.000000,0.001944,100.000000,0.018200,18,18,9720,18,18,0.000000,27.655556,1000,268812,6,1.000000,1.000000,0,1839,0,11203,0
132,defense_only,320.000000,360.000000,0.001944,100.000000,0.023118,18,18,9720,18,18,0.000000,27.817695,1000,270388,6,1.000000,1.000000,0,1796,0,15514,0
132,defense_vs_attack,420.000000,460.000000,0.001944,100.000000,0.018174,18,18,9720,18,18,0.000000,27.891770,1000,271108,6,1.000000,1.000000,0,1840,0,19931,0
141,baseline,120.000000,160.000000,0.001944,100.000000,0.020515,18,18,9720,18,18,0.000000,31.085185,1000,302148,4,1.000000,1.000000,0,1753,0,6580,0
141,attack_only,220.000000,260.000000,0.000000,0.000000,0.000000,18,0,0,0,18,100.000000,0.000000,1000,301656,4,1.000000,1.000000,0,1721,0,10831,0
141,defense_only,320.000000,360.000000,0.001944,100.000000,0.016343,18,18,9720,18,18,0.000000,30.983128,1000,301156,4,1.000000,1.000000,0,1782,0,15117,0
141,defense_vs_attack,420.000000,460.000000,0.001944,100.000000,0.011254,18,18,9720,18,18,0.000000,30.665432,1000,298068,4,1.000000,1.000000,0,1758,0,19383,0
148,baseline,120.000000,160.000000,0.001944,100.000000,0.047218,18,18,9720,18,18,0.000000,22.694239,1000,220588,9,1.000000,1.000000,0,1756,0,6268,0
148,attack_only,220.000000,260.000000,0.000000,0.000000,0.000000,18,0,0,0,18,100.000000,0.000000,1000,229812,10,1.000000,1.000000,0,1699,0,10358,0
148,defense_only,320.000000,360.000000,0.001944,100.000000,0.034215,18,18,9720,18,18,0.000000,22.651852,1000,220176,9,1.000000,1.000000,0,1686,0,14387,0
148,defense_vs_attack,420.000000,460.000000,0.001512,77.777778,0.024938,18,14,7560,14,18,22.222222,31.176190,1000,235692,10,1.000000,1.000000,0,1767,0,18509,0
152,baseline,120.000000,160.000000,0.001944,100.000000,0.015323,18,18,9720,18,18,0.000000,23.088889,1000,224424,3,1.000000,1.000000,0,1570,0,5967,0
152,attack_only,220.000000,260.000000,0.001944,100.000000,0.005789,18,18,9720,18,18,0.000000,20.726749,1000,201464,3,1.000000,1.000000,0,1577,0,9792,0
152,defense_only,320.000000,360.000000,0.001944,100.000000,0.012912,18,18,9720,18,18,0.000000,23.072016,1000,224260,3,1.000000,1.000000,0,1582,0,13642,0
152,defense_vs_attack,420.000000,460.000000,0.001944,100.000000,0.007181,18,18,9720,18,18,0.000000,20.544856,1000,199696,3,1.000000,1.000000,0,1541,0,17457,0
151,baseline,120.000000,160.000000,0.001944,100.000000,0.020319,18,18,9720,18,18,0.000000,34.304527,1000,333440,4,1.000000,1.000000,0,1923,0,7025,0
151,attack_only,220.000000,260.000000,0.001944,100.000000,0.007794,18,18,9720,18,18,0.000000,34.663374,1000,336928,4,1.000000,1.000000,0,1852,0,11610,0
151,defense_only,320.000000,360.000000,0.001944,100.000000,0.017343,18,18,9720,18,18,0.000000,34.596708,1000,336280,4,1.000000,1.000000,0,1877,0,16153,0
151,defense_vs_attack,420.000000,460.000000,0.001944,100.000000,0.009683,18,18,9720,18,18,0.000000,34.742798,1000,337700,4,1.000000,1.000000,0,1894,0,20737,0
154,baseline,120.000000,160.000000,0.001944,100.000000,0.020243,18,18,9720,18,18,0.000000,30.029218,1000,291884,4,1.000000,1.000000,0,1823,0,6963,0
154,attack_only,220.000000,260.000000,0.001944,100.000000,0.007896,18,18,9720,18,18,0.000000,29.585185,1000,287568,4,1.000000,1.000000,0,1812,0,11407,0
154,defense_only,320.000000,360.000000,0.001944,100.000000,0.017631,18,18,9720,18,18,0.000000,30.229630,1000,293832,4,1.000000,1.000000,0,1822,0,15850,0
154,defense_vs_attack,420.000000,460.000000,0.001944,100.000000,0.009583,18,18,9720,18,18,0.000000,29.781481,1000,289476,4,1.000000,1.000000,0,1847,0,20376,0
157,baseline,120.000000,160.000000,0.001944,100.000000,0.030764,18,18,9720,18,18,0.000000,24.066255,1000,233924,6,1.000000,1.000000,0,1679,0,6129,0
157,attack_only,220.000000,260.000000,0.000000,0.000000,0.000000,18,0,0,0,18,100.000000,0.000000,1000,227484,6,1.000000,1.000000,0,1605,0,10032,0
157,defense_only,320.000000,360.000000,0.001944,100.000000,0.021262,18,18,9720,18,18,0.000000,23.695885,1000,230324,6,1.000000,1.000000,0,1629,0,14013,0
157,defense_vs_attack,420.000000,460.000000,0.000648,40.000000,0.026804,15,6,3240,6,18,66.666667,70.296296,1000,227760,6,1.000000,1.000000,0,1671,0,17969,0
164,baseline,120.000000,160.000000,0.001944,100.000000,0.016100,18,18,9720,18,18,0.000000,35.418930,1000,344272,3,1.000000,1.000000,0,1873,0,7125,0
164,attack_only,220.000000,260.000000,0.001944,100.000000,0.005789,18,18,9720,18,18,0.000000,35.334568,1000,343452,3,1.000000,1.000000,0,1817,0,11660,0
164,defense_only,320.000000,360.000000,0.001944,100.000000,0.012911,18,18,9720,18,18,0.000000,35.644033,1000,346460,3,1.000000,1.000000,0,1893,0,16211,0
164,defense_vs_attack,420.000000,460.000000,0.001944,100.000000,0.007192,18,18,9720,18,18,0.000000,35.197119,1000,342116,3,1.000000,1.000000,0,1859,0,20738,0
167,baseline,120.000000,160.000000,0.001944,100.000000,0.026298,18,18,9720,18,18,0.000000,31.946091,1000,310516,5,1.000000,1.000000,0,1753,0,6595,0
167,attack_only,220.000000,260.000000,0.000000,0.000000,0.000000,18,0,0,0,18,100.000000,0.000000,1000,313816,6,1.000000,1.000000,0,1723,0,10830,0
167,defense_only,320.000000,360.000000,0.001944,100.000000,0.010275,18,18,9720,18,18,0.000000,32.105350,1000,312064,5,1.000000,1.000000,0,1756,0,15115,0
167,defense_vs_attack,420.000000,460.000000,0.000324,16.666667,0.039329,18,3,1620,3,18,83.333333,195.735802,1000,317092,6,1.000000,1.000000,0,1762,0,19408,0
171,baseline,120.000000,160.000000,0.001944,100.000000,0.056715,18,18,9720,18,18,0.000000,25.150206,1000,244460,11,1.000000,1.000000,0,1944,0,6780,0
171,attack_only,220.000000,260.000000,0.000000,0.000000,0.000000,18,0,0,0,18,100.000000,0.000000,1000,246204,11,1.000000,1.000000,0,1767,0,11077,0
171,defense_only,320.000000,360.000000,0.001944,100.000000,0.022625,18,18,9720,18,18,0.000000,25.646914,1000,249288,11,1.000000,1.000000,0,1868,0,15483,0
171,defense_vs_attack,420.000000,460.000000,0.000000,0.000000,0.000000,18,0,0,0,18,100.000000,0.000000,1000,248400,11,1.000000,1.000000,0,1967,0,19965,0
170,baseline,120.000000,160.000000,0.001944,100.000000,0.015002,18,18,9720,18,18,0.000000,34.095885,1000,331412,3,1.000000,1.000000,0,1827,0,6987,0
170,attack_only,220.000000,260.000000,0.000000,0.000000,0.000000,18,0,0,0,18,100.000000,0.000000,1000,332572,3,1.000000,1.000000,0,1764,0,11427,0
170,defense_only,320.000000,360.000000,0.001944,100.000000,0.008461,18,18,9720,18,18,0.000000,34.190947,1000,332336,3,1.000000,1.000000,0,1834,0,15863,0
170,defense_vs_attack,420.000000,460.000000,0.000000,0.000000,0.000000,18,0,0,0,18,100.000000,0.000000,1000,333688,3,1.000000,1.000000,0,1940,0,20402,0
172,baseline,120.000000,160.000000,0.001944,100.000000,0.020651,18,18,9720,18,18,0.000000,32.085185,1000,311868,4,1.000000,1.000000,0,1794,0,6802,0
172,attack_only,220.000000,260.000000,0.001944,100.000000,0.008433,18,18,9720,18,18,0.000000,30.708230,1000,298484,4,1.000000,1.000000,0,1749,0,11066,0
172,defense_only,320.000000,360.000000,0.001944,100.000000,0.017027,18,18,9720,18,18,0.000000,32.349383,1000,314436,4,1.000000,1.000000,0,1790,0,15415,0
172,defense_vs_attack,420.000000,460.000000,0.001944,100.000000,0.010160,18,18,9720,18,18,0.000000,30.934979,1000,300688,4,1.000000,1.000000,0,1765,0,19721,0
177,baseline,120.000000,160.000000,0.001944,100.000000,0.025819,18,18,9720,18,18,0.000000,22.294650,1000,216704,5,1.000000,1.000000,0,1570,0,5852,0
177,attack_only,220.000000,260.000000,0.001944,100.000000,0.010141,18,18,9720,18,18,0.000000,23.289300,1000,226372,5,1.000000,1.000000,0,1592,0,9632,0
177,defense_only,320.000000,360.000000,0.001944,100.000000,0.021954,18,18,9720,18,18,0.000000,22.145267,1000,215252,5,1.000000,1.000000,0,1568,0,13422,0
177,defense_vs_attack,420.000000,460.000000,0.001944,100.000000,0.012210,18,18,9720,18,18,0.000000,23.295473,1000,226432,5,1.000000,1.000000,0,1596,0,17246,0
174,baseline,120.000000,160.000000,0.001944,100.000000,0.015098,18,18,9720,18,18,0.000000,31.088889,1000,302184,3,1.000000,1.000000,0,1828,0,6942,0
174,attack_only,220.000000,260.000000,0.001944,100.000000,0.006538,18,18,9720,18,18,0.000000,31.104527,1000,302336,3,1.000000,1.000000,0,1789,0,11365,0
174,defense_only,320.000000,360.000000,0.001944,100.000000,0.013008,18,18,9720,18,18,0.000000,31.095885,1000,302252,3,1.000000,1.000000,0,1847,0,15848,0
174,defense_vs_attack,420.000000,460.000000,0.001944,100.000000,0.007066,18,18,9720,18,18,0.000000,31.222222,1000,303480,3,1.000000,1.000000,0,1776,0,20244,0
191,baseline,120.000000,160.000000,0.001944,100.000000,0.016325,18,18,9720,18,18,0.000000,21.674897,1000,210680,3,1.000000,1.000000,0,1523,0,5745,0
191,attack_only,220.000000,260.000000,0.000000,0.000000,0.000000,18,0,0,0,18,100.000000,0.000000,1000,202588,4,1.000000,1.000000,0,1434,0,9309,0
191,defense_only,320.000000,360.000000,0.001944,100.000000,0.005790,18,18,9720,18,18,0.000000,21.625103,1000,210196,3,1.000000,1.000000,0,1496,0,13003,0
191,defense_vs_attack,420.000000,460.000000,0.001512,77.777778,0.013689,18,14,7560,14,18,22.222222,27.667725,1000,209168,4,1.000000,1.000000,0,1520,0,16704,0
188,baseline,120.000000,160.000000,0.001944,100.000000,0.020365,18,18,9720,18,18,0.000000,24.555967,1000,238684,4,1.000000,1.000000,0,1625,0,6105,0
188,attack_only,220.000000,260.000000,0.000000,0.000000,0.000000,18,0,0,0,18,100.000000,0.000000,1000,243916,4,1.000000,1.000000,0,1549,0,9953,0
188,defense_only,320.000000,360.000000,0.001944,100.000000,0.014786,18,18,9720,18,18,0.000000,24.251029,1000,235720,4,1.000000,1.000000,0,1597,0,13820,0
188,defense_vs_attack,420.000000,460.000000,0.001188,61.111111,0.023368,18,11,5940,11,18,38.888889,41.731987,1000,247888,4,1.000000,1.000000,0,1630,0,17737,0
196,baseline,120.000000,160.000000,0.001944,100.000000,0.020256,18,18,9720,18,18,0.000000,31.087654,1000,302172,4,1.000000,1.000000,0,1795,0,6806,0
196,attack_only,220.000000,260.000000,0.001944,100.000000,0.007874,18,18,9720,18,18,0.000000,31.104115,1000,302332,4,1.000000,1.000000,0,1777,0,11150,0
196,defense_only,320.000000,360.000000,0.001944,100.000000,0.017175,18,18,9720,18,18,0.000000,30.970782,1000,301036,4,1.000000,1.000000,0,1793,0,15487,0
196,defense_vs_attack,420.000000,460.000000,0.001944,100.000000,0.010218,18,18,9720,18,18,0.000000,31.122634,1000,302512,4,1.000000,1.000000,0,1779,0,19823,0
193,baseline,120.000000,160.000000,0.001944,100.000000,0.025914,18,18,9720,18,18,0.000000,31.534568,1000,306516,5,1.000000,1.000000,0,1739,0,6570,0
193,attack_only,220.000000,260.000000,0.001944,100.000000,0.019796,18,18,9720,18,18,0.000000,32.441564,1000,315332,5,1.000000,1.000000,0,1804,0,10929,0
193,defense_only,320.000000,360.000000,0.001944,100.000000,0.014698,18,18,9720,18,18,0.000000,31.594650,1000,307100,5,1.000000,1.000000,0,1783,0,15194,0
193,defense_vs_attack,420.000000,460.000000,0.001944,100.000000,0.017908,18,18,9720,18,18,0.000000,32.369547,1000,314632,5,1.000000,1.000000,0,1782,0,19508,0
200,baseline,120.000000,160.000000,0.001944,100.000000,0.031551,18,18,9720,18,18,0.000000,27.013169,1000,262568,6,1.000000,1.000000,0,1680,0,6206,0
200,attack_only,220.000000,260.000000,0.001944,100.000000,0.011803,18,18,9720,18,18,0.000000,25.512757,1000,247984,6,1.000000,1.000000,0,1657,0,10148,0
200,defense_only,320.000000,360.000000,0.001944,100.000000,0.026575,18,18,9720,18,18,0.000000,27.039095,1000,262820,6,1.000000,1.000000,0,1672,0,14169,0
200,defense_vs_attack,420.000000,460.000000,0.001944,100.000000,0.020287,18,18,9720,18,18,0.000000,25.605350,1000,248884,6,1.000000,1.000000,0,1667,0,18163,0
201,baseline,120.000000,160.000000,0.001944,100.000000,0.025867,18,18,9720,18,18,0.000000,28.080658,1000,272944,5,1.000000,1.000000,0,1772,0,6524,0
201,attack_only,220.000000,260.000000,0.001944,100.000000,0.010216,18,18,9720,18,18,0.000000,26.647737,1000,259016,5,1.000000,1.000000,0,1651,0,10575,0
201,defense_only,320.000000,360.000000,0.001944,100.000000,0.021942,18,18,9720,18,18,0.000000,28.186420,1000,273972,5,1.000000,1.000000,0,1721,0,14762,0
201,defense_vs_attack,420.000000,460.000000,0.001944,100.000000,0.012214,18,18,9720,18,18,0.000000,26.877778,1000,261252,5,1.000000,1.000000,0,1713,0,18903,0
202,baseline,120.000000,160.000000,0.001944,100.000000,0.025883,18,18,9720,18,18,0.000000,30.975720,1000,301084,5,1.000000,1.000000,0,1925,0,7008,0
202,attack_only,220.000000,260.000000,0.001944,100.000000,0.009996,18,18,9720,18,18,0.000000,32.597531,1000,316848,5,1.000000,1.000000,0,1883,0,11590,0
202,defense_only,320.000000,360.000000,0.001944,100.000000,0.021908,18,18,9720,18,18,0.000000,30.918107,1000,300524,5,1.000000,1.000000,0,1858,0,16120,0
202,defense_vs_attack,420.000000,460.000000,0.001944,100.000000,0.012215,18,18,9720,18,18,0.000000,32.845679,1000,319260,5,1.000000,1.000000,0,1906,0,20810,0
206,baseline,120.000000,160.000000,0.001944,100.000000,0.031084,18,18,9720,18,18,0.000000,24.366667,1000,236844,6,1.000000,1.000000,0,1643,0,6017,0
206,attack_only,220.000000,260.000000,0.000000,0.000000,0.000000,18,0,0,0,18,100.000000,0.000000,1000,241184,7,1.000000,1.000000,0,1654,0,9980,0
206,defense_only,320.000000,360.000000,0.001944,100.000000,0.011913,18,18,9720,18,18,0.000000,24.306996,1000,236264,6,1.000000,1.000000,0,1623,0,13853,0
206,defense_vs_attack,420.000000,460.000000,0.000972,50.000000,0.022085,18,9,4860,9,18,50.000000,50.450206,1000,245188,7,1.000000,1.000000,0,1643,0,17797,0
208,baseline,120.000000,160.000000,0.001944,100.000000,0.020341,18,18,9720,18,18,0.000000,24.504938,1000,238188,4,1.000000,1.000000,0,1620,0,6045,0
208,attack_only,220.000000,260.000000,0.000000,0.000000,0.000000,18,0,0,0,18,100.000000,0.000000,1000,238088,4,1.000000,1.000000,0,1518,0,9892,0
208,defense_only,320.000000,360.000000,0.001944,100.000000,0.010241,18,18,9720,18,18,0.000000,24.265844,1000,235864,4,1.000000,1.000000,0,1569,0,13765,0
208,defense_vs_attack,420.000000,460.000000,0.000000,0.000000,0.000000,18,0,0,0,18,100.000000,0.000000,1000,241896,4,1.000000,1.000000,0,1881,0,17901,0
207,baseline,120.000000,160.000000,0.001944,100.000000,0.026016,18,18,9720,18,18,0.000000,34.803704,1000,338292,5,1.000000,1.000000,0,1889,0,6946,0
207,attack_only,220.000000,260.000000,0.000000,0.000000,0.000000,18,0,0,0,18,100.000000,0.000000,1000,339532,5,1.000000,1.000000,0,1803,0,11365,0
207,defense_only,320.000000,360.000000,0.001944,100.000000,0.012357,18,18,9720,18,18,0.000000,34.797942,1000,338236,5,1.000000,1.000000,0,1863,0,15800,0
207,defense_vs_attack,420.000000,460.000000,0.001512,77.777778,0.031847,18,14,7560,14,18,22.222222,44.302116,1000,334924,5,1.000000,1.000000,0,1849,0,20286,0
210,baseline,120.000000,160.000000,0.001944,100.000000,0.021220,18,18,9720,18,18,0.000000,26.750206,1000,260012,4,1.000000,1.000000,0,1708,0,6348,0
210,attack_only,220.000000,260.000000,0.001944,100.000000,0.007880,18,18,9720,18,18,0.000000,26.987243,1000,262316,4,1.000000,1.000000,0,1682,0,10425,0
210,defense_only,320.000000,360.000000,0.001944,100.000000,0.017321,18,18,9720,18,18,0.000000,26.962963,1000,262080,4,1.000000,1.000000,0,1691,0,14540,0
210,defense_vs_attack,420.000000,460.000000,0.001944,100.000000,0.010411,18,18,9720,18,18,0.000000,26.611111,1000,258660,4,1.000000,1.000000,0,1693,0,18593,0
215,baseline,120.000000,160.000000,0.001944,100.000000,0.020684,18,18,9720,18,18,0.000000,28.105761,1000,273188,4,1.000000,1.000000,0,1797,0,6621,0
215,attack_only,220.000000,260.000000,0.001944,100.000000,0.007794,18,18,9720,18,18,0.000000,28.346914,1000,275532,4,1.000000,1.000000,0,1746,0,10852,0
215,defense_only,320.000000,360.000000,0.001944,100.000000,0.017176,18,18,9720,18,18,0.000000,28.183128,1000,273940,4,1.000000,1.000000,0,1740,0,15146,0
215,defense_vs_attack,420.000000,460.000000,0.001944,100.000000,0.009845,18,18,9720,18,18,0.000000,28.327160,1000,275340,4,1.000000,1.000000,0,1744,0,19449,0
212,baseline,120.000000,160.000000,0.001944,100.000000,0.015629,18,18,9720,18,18,0.000000,26.524691,1000,257820,3,1.000000,1.000000,0,1658,0,6368,0
212,attack_only,220.000000,260.000000,0.000000,0.000000,0.000000,18,0,0,0,18,100.000000,0.000000,1000,265676,3,1.000000,1.000000,0,1686,0,10502,0
212,defense_only,320.000000,360.000000,0.001944,100.000000,0.008423,18,18,9720,18,18,0.000000,26.797942,1000,260476,3,1.000000,1.000000,0,1659,0,14563,0
212,defense_vs_attack,420.000000,460.000000,0.000000,0.000000,0.000000,4,0,0,0,18,100.000000,0.000000,1000,258928,3,1.000000,1.000000,0,1628,0,18625,0
219,baseline,120.000000,160.000000,0.001944,100.000000,0.015399,18,18,9720,18,18,0.000000,26.901235,1000,261480,3,1.000000,1.000000,0,1574,0,5967,0
219,attack_only,220.000000,260.000000,0.001944,100.000000,0.005909,18,18,9720,18,18,0.000000,28.171193,1000,273824,3,1.000000,1.000000,0,1616,0,9897,0
219,defense_only,320.000000,360.000000,0.001728,88.888889,0.013820,18,16,8640,16,18,11.111111,30.163889,1000,260616,3,1.000000,1.000000,0,1568,0,13762,0
219,defense_vs_attack,420.000000,460.000000,0.001944,100.000000,0.007871,18,18,9720,18,18,0.000000,28.034156,1000,272492,3,1.000000,1.000000,0,1579,0,17688,0
229,baseline,120.000000,160.000000,0.001944,100.000000,0.031679,18,18,9720,18,18,0.000000,27.863374,1000,270832,6,1.000000,1.000000,0,1708,0,6351,0
229,attack_only,220.000000,260.000000,0.001944,100.000000,0.012400,18,18,9720,18,18,0.000000,27.362963,1000,265968,6,1.000000,1.000000,0,1703,0,10465,0
229,defense_only,320.000000,360.000000,0.001944,100.000000,0.026086,18,18,9720,18,18,0.000000,28.041152,1000,272560,6,1.000000,1.000000,0,1714,0,14647,0
229,defense_vs_attack,420.000000,460.000000,0.001944,100.000000,0.014761,18,18,9720,18,18,0.000000,27.669959,1000,268952,6,1.000000,1.000000,0,1714,0,18775,0
236,baseline,120.000000,160.000000,0.001944,100.000000,0.036888,18,18,9720,18,18,0.000000,26.268313,1000,255328,7,1.000000,1.000000,0,1759,0,6413,0
236,attack_only,220.000000,260.000000,0.000000,0.000000,0.000000,18,0,0,0,18,100.000000,0.000000,1000,253952,7,1.000000,1.000000,0,1681,0,10498,0
236,defense_only,320.000000,360.000000,0.001944,100.000000,0.024212,18,18,9720,18,18,0.000000,26.318930,1000,255820,7,1.000000,1.000000,0,1747,0,14668,0
236,defense_vs_attack,420.000000,460.000000,0.000432,22.222222,0.047352,18,4,2160,4,18,77.777778,112.661111,1000,243348,7,1.000000,1.000000,0,2347,0,19406,0
239,baseline,120.000000,160.000000,0.001944,100.000000,0.046606,18,18,9720,18,18,0.000000,24.757202,1000,240640,9,1.000000,1.000000,0,1868,0,6818,0
239,attack_only,220.000000,260.000000,0.001944,100.000000,0.018037,18,18,9720,18,18,0.000000,25.742387,1000,250216,9,1.000000,1.000000,0,1905,0,11319,0
239,defense_only,320.000000,360.000000,0.001944,100.000000,0.039163,18,18,9720,18,18,0.000000,24.686008,1000,239948,9,1.000000,1.000000,0,1862,0,15750,0
239,defense_vs_attack,420.000000,460.000000,0.001944,100.000000,0.022567,18,18,9720,18,18,0.000000,26.272428,1000,255368,9,1.000000,1.000000,0,1939,0,20316,0
243,baseline,120.000000,160.000000,0.001944,100.000000,0.026313,18,18,9720,18,18,0.000000,28.824280,1000,280172,5,1.000000,1.000000,0,1853,0,6879,0
243,attack_only,220.000000,260.000000,0.000000,0.000000,0.000000,18,0,0,0,18,100.000000,0.000000,1000,283148,6,1.000000,1.000000,0,1836,0,11367,0
243,defense_only,320.000000,360.000000,0.001944,100.000000,0.017441,18,18,9720,18,18,0.000000,28.386831,1000,275920,5,1.000000,1.000000,0,1794,0,15804,0
243,defense_vs_attack,420.000000,460.000000,0.001512,77.777778,0.013130,18,14,7560,14,18,22.222222,37.577778,1000,284088,6,1.000000,1.000000,0,1866,0,20329,0
249,baseline,120.000000,160.000000,0.001944,100.000000,0.021457,18,18,9720,18,18,0.000000,29.511934,1000,286856,4,1.000000,1.000000,0,1646,0,6240,0
249,attack_only,220.000000,260.000000,0.001944,100.000000,0.008176,18,18,9720,18,18,0.000000,30.431687,1000,295796,4,1.000000,1.000000,0,1660,0,10268,0
249,defense_only,320.000000,360.000000,0.001944,100.000000,0.016590,18,18,9720,18,18,0.000000,29.694239,1000,288628,4,1.000000,1.000000,0,1653,0,14288,0
249,defense_vs_attack,420.000000,460.000000,0.001944,100.000000,0.010096,18,18,9720,18,18,0.000000,30.657613,1000,297992,4,1.000000,1.000000,0,1689,0,18354,0
258,baseline,120.000000,160.000000,0.001944,100.000000,0.031155,18,18,9720,18,18,0.000000,29.987243,1000,291476,6,1.000000,1.000000,0,1775,0,6666,0
258,attack_only,220.000000,260.000000,0.001944,100.000000,0.012353,18,18,9720,18,18,0.000000,30.118519,1000,292752,6,1.000000,1.000000,0,1770,0,10948,0
258,defense_only,320.000000,360.000000,0.001944,100.000000,0.025568,18,18,9720,18,18,0.000000,30.305761,1000,294572,6,1.000000,1.000000,0,1817,0,15285,0
258,defense_vs_attack,420.000000,460.000000,0.001944,100.000000,0.014738,18,18,9720,18,18,0.000000,30.211523,1000,293656,6,1.000000,1.000000,0,1770,0,19548,0
259,baseline,120.000000,160.000000,0.001944,100.000000,0.016687,18,18,9720,18,18,0.000000,28.878189,1000,280696,3,1.000000,1.000000,0,1730,0,6510,0
259,attack_only,220.000000,260.000000,0.001944,100.000000,0.007046,18,18,9720,18,18,0.000000,29.360082,1000,285380,3,1.000000,1.000000,0,1710,0,10688,0
259,defense_only,320.000000,360.000000,0.001944,100.000000,0.011964,18,18,9720,18,18,0.000000,28.860494,1000,280524,3,1.000000,1.000000,0,1684,0,14852,0
259,defense_vs_attack,420.000000,460.000000,0.001944,100.000000,0.007819,18,18,9720,18,18,0.000000,29.540329,1000,287132,3,1.000000,1.000000,0,1698,0,19061,0
262,baseline,120.000000,160.000000,0.001944,100.000000,0.021018,18,18,9720,18,18,0.000000,33.948148,1000,329976,4,1.000000,1.000000,0,1853,0,7056,0
262,attack_only,220.000000,260.000000,0.000000,0.000000,0.000000,18,0,0,0,18,100.000000,0.000000,1000,321280,4,1.000000,1.000000,0,1847,0,11592,0
262,defense_only,320.000000,360.000000,0.001944,100.000000,0.017297,18,18,9720,18,18,0.000000,34.223457,1000,332652,4,1.000000,1.000000,0,1895,0,16164,0
262,defense_vs_attack,420.000000,460.000000,0.000432,22.222222,0.026163,18,4,2160,4,18,77.777778,151.370370,1000,326960,4,1.000000,1.000000,0,1923,0,20735,0
264,baseline,120.000000,160.000000,0.001944,100.000000,0.031337,18,18,9720,18,18,0.000000,32.096708,1000,311980,6,1.000000,1.000000,0,1872,0,6996,0
264,attack_only,220.000000,260.000000,0.001944,100.000000,0.012021,18,18,9720,18,18,0.000000,33.664198,1000,327216,6,1.000000,1.000000,0,1933,0,11644,0
264,defense_only,320.000000,360.000000,0.001944,100.000000,0.025860,18,18,9720,18,18,0.000000,32.108230,1000,312092,6,1.000000,1.000000,0,1863,0,16162,0
264,defense_vs_attack,420.000000,460.000000,0.001944,100.000000,0.015206,18,18,9720,18,18,0.000000,33.300000,1000,323676,6,1.000000,1.000000,0,1862,0,20747,0
266,baseline,120.000000,160.000000,0.001944,100.000000,0.024768,18,18,9720,18,18,0.000000,31.415638,1000,305360,5,1.000000,1.000000,0,1975,0,7311,0
266,attack_only,220.000000,260.000000,0.001944,100.000000,0.026482,18,18,9720,18,18,0.000000,30.751852,1000,298908,5,1.000000,1.000000,0,1956,0,11958,0
266,defense_only,320.000000,360.000000,0.001944,100.000000,0.010093,18,18,9720,18,18,0.000000,31.133333,1000,302616,5,1.000000,1.000000,0,1893,0,16682,0
266,defense_vs_attack,420.000000,460.000000,0.001944,100.000000,0.022205,18,18,9720,18,18,0.000000,30.264609,1000,294172,5,1.000000,1.000000,0,1891,0,21303,0
265,baseline,120.000000,160.000000,0.001944,100.000000,0.020715,18,18,9720,18,18,0.000000,28.734568,1000,279300,4,1.000000,1.000000,0,1731,0,6580,0
265,attack_only,220.000000,260.000000,0.001944,100.000000,0.007793,18,18,9720,18,18,0.000000,30.037449,1000,291964,4,1.000000,1.000000,0,1760,0,10861,0
265,defense_only,320.000000,360.000000,0.001944,100.000000,0.017176,18,18,9720,18,18,0.000000,28.689300,1000,278860,4,1.000000,1.000000,0,1733,0,15113,0
265,defense_vs_attack,420.000000,460.000000,0.001944,100.000000,0.009870,18,18,9720,18,18,0.000000,29.598354,1000,287696,4,1.000000,1.000000,0,1762,0,19359,0
269,baseline,120.000000,160.000000,0.001944,100.000000,0.020177,18,18,9720,18,18,0.000000,29.888066,1000,290512,4,1.000000,1.000000,0,1745,0,6674,0
269,attack_only,220.000000,260.000000,0.001944,100.000000,0.008820,18,18,9720,18,18,0.000000,32.423457,1000,315156,4,1.000000,1.000000,0,1797,0,11023,0
269,defense_only,320.000000,360.000000,0.001944,100.000000,0.016319,18,18,9720,18,18,0.000000,29.827984,1000,289928,4,1.000000,1.000000,0,1767,0,15326,0
269,defense_vs_attack,420.000000,460.000000,0.001944,100.000000,0.010499,18,18,9720,18,18,0.000000,32.278601,1000,313748,4,1.000000,1.000000,0,1771,0,19639,0
268,baseline,120.000000,160.000000,0.001944,100.000000,0.070942,18,18,9720,18,18,0.000000,29.351852,1000,285300,3,1.000000,1.000000,0,1691,0,6392,0
268,attack_only,220.000000,260.000000,0.001944,100.000000,0.005857,18,18,9720,18,18,0.000000,29.545267,1000,287180,3,1.000000,1.000000,0,1665,0,10490,0
268,defense_only,320.000000,360.000000,0.001944,100.000000,0.012909,18,18,9720,18,18,0.000000,29.627984,1000,287984,3,1.000000,1.000000,0,1704,0,14602,0
268,defense_vs_attack,420.000000,460.000000,0.001944,100.000000,0.007414,18,18,9720,18,18,0.000000,29.737037,1000,289044,3,1.000000,1.000000,0,1677,0,18736,0
272,baseline,120.000000,160.000000,0.001944,100.000000,0.031810,18,18,9720,18,18,0.000000,24.180658,1000,235036,6,1.000000,1.000000,0,1675,0,6165,0
272,attack_only,220.000000,260.000000,0.001944,100.000000,0.011974,18,18,9720,18,18,0.000000,25.104115,1000,244012,6,1.000000,1.000000,0,1665,0,10135,0
272,defense_only,320.000000,360.000000,0.001944,100.000000,0.026229,18,18,9720,18,18,0.000000,24.165844,1000,234892,6,1.000000,1.000000,0,1651,0,14090,0
272,defense_vs_attack,420.000000,460.000000,0.001944,100.000000,0.014671,18,18,9720,18,18,0.000000,25.086831,1000,243844,6,1.000000,1.000000,0,1649,0,18097,0
271,baseline,120.000000,160.000000,0.001944,100.000000,0.020190,18,18,9720,18,18,0.000000,28.274897,1000,274832,4,1.000000,1.000000,0,1751,0,6704,0
271,attack_only,220.000000,260.000000,0.001944,100.000000,0.008270,18,18,9720,18,18,0.000000,29.328807,1000,285076,4,1.000000,1.000000,0,1824,0,11130,0
271,defense_only,320.000000,360.000000,0.001944,100.000000,0.017370,18,18,9720,18,18,0.000000,28.441564,1000,276452,4,1.000000,1.000000,0,1805,0,15477,0
271,defense_vs_attack,420.000000,460.000000,0.001944,100.000000,0.009785,18,18,9720,18,18,0.000000,29.254321,1000,284352,4,1.000000,1.000000,0,1806,0,19886,0
273,baseline,120.000000,160.000000,0.001944,100.000000,0.036534,18,18,9720,18,18,0.000000,25.491358,1000,247776,7,1.000000,1.000000,0,1715,0,6345,0
273,attack_only,220.000000,260.000000,0.000000,0.000000,0.000000,18,0,0,0,18,100.000000,0.000000,1000,257572,7,1.000000,1.000000,0,1686,0,10413,0
273,defense_only,320.000000,360.000000,0.001944,100.000000,0.025037,18,18,9720,18,18,0.000000,25.598354,1000,248816,7,1.000000,1.000000,0,1750,0,14547,0
273,defense_vs_attack,420.000000,460.000000,0.001080,55.555556,0.017836,18,10,5400,10,18,44.444444,48.118519,1000,259840,7,1.000000,1.000000,0,1734,0,18675,0
279,baseline,120.000000,160.000000,0.001944,100.000000,0.031049,18,18,9720,18,18,0.000000,28.009465,1000,272252,6,1.000000,1.000000,0,1718,0,6388,0
279,attack_only,220.000000,260.000000,0.000000,0.000000,0.000000,18,0,0,0,18,100.000000,0.000000,1000,270184,6,1.000000,1.000000,0,1690,0,10471,0
279,defense_only,320.000000,360.000000,0.001944,100.000000,0.017050,18,18,9720,18,18,0.000000,27.767490,1000,269900,6,1.000000,1.000000,0,1711,0,14582,0
279,defense_vs_attack,420.000000,460.000000,0.000864,44.444444,0.018716,18,8,4320,8,18,55.555556,63.125926,1000,272704,6,1.000000,1.000000,0,1725,0,18768,0
285,baseline,120.000000,160.000000,0.001944,100.000000,0.042233,18,18,9720,18,18,0.000000,25.969547,1000,252424,8,1.000000,1.000000,0,1786,0,6436,0
285,attack_only,220.000000,260.000000,0.000000,0.000000,0.000000,18,0,0,0,18,100.000000,0.000000,1000,257648,8,1.000000,1.000000,0,1691,0,10545,0
285,defense_only,320.000000,360.000000,0.001944,100.000000,0.027702,18,18,9720,18,18,0.000000,25.911523,1000,251860,8,1.000000,1.000000,0,1759,0,14754,0
285,defense_vs_attack,420.000000,460.000000,0.000972,50.000000,0.046510,18,9,4860,9,18,50.000000,54.178601,1000,263308,8,1.000000,1.000000,0,1807,0,18973,0
283,baseline,120.000000,160.000000,0.001944,100.000000,0.042558,18,18,9720,18,18,0.000000,26.694650,1000,259472,8,1.000000,1.000000,0,1771,0,6489,0
283,attack_only,220.000000,260.000000,0.001944,100.000000,0.016674,18,18,9720,18,18,0.000000,27.321811,1000,265568,8,1.000000,1.000000,0,1787,0,10742,0
283,defense_only,320.000000,360.000000,0.001944,100.000000,0.032954,18,18,9720,18,18,0.000000,26.916872,1000,261632,8,1.000000,1.000000,0,1772,0,14929,0
283,defense_vs_attack,420.000000,460.000000,0.001944,100.000000,0.022394,18,18,9720,18,18,0.000000,27.216872,1000,264548,8,1.000000,1.000000,0,1734,0,19121,0
286,baseline,120.000000,160.000000,0.001944,100.000000,0.021114,18,18,9720,18,18,0.000000,26.314815,1000,255780,4,1.000000,1.000000,0,1741,0,6621,0
286,attack_only,220.000000,260.000000,0.001944,100.000000,0.007792,18,18,9720,18,18,0.000000,25.625103,1000,249076,4,1.000000,1.000000,0,1693,0,10772,0
286,defense_only,320.000000,360.000000,0.001944,100.000000,0.017402,18,18,9720,18,18,0.000000,26.697531,1000,259500,4,1.000000,1.000000,0,1748,0,15012,0
286,defense_vs_attack,420.000000,460.000000,0.001944,100.000000,0.009933,18,18,9720,18,18,0.000000,25.568313,1000,248524,4,1.000000,1.000000,0,1720,0,19224,0
287,baseline,120.000000,160.000000,0.001944,100.000000,0.030704,18,18,9720,18,18,0.000000,28.867901,1000,280596,6,1.000000,1.000000,0,1858,0,6887,0
287,attack_only,220.000000,260.000000,0.001944,100.000000,0.012198,18,18,9720,18,18,0.000000,29.736626,1000,289040,6,1.000000,1.000000,0,1824,0,11291,0
287,defense_only,320.000000,360.000000,0.001944,100.000000,0.026703,18,18,9720,18,18,0.000000,28.567078,1000,277672,6,1.000000,1.000000,0,1818,0,15694,0
287,defense_vs_attack,420.000000,460.000000,0.001944,100.000000,0.014596,18,18,9720,18,18,0.000000,29.500823,1000,286748,6,1.000000,1.000000,0,1809,0,20111,0
293,baseline,120.000000,160.000000,0.001944,100.000000,0.015831,18,18,9720,18,18,0.000000,33.744444,1000,327996,3,1.000000,1.000000,0,1894,0,7378,0
293,attack_only,220.000000,260.000000,0.001944,100.000000,0.006218,18,18,9720,18,18,0.000000,33.908230,1000,329588,3,1.000000,1.000000,0,1925,0,12145,0
293,defense_only,320.000000,360.000000,0.001944,100.000000,0.012567,18,18,9720,18,18,0.000000,33.651852,1000,327096,3,1.000000,1.000000,0,1924,0,16871,0
293,defense_vs_attack,420.000000,460.000000,0.001944,100.000000,0.007784,18,18,9720,18,18,0.000000,33.721399,1000,327772,3,1.000000,1.000000,0,1905,0,21567,0
294,baseline,120.000000,160.000000,0.001944,100.000000,0.041323,18,18,9720,18,18,0.000000,30.495885,1000,296420,8,1.000000,1.000000,0,1834,0,6668,0
294,attack_only,220.000000,260.000000,0.001944,100.000000,0.016571,18,18,9720,18,18,0.000000,30.027160,1000,291864,8,1.000000,1.000000,0,1808,0,10945,0
294,defense_only,320.000000,360.000000,0.001944,100.000000,0.034897,18,18,9720,18,18,0.000000,30.598354,1000,297416,8,1.000000,1.000000,0,1797,0,15263,0
294,defense_vs_attack,420.000000,460.000000,0.001944,100.000000,0.019573,18,18,9720,18,18,0.000000,30.207819,1000,293620,8,1.000000,1.000000,0,1815,0,19555,0
298,baseline,120.000000,160.000000,0.001944,100.000000,0.026095,18,18,9720,18,18,0.000000,26.303704,1000,255672,5,1.000000,1.000000,0,1618,0,6127,0
298,attack_only,220.000000,260.000000,0.000000,0.000000,0.000000,18,0,0,0,18,100.000000,0.000000,1000,258408,5,1.000000,1.000000,0,1589,0,10047,0
298,defense_only,320.000000,360.000000,0.001944,100.000000,0.009870,18,18,9720,18,18,0.000000,26.529630,1000,257868,5,1.000000,1.000000,0,1632,0,14055,0
298,defense_vs_attack,420.000000,460.000000,0.000972,50.000000,0.021503,18,9,4860,9,18,50.000000,52.011523,1000,252776,5,1.000000,1.000000,0,1600,0,17980,0
297,baseline,120.000000,160.000000,0.001944,100.000000,0.020325,18,18,9720,18,18,0.000000,31.290535,1000,304144,4,1.000000,1.000000,0,1799,0,6896,0
297,attack_only,220.000000,260.000000,0.001944,100.000000,0.007850,18,18,9720,18,18,0.000000,31.016049,1000,301476,4,1.000000,1.000000,0,1793,0,11266,0
297,defense_only,320.000000,360.000000,0.001944,100.000000,0.017242,18,18,9720,18,18,0.000000,31.439095,1000,305588,4,1.000000,1.000000,0,1808,0,15660,0
297,defense_vs_attack,420.000000,460.000000,0.001944,100.000000,0.009499,18,18,9720,18,18,0.000000,31.222634,1000,303484,4,1.000000,1.000000,0,1852,0,20148,0
307,baseline,120.000000,160.000000,0.001944,100.000000,0.020678,18,18,9720,18,18,0.000000,23.697531,1000,230340,4,1.000000,1.000000,0,1626,0,6187,0
307,attack_only,220.000000,260.000000,0.001944,100.000000,0.007877,18,18,9720,18,18,0.000000,23.497531,1000,228396,4,1.000000,1.000000,0,1625,0,10134,0
307,defense_only,320.000000,360.000000,0.001944,100.000000,0.017371,18,18,9720,18,18,0.000000,24.002881,1000,233308,4,1.000000,1.000000,0,1630,0,14114,0
307,defense_vs_attack,420.000000,460.000000,0.001944,100.000000,0.009544,18,18,9720,18,18,0.000000,23.725514,1000,230612,4,1.000000,1.000000,0,1623,0,18026,0
308,baseline,120.000000,160.000000,0.001944,100.000000,0.015303,18,18,9720,18,18,0.000000,25.630453,1000,249128,3,1.000000,1.000000,0,1605,0,6134,0
308,attack_only,220.000000,260.000000,0.001944,100.000000,0.005965,18,18,9720,18,18,0.000000,26.204938,1000,254712,3,1.000000,1.000000,0,1591,0,10092,0
308,defense_only,320.000000,360.000000,0.001944,100.000000,0.012811,18,18,9720,18,18,0.000000,25.584362,1000,248680,3,1.000000,1.000000,0,1573,0,14003,0
308,defense_vs_attack,420.000000,460.000000,0.001944,100.000000,0.007065,18,18,9720,18,18,0.000000,26.329630,1000,255924,3,1.000000,1.000000,0,1640,0,17982,0
310,baseline,120.000000,160.000000,0.001944,100.000000,0.026781,18,18,9720,18,18,0.000000,38.408230,1000,373328,5,1.000000,1.000000,0,1940,0,7314,0
310,attack_only,220.000000,260.000000,0.001944,100.000000,0.009858,18,18,9720,18,18,0.000000,39.467490,1000,383624,5,1.000000,1.000000,0,1973,0,12136,0
310,defense_only,320.000000,360.000000,0.001944,100.000000,0.021660,18,18,9720,18,18,0.000000,38.792181,1000,377060,5,1.000000,1.000000,0,1975,0,16956,0
310,defense_vs_attack,420.000000,460.000000,0.001944,100.000000,0.011992,18,18,9720,18,18,0.000000,39.553498,1000,384460,5,1.000000,1.000000,0,1939,0,21688,0
317,baseline,120.000000,160.000000,0.001944,100.000000,0.057086,18,18,9720,18,18,0.000000,23.536214,1000,228772,11,1.000000,1.000000,0,1770,0,6279,0
317,attack_only,220.000000,260.000000,0.001944,100.000000,0.028910,18,18,9720,18,18,0.000000,24.029218,1000,233564,11,1.000000,1.000000,0,1790,0,10403,0
317,defense_only,320.000000,360.000000,0.001944,100.000000,0.040210,18,18,9720,18,18,0.000000,23.470782,1000,228136,11,1.000000,1.000000,0,1746,0,14521,0
317,defense_vs_attack,420.000000,460.000000,0.001944,100.000000,0.029113,18,18,9720,18,18,0.000000,24.261317,1000,235820,11,1.000000,1.000000,0,1748,0,18597,0
316,baseline,120.000000,160.000000,0.001944,100.000000,0.031749,18,18,9720,18,18,0.000000,34.401646,1000,334384,6,1.000000,1.000000,0,1937,0,7133,0
316,attack_only,220.000000,260.000000,0.000000,0.000000,0.000000,18,0,0,0,18,100.000000,0.000000,1000,339876,6,1.000000,1.000000,0,1851,0,11665,0
316,defense_only,320.000000,360.000000,0.001944,100.000000,0.022765,18,18,9720,18,18,0.000000,34.245679,1000,332868,6,1.000000,1.000000,0,1947,0,16348,0
316,defense_vs_attack,420.000000,460.000000,0.001512,77.777778,0.020414,18,14,7560,14,18,22.222222,44.704762,1000,337968,6,1.000000,1.000000,0,1919,0,20913,0
321,baseline,120.000000,160.000000,0.001944,100.000000,0.021269,18,18,9720,18,18,0.000000,23.570370,1000,229104,4,1.000000,1.000000,0,1679,0,6306,0
321,attack_only,220.000000,260.000000,0.000000,0.000000,0.000000,18,0,0,0,18,100.000000,0.000000,1000,227392,4,1.000000,1.000000,0,1594,0,10227,0
321,defense_only,320.000000,360.000000,0.001944,100.000000,0.014442,18,18,9720,18,18,0.000000,23.651852,1000,229896,4,1.000000,1.000000,0,1673,0,14249,0
321,defense_vs_attack,420.000000,460.000000,0.000972,50.000000,0.020335,18,9,4860,9,18,50.000000,47.674897,1000,231700,4,1.000000,1.000000,0,1667,0,18264,0
319,baseline,120.000000,160.000000,0.001944,100.000000,0.076080,18,18,9720,18,18,0.000000,32.640329,1000,317264,4,1.000000,1.000000,0,1794,0,6707,0
319,attack_only,220.000000,260.000000,0.001944,100.000000,0.026716,18,18,9720,18,18,0.000000,34.071193,1000,331172,5,1.000000,1.000000,0,1817,0,11040,0
319,defense_only,320.000000,360.000000,0.001944,100.000000,0.008115,18,18,9720,18,18,0.000000,32.557202,1000,316456,4,1.000000,1.000000,0,1746,0,15320,0
319,defense_vs_attack,420.000000,460.000000,0.001944,100.000000,0.009798,18,18,9720,18,18,0.000000,34.200000,1000,332424,5,1.000000,1.000000,0,1812,0,19708,0
323,baseline,120.000000,160.000000,0.001944,100.000000,0.020917,18,18,9720,18,18,0.000000,30.780247,1000,299184,4,1.000000,1.000000,0,1728,0,6453,0
323,attack_only,220.000000,260.000000,0.001944,100.000000,0.008641,18,18,9720,18,18,0.000000,30.566667,1000,297108,4,1.000000,1.000000,0,1702,0,10611,0
323,defense_only,320.000000,360.000000,0.001944,100.000000,0.016648,18,18,9720,18,18,0.000000,31.322222,1000,304452,4,1.000000,1.000000,0,1710,0,14822,0
323,defense_vs_attack,420.000000,460.000000,0.001944,100.000000,0.010344,18,18,9720,18,18,0.000000,30.741564,1000,298808,4,1.000000,1.000000,0,1731,0,18973,0
322,baseline,120.000000,160.000000,0.001944,100.000000,0.026141,18,18,9720,18,18,0.000000,28.520988,1000,277224,5,1.000000,1.000000,0,1768,0,6528,0
322,attack_only,220.000000,260.000000,0.000000,0.000000,0.000000,18,0,0,0,18,100.000000,0.000000,1000,285284,5,1.000000,1.000000,0,1691,0,10701,0
322,defense_only,320.000000,360.000000,0.001944,100.000000,0.017099,18,18,9720,18,18,0.000000,28.558025,1000,277584,5,1.000000,1.000000,0,1745,0,14944,0
322,defense_vs_attack,420.000000,460.000000,0.000972,50.000000,0.022560,18,9,4860,9,18,50.000000,58.404938,1000,283848,5,1.000000,1.000000,0,1744,0,19149,0
327,baseline,120.000000,160.000000,0.001944,100.000000,0.025801,18,18,9720,18,18,0.000000,21.851029,1000,212392,5,1.000000,1.000000,0,1581,0,5969,0
327,attack_only,220.000000,260.000000,0.001944,100.000000,0.010151,18,18,9720,18,18,0.000000,23.157202,1000,225088,5,1.000000,1.000000,0,1614,0,9927,0
327,defense_only,320.000000,360.000000,0.001944,100.000000,0.021637,18,18,9720,18,18,0.000000,21.813992,1000,212032,5,1.000000,1.000000,0,1565,0,13717,0
327,defense_vs_attack,420.000000,460.000000,0.001944,100.000000,0.012209,18,18,9720,18,18,0.000000,23.408230,1000,227528,5,1.000000,1.000000,0,1657,0,17641,0
330,baseline,120.000000,160.000000,0.001944,100.000000,0.042123,18,18,9720,18,18,0.000000,28.925926,1000,281160,8,1.000000,1.000000,0,1898,0,6903,0
330,attack_only,220.000000,260.000000,0.000000,0.000000,0.000000,18,0,0,0,18,100.000000,0.000000,1000,278316,8,1.000000,1.000000,0,1744,0,11191,0
330,defense_only,320.000000,360.000000,0.001944,100.000000,0.016165,18,18,9720,18,18,0.000000,29.209465,1000,283916,8,1.000000,1.000000,0,1879,0,15647,0
330,defense_vs_attack,420.000000,460.000000,0.001512,77.777778,0.038126,18,14,7560,14,18,22.222222,36.236508,1000,273948,8,1.000000,1.000000,0,1869,0,20157,0
