2026-06-04T18:18:48Z	100000001	2
2026-06-04T18:18:53Z	100000002	2
2026-06-04T18:18:58Z	100000003	2
2026-06-04T18:19:39Z	100000004	0
2026-06-04T18:19:43Z	100000005	2
2026-06-04T18:19:47Z	100000006	2
2026-06-04T18:19:50Z	100000007	2
2026-06-04T18:19:54Z	100000008	2
2026-06-04T18:19:58Z	100000009	2
2026-06-04T18:20:42Z	100000010	0
2026-06-04T18:20:45Z	100000011	2
2026-06-04T18:20:48Z	100000012	2
2026-06-04T18:20:52Z	100000013	2
2026-06-04T18:20:56Z	100000014	2
2026-06-04T18:21:00Z	100000015	2
2026-06-04T18:21:04Z	100000016	2
2026-06-04T18:21:07Z	100000017	2
2026-06-04T18:21:56Z	100000018	0
2026-06-04T18:22:43Z	100000019	0
2026-06-04T18:23:14Z	100000020	0
2026-06-04T18:23:48Z	100000021	0
2026-06-04T18:23:52Z	100000022	2
2026-06-04T18:24:26Z	100000023	0
2026-06-04T18:24:29Z	100000024	2
2026-06-04T18:24:33Z	100000025	2
2026-06-04T18:25:03Z	100000026	0
2026-06-04T18:25:06Z	100000027	2
2026-06-04T18:25:08Z	100000028	2
2026-06-04T18:25:11Z	100000029	2
2026-06-04T18:25:15Z	100000030	2
2026-06-04T18:25:18Z	100000031	2
2026-06-04T18:25:21Z	100000032	2
2026-06-04T18:25:24Z	100000033	2
2026-06-04T18:25:28Z	100000034	2
2026-06-04T18:25:31Z	100000035	2
2026-06-04T18:26:05Z	100000036	0
2026-06-04T18:26:44Z	100000037	0
2026-06-04T18:26:47Z	100000038	2
2026-06-04T18:26:51Z	100000039	2
2026-06-04T18:26:54Z	100000040	2
2026-06-04T18:26:57Z	100000041	2
2026-06-04T18:26:59Z	100000042	2
2026-06-04T18:27:03Z	100000043	2
2026-06-04T18:27:42Z	100000044	0
2026-06-04T18:27:46Z	100000045	2
2026-06-04T18:27:50Z	100000046	2
2026-06-04T18:27:54Z	100000047	2
2026-06-04T18:28:50Z	100000048	0
2026-06-04T18:28:55Z	100000049	2
2026-06-04T18:29:00Z	100000050	2
2026-06-04T18:29:03Z	100000051	2
2026-06-04T18:29:06Z	100000052	2
2026-06-04T18:29:47Z	100000053	0
2026-06-04T18:29:50Z	100000054	2
2026-06-04T18:29:53Z	100000055	2
2026-06-04T18:29:56Z	100000056	2
2026-06-04T18:29:59Z	100000057	2
2026-06-04T18:30:03Z	100000058	2
2026-06-04T18:30:05Z	100000059	2
2026-06-04T18:30:40Z	100000060	0
2026-06-04T18:30:43Z	100000061	2
2026-06-04T18:30:47Z	100000062	2
2026-06-04T18:31:25Z	100000063	0
2026-06-04T18:31:56Z	100000064	0
2026-06-04T18:32:33Z	100000065	0
2026-06-04T18:33:14Z	100000066	0
2026-06-04T18:33:47Z	100000067	0
2026-06-04T18:33:49Z	100000068	2
2026-06-04T18:34:28Z	100000069	0
2026-06-04T18:34:31Z	100000070	2
2026-06-04T18:35:07Z	100000071	0
2026-06-04T18:35:11Z	100000072	2
2026-06-04T18:35:14Z	100000073	2
2026-06-04T18:35:17Z	100000074	2
2026-06-04T18:35:19Z	100000075	2
2026-06-04T18:36:00Z	100000076	0
2026-06-04T18:36:04Z	100000077	2
2026-06-04T18:36:39Z	100000078	0
2026-06-04T18:37:09Z	100000079	0
2026-06-04T18:37:12Z	100000080	2
2026-06-04T18:37:15Z	100000081	2
2026-06-04T18:37:18Z	100000082	2
2026-06-04T18:37:22Z	100000083	2
2026-06-04T18:38:01Z	100000084	0
2026-06-04T18:38:27Z	100000085	0
2026-06-04T18:38:30Z	100000086	2
2026-06-04T18:38:32Z	100000087	2
2026-06-04T18:38:35Z	100000088	2
2026-06-04T18:39:00Z	100000089	0
2026-06-04T18:39:03Z	100000090	2
2026-06-04T18:39:05Z	100000091	2
2026-06-04T18:39:08Z	100000092	2
2026-06-04T18:39:11Z	100000093	2
2026-06-04T18:39:38Z	100000094	0
2026-06-04T18:39:41Z	100000095	2
2026-06-04T18:39:44Z	100000096	2
2026-06-04T18:39:47Z	100000097	2
2026-06-04T18:39:50Z	100000098	2
2026-06-04T18:40:17Z	100000099	0
2026-06-04T18:40:46Z	100000100	0
2026-06-04T18:40:49Z	100000101	2
2026-06-04T18:40:52Z	100000102	2
2026-06-04T18:41:21Z	100000103	0
2026-06-04T18:41:24Z	100000104	2
2026-06-04T18:41:27Z	100000105	2
2026-06-04T18:42:02Z	100000106	0
2026-06-04T18:42:06Z	100000107	2
2026-06-04T18:42:09Z	100000108	2
2026-06-04T18:42:45Z	100000109	0
2026-06-04T18:42:47Z	100000110	2
2026-06-04T18:42:50Z	100000111	2
2026-06-04T18:42:53Z	100000112	2
2026-06-04T18:43:37Z	100000113	0
2026-06-04T18:43:40Z	100000114	2
2026-06-04T18:43:43Z	100000115	2
2026-06-04T18:43:45Z	100000116	2
2026-06-04T18:44:25Z	100000117	0
2026-06-04T18:44:28Z	100000118	2
2026-06-04T18:44:32Z	100000119	2
2026-06-04T18:44:36Z	100000120	2
2026-06-04T18:44:41Z	100000121	2
2026-06-04T18:44:44Z	100000122	2
2026-06-04T18:44:47Z	100000123	2
2026-06-04T18:45:21Z	100000124	0
2026-06-04T18:45:24Z	100000125	2
2026-06-04T18:45:27Z	100000126	2
2026-06-04T18:45:31Z	100000127	2
2026-06-04T18:45:35Z	100000128	2
2026-06-04T18:45:38Z	100000129	2
2026-06-04T18:46:19Z	100000130	0
2026-06-04T18:46:23Z	100000131	2
2026-06-04T18:47:01Z	100000132	0
2026-06-04T18:47:04Z	100000133	2
2026-06-04T18:47:49Z	100000134	0
2026-06-04T18:48:22Z	100000135	0
2026-06-04T18:48:25Z	100000136	2
2026-06-04T18:48:28Z	100000137	2
2026-06-04T18:48:31Z	100000138	2
2026-06-04T18:48:34Z	100000139	2
2026-06-04T18:48:37Z	100000140	2
2026-06-04T18:49:15Z	100000141	0
2026-06-04T18:49:18Z	100000142	2
2026-06-04T18:49:50Z	100000143	0
2026-06-04T18:49:53Z	100000144	2
2026-06-04T18:49:56Z	100000145	2
2026-06-04T18:50:36Z	100000146	0
2026-06-04T18:50:39Z	100000147	2
2026-06-04T18:50:42Z	100000148	2
2026-06-04T18:51:22Z	100000149	0
2026-06-04T18:51:26Z	100000150	2
2026-06-04T18:51:30Z	100000151	2
2026-06-04T18:52:03Z	100000152	0
2026-06-04T18:52:33Z	100000153	0
2026-06-04T18:52:35Z	100000154	2
2026-06-04T18:52:38Z	100000155	2
2026-06-04T18:52:40Z	100000156	2
2026-06-04T18:53:08Z	100000157	0
2026-06-04T18:53:36Z	100000158	0
2026-06-04T18:54:06Z	100000159	0
2026-06-04T18:54:08Z	100000160	2
2026-06-04T18:54:11Z	100000161	2
2026-06-04T18:54:14Z	100000162	2
2026-06-04T18:54:17Z	100000163	2
2026-06-04T18:54:48Z	100000164	0
2026-06-04T18:55:17Z	100000165	0
2026-06-04T18:55:19Z	100000166	2
2026-06-04T18:55:55Z	100000167	0
2026-06-04T18:55:58Z	100000168	2
2026-06-04T18:56:01Z	100000169	2
2026-06-04T18:56:03Z	100000170	2
2026-06-04T18:56:07Z	100000171	2
2026-06-04T18:56:09Z	100000172	2
2026-06-04T18:56:44Z	100000173	0
2026-06-04T18:56:48Z	100000174	2
2026-06-04T18:56:51Z	100000175	2
2026-06-04T18:56:54Z	100000176	2
2026-06-04T18:56:57Z	100000177	2
2026-06-04T18:57:34Z	100000178	0
2026-06-04T18:57:38Z	100000179	2
2026-06-04T18:57:41Z	100000180	2
2026-06-04T18:58:22Z	100000181	0
2026-06-04T18:58:25Z	100000182	2
2026-06-04T18:58:28Z	100000183	2
2026-06-04T18:58:33Z	100000184	2
2026-06-04T18:58:36Z	100000185	2
2026-06-04T18:59:05Z	100000186	0
2026-06-04T18:59:08Z	100000187	2
2026-06-04T18:59:17Z	100000188	250
2026-06-04T18:59:56Z	100000189	0
2026-06-04T19:00:38Z	100000190	0
2026-06-04T19:00:41Z	100000191	2
2026-06-04T19:00:45Z	100000192	2
2026-06-04T19:00:48Z	100000193	2
2026-06-04T19:00:52Z	100000194	2
2026-06-04T19:00:55Z	100000195	2
2026-06-04T19:00:58Z	100000196	2
2026-06-04T19:01:01Z	100000197	2
2026-06-04T19:01:46Z	100000198	0
2026-06-04T19:01:49Z	100000199	2
2026-06-04T19:01:52Z	100000200	2
2026-06-04T19:01:55Z	100000201	2
2026-06-04T19:02:02Z	100000203	2
2026-06-04T19:02:04Z	100000204	2
2026-06-04T19:02:04Z	100000202	2
2026-06-04T19:03:22Z	100000211	0
2026-06-04T19:03:22Z	100000208	0
2026-06-04T19:03:27Z	100000209	0
2026-06-04T19:03:30Z	100000206	0
2026-06-04T19:03:31Z	100000213	2
2026-06-04T19:03:31Z	100000212	2
2026-06-04T19:03:35Z	100000205	0
2026-06-04T19:03:38Z	100000215	2
2026-06-04T19:03:42Z	100000217	2
2026-06-04T19:03:43Z	100000218	2
2026-06-04T19:03:46Z	100000210	0
2026-06-04T19:03:46Z	100000219	2
2026-06-04T19:03:47Z	100000207	0
2026-06-04T19:03:52Z	100000220	2
2026-06-04T19:03:57Z	100000223	2
2026-06-04T19:03:57Z	100000222	2
2026-06-04T19:04:04Z	100000226	2
2026-06-04T19:04:59Z	100000216	0
2026-06-04T19:05:01Z	100000224	0
2026-06-04T19:05:08Z	100000229	2
2026-06-04T19:05:12Z	100000225	0
2026-06-04T19:05:16Z	100000231	2
2026-06-04T19:05:20Z	100000232	2
2026-06-04T19:05:20Z	100000214	0
2026-06-04T19:05:20Z	100000221	0
2026-06-04T19:05:26Z	100000233	2
2026-06-04T19:05:30Z	100000234	2
2026-06-04T19:05:31Z	100000236	2
2026-06-04T19:05:32Z	100000235	2
2026-06-04T19:05:36Z	100000228	0
2026-06-04T19:05:38Z	100000238	2
2026-06-04T19:05:42Z	100000240	2
2026-06-04T19:05:46Z	100000227	0
2026-06-04T19:05:53Z	100000244	2
2026-06-04T19:06:01Z	100000245	2
2026-06-04T19:06:38Z	100000230	0
2026-06-04T19:06:44Z	100000247	2
2026-06-04T19:06:45Z	100000241	0
2026-06-04T19:06:46Z	100000237	0
2026-06-04T19:06:52Z	100000249	2
2026-06-04T19:06:53Z	100000250	2
2026-06-04T19:07:00Z	100000243	0
2026-06-04T19:07:03Z	100000239	0
2026-06-04T19:07:12Z	100000242	0
2026-06-04T19:07:17Z	100000255	2
2026-06-04T19:07:24Z	100000256	2
2026-06-04T19:07:31Z	100000246	0
2026-06-04T19:08:10Z	100000253	0
2026-06-04T19:08:13Z	100000248	0
2026-06-04T19:08:17Z	100000259	2
2026-06-04T19:08:21Z	100000260	2
2026-06-04T19:08:25Z	100000254	250
2026-06-04T19:08:27Z	100000262	2
2026-06-04T19:08:29Z	100000251	0
2026-06-04T19:08:35Z	100000265	2
2026-06-04T19:08:35Z	100000264	2
2026-06-04T19:08:41Z	100000267	2
2026-06-04T19:08:44Z	100000266	2
2026-06-04T19:08:44Z	100000252	0
2026-06-04T19:08:50Z	100000268	2
2026-06-04T19:08:57Z	100000271	2
2026-06-04T19:08:57Z	100000257	0
2026-06-04T19:09:05Z	100000272	2
2026-06-04T19:09:07Z	100000273	2
2026-06-04T19:09:13Z	100000258	0
2026-06-04T19:09:21Z	100000276	2
2026-06-04T19:09:30Z	100000277	2
2026-06-04T19:09:43Z	100000261	0
2026-06-04T19:09:58Z	100000269	0
2026-06-04T19:10:00Z	100000263	0
2026-06-04T19:10:07Z	100000281	2
2026-06-04T19:10:17Z	100000282	2
2026-06-04T19:10:21Z	100000270	0
2026-06-04T19:10:25Z	100000283	2
2026-06-04T19:10:26Z	100000274	0
2026-06-04T19:10:35Z	100000275	0
2026-06-04T19:10:35Z	100000286	2
2026-06-04T19:10:43Z	100000288	2
2026-06-04T19:10:49Z	100000289	2
2026-06-04T19:11:01Z	100000278	0
2026-06-04T19:11:16Z	100000279	0
2026-06-04T19:11:17Z	100000280	0
2026-06-04T19:11:25Z	100000292	2
2026-06-04T19:11:45Z	100000284	0
2026-06-04T19:11:52Z	100000295	2
2026-06-04T19:11:59Z	100000296	2
2026-06-04T19:12:06Z	100000285	0
2026-06-04T19:12:07Z	100000297	2
2026-06-04T19:12:11Z	100000290	0
2026-06-04T19:12:13Z	100000298	2
2026-06-04T19:12:14Z	100000287	0
2026-06-04T19:12:14Z	100000299	2
2026-06-04T19:12:19Z	100000300	2
2026-06-04T19:12:20Z	100000303	2
2026-06-04T19:12:22Z	100000302	2
2026-06-04T19:12:25Z	100000305	2
2026-06-04T19:12:26Z	100000304	2
2026-06-04T19:12:32Z	100000307	2
2026-06-04T19:12:38Z	100000291	0
2026-06-04T19:12:40Z	100000309	2
2026-06-04T19:12:42Z	100000294	0
2026-06-04T19:12:47Z	100000293	0
2026-06-04T19:12:48Z	100000311	2
2026-06-04T19:12:50Z	100000312	2
2026-06-04T19:12:54Z	100000314	2
2026-06-04T19:12:54Z	100000313	2
2026-06-04T19:13:01Z	100000317	2
2026-06-04T19:13:08Z	100000318	2
2026-06-04T19:13:15Z	100000319	2
2026-06-04T19:13:23Z	100000320	2
2026-06-04T19:13:32Z	100000321	2
2026-06-04T19:13:41Z	100000322	2
2026-06-04T19:13:45Z	100000308	0
2026-06-04T19:13:48Z	100000306	0
2026-06-04T19:13:50Z	100000323	2
2026-06-04T19:13:53Z	100000301	0
2026-06-04T19:13:56Z	100000326	2
2026-06-04T19:14:02Z	100000328	2
2026-06-04T19:14:16Z	100000310	0
2026-06-04T19:14:19Z	100000315	0
2026-06-04T19:14:20Z	100000316	0
2026-06-04T19:14:24Z	100000330	2
2026-06-04T19:14:31Z	100000333	2
2026-06-04T19:15:08Z	100000324	0
2026-06-04T19:15:18Z	100000325	0
2026-06-04T19:15:22Z	100000327	0
2026-06-04T19:15:30Z	100000337	2
2026-06-04T19:15:33Z	100000331	0
2026-06-04T19:15:33Z	100000329	0
2026-06-04T19:15:39Z	100000338	2
2026-06-04T19:15:41Z	100000339	2
2026-06-04T19:15:41Z	100000340	2
2026-06-04T19:15:48Z	100000341	2
2026-06-04T19:15:52Z	100000343	2
2026-06-04T19:15:57Z	100000344	2
2026-06-04T19:16:01Z	100000345	2
2026-06-04T19:16:06Z	100000346	2
2026-06-04T19:16:07Z	100000332	0
2026-06-04T19:16:08Z	100000334	0
2026-06-04T19:16:14Z	100000348	2
2026-06-04T19:16:16Z	100000350	2
2026-06-04T19:16:21Z	100000351	2
2026-06-04T19:16:23Z	100000352	2
2026-06-04T19:16:28Z	100000353	2
2026-06-04T19:16:30Z	100000354	2
2026-06-04T19:16:34Z	100000355	2
2026-06-04T19:16:42Z	100000357	2
2026-06-04T19:16:44Z	100000335	0
2026-06-04T19:16:58Z	100000336	0
2026-06-04T19:17:05Z	100000360	2
2026-06-04T19:17:12Z	100000361	2
2026-06-04T19:17:13Z	100000342	0
2026-06-04T19:17:20Z	100000362	2
2026-06-04T19:17:20Z	100000363	2
2026-06-04T19:17:29Z	100000347	0
2026-06-04T19:17:37Z	100000366	2
2026-06-04T19:17:52Z	100000356	0
2026-06-04T19:17:53Z	100000349	0
2026-06-04T19:18:02Z	100000369	2
2026-06-04T19:18:09Z	100000359	0
2026-06-04T19:18:10Z	100000370	2
2026-06-04T19:18:16Z	100000371	2
2026-06-04T19:18:18Z	100000372	2
2026-06-04T19:18:23Z	100000358	0
2026-06-04T19:18:26Z	100000373	2
2026-06-04T19:18:27Z	100000374	2
2026-06-04T19:18:32Z	100000375	2
2026-06-04T19:18:35Z	100000377	2
2026-06-04T19:18:35Z	100000376	2
2026-06-04T19:18:41Z	100000365	0
2026-06-04T19:18:44Z	100000380	2
2026-06-04T19:18:49Z	100000381	2
2026-06-04T19:18:52Z	100000382	2
2026-06-04T19:18:56Z	100000364	0
2026-06-04T19:18:59Z	100000384	2
2026-06-04T19:19:06Z	100000386	2
2026-06-04T19:19:10Z	100000367	0
2026-06-04T19:19:17Z	100000368	0
2026-06-04T19:19:17Z	100000388	2
2026-06-04T19:19:25Z	100000389	2
2026-06-04T19:19:32Z	100000391	2
2026-06-04T19:19:52Z	100000378	0
2026-06-04T19:19:55Z	100000379	0
2026-06-04T19:20:01Z	100000393	2
2026-06-04T19:20:04Z	100000394	2
2026-06-04T19:20:13Z	100000387	0
2026-06-04T19:20:15Z	100000383	0
2026-06-04T19:20:20Z	100000398	2
2026-06-04T19:20:21Z	100000397	2
2026-06-04T19:20:28Z	100000399	2
2026-06-04T19:20:28Z	100000400	2
2026-06-04T19:20:33Z	100000385	0
2026-06-04T19:20:52Z	100000392	0
2026-06-04T19:21:02Z	100000390	0
2026-06-04T19:21:10Z	100000405	2
2026-06-04T19:21:14Z	100000395	0
2026-06-04T19:21:22Z	100000407	2
2026-06-04T19:21:29Z	100000396	0
2026-06-04T19:21:31Z	100000408	2
2026-06-04T19:21:38Z	100000409	2
2026-06-04T19:21:39Z	100000410	2
2026-06-04T19:21:46Z	100000411	2
2026-06-04T19:21:52Z	100000402	0
2026-06-04T19:22:01Z	100000403	0
2026-06-04T19:22:01Z	100000414	2
2026-06-04T19:22:08Z	100000415	2
2026-06-04T19:22:16Z	100000417	2
2026-06-04T19:22:19Z	100000404	0
2026-06-04T19:22:24Z	100000418	2
2026-06-04T19:22:37Z	100000401	0
2026-06-04T19:22:46Z	100000406	0
2026-06-04T19:22:46Z	100000421	2
2026-06-04T19:22:55Z	100000423	2
2026-06-04T19:23:01Z	100000412	0
2026-06-04T19:23:04Z	100000424	2
2026-06-04T19:23:09Z	100000425	2
2026-06-04T19:23:12Z	100000426	2
2026-06-04T19:23:20Z	100000428	2
2026-06-04T19:23:20Z	100000416	0
2026-06-04T19:23:28Z	100000429	2
2026-06-04T19:23:29Z	100000430	2
2026-06-04T19:23:34Z	100000413	0
2026-06-04T19:23:42Z	100000433	2
2026-06-04T19:23:52Z	100000434	2
2026-06-04T19:24:00Z	100000435	2
2026-06-04T19:24:02Z	100000419	0
2026-06-04T19:24:07Z	100000420	0
2026-06-04T19:24:11Z	100000437	2
2026-06-04T19:24:16Z	100000438	2
2026-06-04T19:24:22Z	100000422	0
2026-06-04T19:24:24Z	100000440	2
2026-06-04T19:24:29Z	100000441	2
2026-06-04T19:24:32Z	100000442	2
2026-06-04T19:24:38Z	100000443	2
2026-06-04T19:24:42Z	100000444	2
2026-06-04T19:24:46Z	100000445	2
2026-06-04T19:24:52Z	100000427	0
2026-06-04T19:24:54Z	100000447	2
2026-06-04T19:25:00Z	100000431	0
2026-06-04T19:25:00Z	100000448	2
2026-06-04T19:25:08Z	100000450	2
2026-06-04T19:25:09Z	100000451	2
2026-06-04T19:25:11Z	100000432	0
2026-06-04T19:25:17Z	100000452	2
2026-06-04T19:25:18Z	100000453	2
2026-06-04T19:25:21Z	100000454	2
2026-06-04T19:25:27Z	100000455	2
2026-06-04T19:25:28Z	100000456	2
2026-06-04T19:25:31Z	100000457	2
2026-06-04T19:25:34Z	100000436	0
2026-06-04T19:25:37Z	100000459	2
2026-06-04T19:25:39Z	100000460	2
2026-06-04T19:25:39Z	100000439	0
2026-06-04T19:25:44Z	100000461	2
2026-06-04T19:25:46Z	100000462	2
2026-06-04T19:25:53Z	100000466	2
2026-06-04T19:26:02Z	100000467	2
2026-06-04T19:26:09Z	100000468	2
2026-06-04T19:26:13Z	100000446	0
2026-06-04T19:26:15Z	100000469	2
2026-06-04T19:26:27Z	100000449	0
2026-06-04T19:26:50Z	100000458	0
2026-06-04T19:26:53Z	100000464	0
2026-06-04T19:26:57Z	100000473	2
2026-06-04T19:27:02Z	100000463	0
2026-06-04T19:27:08Z	100000476	2
2026-06-04T19:27:16Z	100000477	2
2026-06-04T19:27:19Z	100000465	0
2026-06-04T19:27:24Z	100000479	2
2026-06-04T19:27:29Z	100000471	0
2026-06-04T19:27:30Z	100000470	0
2026-06-04T19:27:36Z	100000482	2
2026-06-04T19:27:43Z	100000483	2
2026-06-04T19:27:44Z	100000472	0
2026-06-04T19:27:51Z	100000484	2
2026-06-04T19:27:57Z	100000486	2
2026-06-04T19:28:11Z	100000474	0
2026-06-04T19:28:12Z	100000475	0
2026-06-04T19:28:18Z	100000488	2
2026-06-04T19:28:21Z	100000489	2
2026-06-04T19:28:28Z	100000490	2
2026-06-04T19:28:28Z	100000491	2
2026-06-04T19:28:40Z	100000480	0
2026-06-04T19:28:43Z	100000478	0
2026-06-04T19:28:43Z	100000481	0
2026-06-04T19:28:47Z	100000494	2
2026-06-04T19:28:50Z	100000495	2
2026-06-04T19:28:51Z	100000496	2
2026-06-04T19:28:55Z	100000497	2
2026-06-04T19:28:58Z	100000498	2
2026-06-04T19:28:59Z	100000499	2
2026-06-04T19:29:02Z	100000500	2
2026-06-04T19:29:05Z	100000501	2
2026-06-04T19:29:07Z	100000502	2
2026-06-04T19:29:09Z	100000485	0
2026-06-04T19:29:09Z	100000503	2
2026-06-04T19:29:14Z	100000504	2
2026-06-04T19:29:16Z	100000506	2
2026-06-04T19:29:17Z	100000507	2
2026-06-04T19:29:17Z	100000487	0
2026-06-04T19:29:24Z	100000509	2
2026-06-04T19:29:25Z	100000510	2
2026-06-04T19:29:30Z	100000512	2
2026-06-04T19:29:30Z	100000513	2
2026-06-04T19:29:37Z	100000514	2
2026-06-04T19:29:50Z	100000492	0
2026-06-04T19:29:54Z	100000493	0
2026-06-04T19:30:02Z	100000518	2
2026-06-04T19:30:09Z	100000519	2
2026-06-04T19:30:15Z	100000520	2
2026-06-04T19:30:26Z	100000508	0
2026-06-04T19:30:29Z	100000505	0
2026-06-04T19:30:32Z	100000522	2
2026-06-04T19:30:34Z	100000511	0
2026-06-04T19:30:41Z	100000525	2
2026-06-04T19:30:47Z	100000526	2
2026-06-04T19:31:03Z	100000517	0
2026-06-04T19:31:11Z	100000515	0
2026-06-04T19:31:13Z	100000516	0
2026-06-04T19:31:20Z	100000529	2
2026-06-04T19:31:23Z	100000530	2
2026-06-04T19:31:30Z	100000531	2
2026-06-04T19:31:38Z	100000533	2
2026-06-04T19:31:44Z	100000521	0
2026-06-04T19:31:46Z	100000534	2
2026-06-04T19:31:55Z	100000536	2
2026-06-04T19:32:12Z	100000524	0
2026-06-04T19:32:16Z	100000527	0
2026-06-04T19:32:19Z	100000523	0
2026-06-04T19:32:33Z	100000528	0
2026-06-04T19:33:04Z	100000532	0
2026-06-04T19:33:07Z	100000535	0
2026-06-04T19:33:12Z	100000543	2
2026-06-04T19:33:18Z	100000544	2
2026-06-04T19:33:27Z	100000540	0
2026-06-04T19:33:28Z	100000537	0
2026-06-04T19:33:32Z	100000538	0
2026-06-04T19:33:34Z	100000547	2
2026-06-04T19:33:36Z	100000546	2
2026-06-04T19:33:39Z	100000548	2
2026-06-04T19:33:41Z	100000549	2
2026-06-04T19:33:48Z	100000552	2
2026-06-04T19:33:54Z	100000541	0
2026-06-04T19:33:56Z	100000553	2
2026-06-04T19:34:02Z	100000554	2
2026-06-04T19:34:02Z	100000539	0
2026-06-04T19:34:03Z	100000555	2
2026-06-04T19:34:10Z	100000556	2
2026-06-04T19:34:10Z	100000558	2
2026-06-04T19:34:15Z	100000542	0
2026-06-04T19:34:17Z	100000560	2
2026-06-04T19:34:24Z	100000562	2
2026-06-04T19:34:30Z	100000563	2
2026-06-04T19:34:37Z	100000564	2
2026-06-04T19:34:44Z	100000565	2
2026-06-04T19:34:48Z	100000545	0
2026-06-04T19:34:50Z	100000550	0
2026-06-04T19:34:51Z	100000566	2
2026-06-04T19:34:58Z	100000569	2
2026-06-04T19:35:08Z	100000551	0
2026-06-04T19:35:14Z	100000571	2
2026-06-04T19:35:20Z	100000572	2
2026-06-04T19:35:28Z	100000559	0
2026-06-04T19:35:34Z	100000561	0
2026-06-04T19:35:34Z	100000557	0
2026-06-04T19:35:35Z	100000574	2
2026-06-04T19:35:41Z	100000576	2
2026-06-04T19:35:42Z	100000575	2
2026-06-04T19:35:43Z	100000577	2
2026-06-04T19:35:49Z	100000579	2
2026-06-04T19:35:50Z	100000580	2
2026-06-04T19:35:57Z	100000581	2
2026-06-04T19:36:04Z	100000568	0
2026-06-04T19:36:05Z	100000567	0
2026-06-04T19:36:10Z	100000584	2
2026-06-04T19:36:13Z	100000570	0
2026-06-04T19:36:17Z	100000586	2
2026-06-04T19:36:20Z	100000587	2
2026-06-04T19:36:26Z	100000589	2
2026-06-04T19:36:28Z	100000573	0
2026-06-04T19:36:34Z	100000591	2
2026-06-04T19:36:40Z	100000592	2
2026-06-04T19:37:01Z	100000583	0
2026-06-04T19:37:07Z	100000582	0
2026-06-04T19:37:08Z	100000594	2
2026-06-04T19:37:12Z	100000578	0
2026-06-04T19:37:25Z	100000588	0
2026-06-04T19:37:32Z	100000598	2
2026-06-04T19:37:34Z	100000590	0
2026-06-04T19:37:37Z	100000585	0
2026-06-04T19:37:38Z	100000599	2
2026-06-04T19:37:42Z	100000600	2
2026-06-04T19:37:44Z	100000601	2
2026-06-04T19:37:51Z	100000604	2
2026-06-04T19:37:52Z	100000593	0
2026-06-04T19:37:59Z	100000606	2
2026-06-04T19:38:06Z	100000607	2
2026-06-04T19:38:08Z	100000596	0
2026-06-04T19:38:13Z	100000608	2
2026-06-04T19:38:14Z	100000595	0
2026-06-04T19:38:20Z	100000610	2
2026-06-04T19:38:22Z	100000611	2
2026-06-04T19:38:24Z	100000597	0
2026-06-04T19:38:30Z	100000614	2
2026-06-04T19:38:37Z	100000615	2
2026-06-04T19:39:04Z	100000602	0
2026-06-04T19:39:05Z	100000605	0
2026-06-04T19:39:10Z	100000603	0
2026-06-04T19:39:12Z	100000617	2
2026-06-04T19:39:17Z	100000619	2
2026-06-04T19:39:19Z	100000620	2
2026-06-04T19:39:25Z	100000622	2
2026-06-04T19:39:26Z	100000612	0
2026-06-04T19:39:28Z	100000609	0
2026-06-04T19:39:32Z	100000623	2
2026-06-04T19:39:34Z	100000624	2
2026-06-04T19:39:34Z	100000613	0
2026-06-04T19:39:39Z	100000626	2
2026-06-04T19:39:44Z	100000616	0
2026-06-04T19:39:46Z	100000629	2
2026-06-04T19:39:51Z	100000630	2
2026-06-04T19:39:58Z	100000632	2
2026-06-04T19:40:06Z	100000633	2
2026-06-04T19:40:13Z	100000634	2
2026-06-04T19:40:20Z	100000635	2
2026-06-04T19:40:30Z	100000621	0
2026-06-04T19:40:40Z	100000618	0
2026-06-04T19:40:47Z	100000638	2
2026-06-04T19:40:48Z	100000627	0
2026-06-04T19:40:51Z	100000625	0
2026-06-04T19:40:52Z	100000628	0
2026-06-04T19:40:54Z	100000639	2
2026-06-04T19:40:56Z	100000640	2
2026-06-04T19:40:59Z	100000642	2
2026-06-04T19:41:02Z	100000643	2
2026-06-04T19:41:04Z	100000631	0
2026-06-04T19:41:04Z	100000644	2
2026-06-04T19:41:10Z	100000646	2
2026-06-04T19:41:17Z	100000649	2
2026-06-04T19:41:23Z	100000650	2
2026-06-04T19:41:33Z	100000636	0
2026-06-04T19:41:39Z	100000652	2
2026-06-04T19:41:48Z	100000637	0
2026-06-04T19:41:54Z	100000654	2
2026-06-04T19:41:59Z	100000641	0
2026-06-04T19:42:12Z	100000647	0
2026-06-04T19:42:18Z	100000645	0
2026-06-04T19:42:19Z	100000657	2
2026-06-04T19:42:25Z	100000658	2
2026-06-04T19:42:29Z	100000648	0
2026-06-04T19:42:33Z	100000660	2
2026-06-04T19:42:38Z	100000662	2
2026-06-04T19:42:41Z	100000651	0
2026-06-04T19:42:57Z	100000653	0
2026-06-04T19:43:03Z	100000665	2
2026-06-04T19:43:10Z	100000666	2
2026-06-04T19:43:13Z	100000655	0
2026-06-04T19:43:16Z	100000656	0
2026-06-04T19:43:18Z	100000667	2
2026-06-04T19:43:22Z	100000669	2
2026-06-04T19:43:36Z	100000661	0
2026-06-04T19:43:37Z	100000659	0
2026-06-04T19:43:43Z	100000672	2
2026-06-04T19:43:53Z	100000663	0
2026-06-04T19:43:54Z	100000664	0
2026-06-04T19:44:00Z	100000675	2
2026-06-04T19:44:07Z	100000677	2
2026-06-04T19:44:13Z	100000678	2
2026-06-04T19:44:38Z	100000670	0
2026-06-04T19:44:49Z	100000668	0
2026-06-04T19:44:50Z	100000673	0
2026-06-04T19:44:50Z	100000671	0
2026-06-04T19:44:57Z	100000681	2
2026-06-04T19:44:57Z	100000674	0
2026-06-04T19:45:05Z	100000676	0
2026-06-04T19:45:12Z	100000686	2
2026-06-04T19:45:15Z	100000679	0
2026-06-04T19:45:45Z	100000680	0
2026-06-04T19:45:51Z	100000689	2
2026-06-04T19:46:00Z	100000683	0
2026-06-04T19:46:02Z	100000685	0
2026-06-04T19:46:07Z	100000682	0
2026-06-04T19:46:07Z	100000691	2
2026-06-04T19:46:13Z	100000694	2
2026-06-04T19:46:14Z	100000693	2
2026-06-04T19:46:19Z	100000684	0
2026-06-04T19:46:20Z	100000695	2
2026-06-04T19:46:21Z	100000696	2
2026-06-04T19:46:26Z	100000697	2
2026-06-04T19:46:26Z	100000688	0
2026-06-04T19:46:27Z	100000687	0
2026-06-04T19:46:33Z	100000700	2
2026-06-04T19:46:33Z	100000701	2
2026-06-04T19:46:34Z	100000702	2
2026-06-04T19:46:41Z	100000703	2
2026-06-04T19:46:47Z	100000706	2
2026-06-04T19:47:08Z	100000690	0
2026-06-04T19:47:16Z	100000708	2
2026-06-04T19:47:23Z	100000709	2
2026-06-04T19:47:24Z	100000692	0
2026-06-04T19:47:29Z	100000710	2
2026-06-04T19:47:35Z	100000712	2
2026-06-04T19:47:38Z	100000698	0
2026-06-04T19:47:42Z	100000713	2
2026-06-04T19:47:42Z	100000704	0
2026-06-04T19:47:45Z	100000699	0
2026-06-04T19:47:46Z	100000714	2
2026-06-04T19:47:49Z	100000705	0
2026-06-04T19:47:50Z	100000716	2
2026-06-04T19:47:56Z	100000720	2
2026-06-04T19:47:57Z	100000719	2
2026-06-04T19:48:02Z	100000721	2
2026-06-04T19:48:04Z	100000722	2
2026-06-04T19:48:09Z	100000723	2
2026-06-04T19:48:13Z	100000707	0
2026-06-04T19:48:16Z	100000725	2
2026-06-04T19:48:20Z	100000726	2
2026-06-04T19:48:23Z	100000727	2
2026-06-04T19:48:26Z	100000728	2
2026-06-04T19:48:31Z	100000729	2
2026-06-04T19:48:33Z	100000730	2
2026-06-04T19:48:38Z	100000731	2
2026-06-04T19:48:40Z	100000732	2
2026-06-04T19:48:45Z	100000733	2
2026-06-04T19:48:47Z	100000734	2
2026-06-04T19:48:49Z	100000711	0
2026-06-04T19:48:51Z	100000715	0
2026-06-04T19:48:53Z	100000735	2
2026-06-04T19:48:55Z	100000736	2
2026-06-04T19:48:58Z	100000717	0
2026-06-04T19:48:59Z	100000739	2
2026-06-04T19:49:03Z	100000718	0
2026-06-04T19:49:03Z	100000740	2
2026-06-04T19:49:05Z	100000741	2
2026-06-04T19:49:09Z	100000743	2
2026-06-04T19:49:12Z	100000744	2
2026-06-04T19:49:13Z	100000745	2
2026-06-04T19:49:17Z	100000746	2
2026-06-04T19:49:18Z	100000747	2
2026-06-04T19:49:21Z	100000748	2
2026-06-04T19:49:25Z	100000749	2
2026-06-04T19:49:25Z	100000750	2
2026-06-04T19:49:25Z	100000724	0
2026-06-04T19:49:33Z	100000753	2
2026-06-04T19:49:33Z	100000754	2
2026-06-04T19:49:39Z	100000755	2
2026-06-04T19:49:47Z	100000757	2
2026-06-04T19:49:54Z	100000758	2
2026-06-04T19:50:10Z	100000737	0
2026-06-04T19:50:14Z	100000738	0
2026-06-04T19:50:18Z	100000760	2
2026-06-04T19:50:18Z	100000742	0
2026-06-04T19:50:28Z	100000752	0
2026-06-04T19:50:34Z	100000751	0
2026-06-04T19:50:35Z	100000764	2
2026-06-04T19:50:40Z	100000765	2
2026-06-04T19:50:42Z	100000766	2
2026-06-04T19:50:48Z	100000767	2
2026-06-04T19:50:51Z	100000756	0
2026-06-04T19:50:55Z	100000769	2
2026-06-04T19:51:00Z	100000771	2
2026-06-04T19:51:07Z	100000772	2
2026-06-04T19:51:08Z	100000759	0
2026-06-04T19:51:14Z	100000773	2
2026-06-04T19:51:21Z	100000775	2
2026-06-04T19:51:25Z	100000762	0
2026-06-04T19:51:28Z	100000776	2
2026-06-04T19:51:29Z	100000761	0
2026-06-04T19:51:31Z	100000777	2
2026-06-04T19:51:35Z	100000778	2
2026-06-04T19:51:38Z	100000780	2
2026-06-04T19:51:43Z	100000781	2
2026-06-04T19:51:45Z	100000763	0
2026-06-04T19:51:46Z	100000782	2
2026-06-04T19:51:51Z	100000783	2
2026-06-04T19:51:51Z	100000768	0
2026-06-04T19:51:58Z	100000787	2
2026-06-04T19:52:03Z	100000770	0
2026-06-04T19:52:05Z	100000788	2
2026-06-04T19:52:10Z	100000789	2
2026-06-04T19:52:16Z	100000791	2
2026-06-04T19:52:24Z	100000792	2
2026-06-04T19:52:30Z	100000793	2
2026-06-04T19:52:37Z	100000794	2
2026-06-04T19:52:40Z	100000774	0
2026-06-04T19:52:56Z	100000779	0
2026-06-04T19:52:57Z	100000784	0
2026-06-04T19:53:01Z	100000786	0
2026-06-04T19:53:03Z	100000797	2
2026-06-04T19:53:04Z	100000798	2
2026-06-04T19:53:09Z	100000799	2
2026-06-04T19:53:09Z	100000800	2
2026-06-04T19:53:12Z	100000785	0
2026-06-04T19:53:15Z	100000802	2
2026-06-04T19:53:18Z	100000803	2
2026-06-04T19:53:19Z	100000804	2
2026-06-04T19:53:20Z	100000790	0
2026-06-04T19:53:23Z	100000805	2
2026-06-04T19:53:26Z	100000806	2
2026-06-04T19:53:27Z	100000808	2
2026-06-04T19:53:33Z	100000810	2
2026-06-04T19:53:41Z	100000812	2
2026-06-04T19:53:47Z	100000813	2
2026-06-04T19:53:50Z	100000795	0
2026-06-04T19:53:56Z	100000796	0
2026-06-04T19:54:05Z	100000816	2
2026-06-04T19:54:34Z	100000801	0
2026-06-04T19:54:41Z	100000818	2
2026-06-04T19:54:41Z	100000807	0
2026-06-04T19:54:46Z	100000809	0
2026-06-04T19:54:48Z	100000819	2
2026-06-04T19:54:49Z	100000820	2
2026-06-04T19:54:56Z	100000822	2
2026-06-04T19:55:00Z	100000811	0
2026-06-04T19:55:03Z	100000824	2
2026-06-04T19:55:08Z	100000825	2
2026-06-04T19:55:10Z	100000815	0
2026-06-04T19:55:10Z	100000826	2
2026-06-04T19:55:11Z	100000814	0
2026-06-04T19:55:16Z	100000827	2
2026-06-04T19:55:19Z	100000829	2
2026-06-04T19:55:27Z	100000817	0
2026-06-04T19:55:34Z	100000833	2
2026-06-04T19:55:58Z	100000821	0
2026-06-04T19:56:05Z	100000835	2
2026-06-04T19:56:11Z	100000836	2
2026-06-04T19:56:25Z	100000830	0
2026-06-04T19:56:29Z	100000823	0
2026-06-04T19:56:32Z	100000828	0
2026-06-04T19:56:32Z	100000838	2
2026-06-04T19:56:35Z	100000831	0
2026-06-04T19:56:40Z	100000841	2
2026-06-04T19:56:41Z	100000840	2
2026-06-04T19:56:43Z	100000842	2
2026-06-04T19:56:46Z	100000843	2
2026-06-04T19:56:49Z	100000832	0
2026-06-04T19:56:49Z	100000844	2
2026-06-04T19:56:51Z	100000845	2
2026-06-04T19:56:57Z	100000848	2
2026-06-04T19:56:58Z	100000849	2
2026-06-04T19:57:03Z	100000850	2
2026-06-04T19:57:03Z	100000834	0
2026-06-04T19:57:05Z	100000851	2
2026-06-04T19:57:10Z	100000852	2
2026-06-04T19:57:10Z	100000853	2
2026-06-04T19:57:11Z	100000854	2
2026-06-04T19:57:16Z	100000856	2
2026-06-04T19:57:18Z	100000857	2
2026-06-04T19:57:23Z	100000858	2
2026-06-04T19:57:26Z	100000859	2
2026-06-04T19:57:31Z	100000860	2
2026-06-04T19:57:32Z	100000861	2
2026-06-04T19:57:39Z	100000862	2
2026-06-04T19:57:39Z	100000863	2
2026-06-04T19:57:47Z	100000864	2
2026-06-04T19:57:47Z	100000865	2
2026-06-04T19:57:51Z	100000837	0
2026-06-04T19:57:54Z	100000866	2
2026-06-04T19:57:55Z	100000867	2
2026-06-04T19:57:58Z	100000839	0
2026-06-04T19:58:00Z	100000868	2
2026-06-04T19:58:04Z	100000870	2
2026-06-04T19:58:04Z	100000869	2
2026-06-04T19:58:08Z	100000871	2
2026-06-04T19:58:11Z	100000847	0
2026-06-04T19:58:11Z	100000872	2
2026-06-04T19:58:15Z	100000874	2
2026-06-04T19:58:15Z	100000873	2
2026-06-04T19:58:17Z	100000875	2
2026-06-04T19:58:20Z	100000877	2
2026-06-04T19:58:21Z	100000876	2
2026-06-04T19:58:25Z	100000879	2
2026-06-04T19:58:26Z	100000880	2
2026-06-04T19:58:33Z	100000846	0
2026-06-04T19:58:37Z	100000883	2
2026-06-04T19:58:41Z	100000885	2
2026-06-04T19:58:44Z	100000886	2
2026-06-04T19:58:50Z	100000887	2
2026-06-04T19:58:52Z	100000888	2
2026-06-04T19:58:57Z	100000855	0
2026-06-04T19:59:43Z	100000881	0
2026-06-04T19:59:51Z	100000892	2
2026-06-04T19:59:55Z	100000882	0
2026-06-04T19:59:58Z	100000884	0
2026-06-04T19:59:59Z	100000893	2
2026-06-04T20:00:00Z	100000878	0
2026-06-04T20:00:07Z	100000895	2
2026-06-04T20:00:07Z	100000896	2
2026-06-04T20:00:16Z	100000898	2
2026-06-04T20:00:16Z	100000899	2
2026-06-04T20:00:18Z	100000889	0
2026-06-04T20:00:23Z	100000900	2
2026-06-04T20:00:26Z	100000891	0
2026-06-04T20:00:26Z	100000902	2
2026-06-04T20:00:36Z	100000904	2
2026-06-04T20:00:37Z	100000905	2
2026-06-04T20:00:41Z	100000890	0
2026-06-04T20:00:44Z	100000906	2
2026-06-04T20:00:48Z	100000907	2
2026-06-04T20:00:50Z	100000908	2
2026-06-04T20:00:52Z	100000909	2
2026-06-04T20:00:56Z	100000910	2
2026-06-04T20:00:58Z	100000911	2
2026-06-04T20:01:01Z	100000912	2
2026-06-04T20:01:07Z	100000915	2
2026-06-04T20:01:14Z	100000916	2
2026-06-04T20:01:24Z	100000894	0
2026-06-04T20:01:31Z	100000918	2
2026-06-04T20:01:40Z	100000901	0
2026-06-04T20:01:43Z	100000897	0
2026-06-04T20:01:46Z	100000920	2
2026-06-04T20:01:53Z	100000922	2
2026-06-04T20:02:00Z	100000923	2
2026-06-04T20:02:07Z	100000924	2
2026-06-04T20:02:14Z	100000903	0
2026-06-04T20:02:21Z	100000926	2
2026-06-04T20:02:25Z	100000913	0
2026-06-04T20:02:32Z	100000928	2
2026-06-04T20:02:39Z	100000929	2
2026-06-04T20:02:41Z	100000914	0
2026-06-04T20:02:46Z	100000919	0
2026-06-04T20:02:48Z	100000930	2
2026-06-04T20:02:49Z	100000931	2
2026-06-04T20:02:56Z	100000933	2
2026-06-04T20:02:59Z	100000921	0
2026-06-04T20:03:02Z	100000917	0
2026-06-04T20:03:02Z	100000935	2
2026-06-04T20:03:05Z	100000936	2
2026-06-04T20:03:09Z	100000938	2
2026-06-04T20:03:10Z	100000937	2
2026-06-04T20:03:13Z	100000939	2
2026-06-04T20:03:17Z	100000940	2
2026-06-04T20:03:17Z	100000941	2
2026-06-04T20:03:37Z	100000925	0
2026-06-04T20:03:44Z	100000945	2
2026-06-04T20:03:51Z	100000927	0
2026-06-04T20:03:52Z	100000946	2
2026-06-04T20:03:58Z	100000948	2
2026-06-04T20:04:03Z	100000932	0
2026-06-04T20:04:05Z	100000949	2
2026-06-04T20:04:11Z	100000950	2
2026-06-04T20:04:15Z	100000934	0
2026-06-04T20:04:22Z	100000953	2
2026-06-04T20:04:28Z	100000942	0
2026-06-04T20:04:28Z	100000954	2
2026-06-04T20:04:35Z	100000943	0
2026-06-04T20:04:36Z	100000955	2
2026-06-04T20:04:36Z	100000956	2
2026-06-04T20:04:44Z	100000959	2
2026-06-04T20:04:45Z	100000944	0
2026-06-04T20:04:52Z	100000961	2
2026-06-04T20:05:12Z	100000947	0
2026-06-04T20:05:20Z	100000951	0
2026-06-04T20:05:20Z	100000963	2
2026-06-04T20:05:22Z	100000952	0
2026-06-04T20:05:29Z	100000965	2
2026-06-04T20:05:29Z	100000964	2
2026-06-04T20:05:29Z	100000966	2
2026-06-04T20:05:37Z	100000967	2
2026-06-04T20:05:37Z	100000969	2
2026-06-04T20:05:38Z	100000968	2
2026-06-04T20:05:44Z	100000971	2
2026-06-04T20:05:44Z	100000970	2
2026-06-04T20:05:47Z	100000972	2
2026-06-04T20:05:52Z	100000973	2
2026-06-04T20:05:55Z	100000975	2
2026-06-04T20:05:58Z	100000960	0
2026-06-04T20:05:59Z	100000957	0
2026-06-04T20:06:01Z	100000976	2
2026-06-04T20:06:06Z	100000979	2
2026-06-04T20:06:09Z	100000980	2
2026-06-04T20:06:09Z	100000958	0
2026-06-04T20:06:15Z	100000962	0
2026-06-04T20:06:16Z	100000982	2
2026-06-04T20:06:17Z	100000983	2
2026-06-04T20:06:23Z	100000984	2
2026-06-04T20:06:26Z	100000986	2
2026-06-04T20:06:32Z	100000988	2
2026-06-04T20:06:39Z	100000989	2
2026-06-04T20:06:59Z	100000974	0
2026-06-04T20:07:17Z	100000977	0
2026-06-04T20:07:21Z	100000981	0
2026-06-04T20:07:24Z	100000992	2
2026-06-04T20:07:27Z	100000993	2
2026-06-04T20:07:31Z	100000994	2
2026-06-04T20:07:35Z	100000995	2
2026-06-04T20:07:37Z	100000996	2
2026-06-04T20:07:38Z	100000978	0
2026-06-04T20:07:41Z	100000997	2
2026-06-04T20:07:41Z	100000985	0
2026-06-04T20:07:42Z	100000987	0
2026-06-04T20:07:46Z	100000999	2
2026-06-04T20:07:46Z	100000998	2
2026-06-04T20:07:49Z	100001000	2
2026-06-04T20:07:54Z	100001004	2
2026-06-04T20:08:16Z	100000990	0
2026-06-04T20:08:20Z	100000991	0
2026-06-04T20:08:25Z	100001007	2
2026-06-04T20:08:33Z	100001009	2
2026-06-04T20:08:42Z	100001010	2
2026-06-04T20:08:53Z	100001011	2
2026-06-04T20:09:01Z	100001012	2
2026-06-04T20:09:04Z	100001001	0
2026-06-04T20:09:12Z	100001013	2
2026-06-04T20:09:12Z	100001002	0
2026-06-04T20:09:16Z	100001014	2
2026-06-04T20:09:24Z	100001015	2
2026-06-04T20:09:28Z	100001016	2
2026-06-04T20:09:29Z	100001017	2
2026-06-04T20:09:36Z	100001018	2
2026-06-04T20:09:40Z	100001020	2
2026-06-04T20:09:41Z	100001019	2
2026-06-04T20:09:46Z	100001021	2
2026-06-04T20:09:47Z	100001003	0
2026-06-04T20:09:47Z	100001005	0
2026-06-04T20:09:51Z	100001022	2
2026-06-04T20:09:52Z	100001023	2
2026-06-04T20:09:57Z	100001024	2
2026-06-04T20:09:59Z	100001026	2
2026-06-04T20:10:02Z	100001027	2
2026-06-04T20:10:03Z	100001028	2
2026-06-04T20:10:09Z	100001030	2
2026-06-04T20:10:11Z	100001006	0
2026-06-04T20:10:14Z	100001031	2
2026-06-04T20:10:14Z	100001032	2
2026-06-04T20:10:21Z	100001034	2
2026-06-04T20:10:23Z	100001036	2
2026-06-04T20:10:23Z	100001035	2
2026-06-04T20:10:32Z	100001008	0
2026-06-04T20:10:34Z	100001038	2
2026-06-04T20:10:43Z	100001041	2
2026-06-04T20:10:53Z	100001042	2
2026-06-04T20:11:01Z	100001043	2
2026-06-04T20:11:14Z	100001044	2
2026-06-04T20:11:30Z	100001025	0
2026-06-04T20:11:36Z	100001029	0
2026-06-04T20:11:40Z	100001046	2
2026-06-04T20:12:01Z	100001033	0
2026-06-04T20:12:07Z	100001040	0
2026-06-04T20:12:10Z	100001039	0
2026-06-04T20:12:12Z	100001049	2
2026-06-04T20:12:20Z	100001037	0
2026-06-04T20:12:21Z	100001051	2
2026-06-04T20:12:21Z	100001052	2
2026-06-04T20:12:30Z	100001055	2
2026-06-04T20:12:30Z	100001054	2
2026-06-04T20:13:04Z	100001045	0
2026-06-04T20:13:09Z	100001048	0
2026-06-04T20:13:14Z	100001058	2
2026-06-04T20:13:18Z	100001059	2
2026-06-04T20:13:24Z	100001060	2
2026-06-04T20:13:28Z	100001061	2
2026-06-04T20:13:32Z	100001047	0
2026-06-04T20:13:33Z	100001062	2
2026-06-04T20:13:41Z	100001065	2
2026-06-04T20:13:42Z	100001050	0
2026-06-04T20:13:42Z	100001064	2
2026-06-04T20:13:52Z	100001067	2
2026-06-04T20:13:53Z	100001066	2
2026-06-04T20:13:53Z	100001068	2
2026-06-04T20:14:00Z	100001053	0
2026-06-04T20:14:03Z	100001069	2
2026-06-04T20:14:13Z	100001056	0
2026-06-04T20:14:22Z	100001074	2
2026-06-04T20:14:29Z	100001057	0
2026-06-04T20:14:32Z	100001075	2
2026-06-04T20:14:39Z	100001076	2
2026-06-04T20:14:44Z	100001077	2
2026-06-04T20:14:49Z	100001078	2
2026-06-04T20:14:52Z	100001079	2
2026-06-04T20:14:58Z	100001080	2
2026-06-04T20:15:01Z	100001081	2
2026-06-04T20:15:07Z	100001082	2
2026-06-04T20:15:08Z	100001083	2
2026-06-04T20:15:16Z	100001085	2
2026-06-04T20:15:17Z	100001063	0
2026-06-04T20:15:26Z	100001087	2
2026-06-04T20:15:35Z	100001088	2
2026-06-04T20:15:41Z	100001070	0
2026-06-04T20:15:45Z	100001089	2
2026-06-04T20:15:46Z	100001071	0
2026-06-04T20:15:51Z	100001090	2
2026-06-04T20:15:54Z	100001073	0
2026-06-04T20:15:57Z	100001092	2
2026-06-04T20:15:58Z	100001072	0
2026-06-04T20:16:02Z	100001093	2
2026-06-04T20:16:07Z	100001095	2
2026-06-04T20:16:07Z	100001096	2
2026-06-04T20:16:12Z	100001097	2
2026-06-04T20:16:17Z	100001099	2
2026-06-04T20:16:17Z	100001098	2
2026-06-04T20:16:26Z	100001101	2
2026-06-04T20:16:35Z	100001103	2
2026-06-04T20:16:44Z	100001104	2
2026-06-04T20:16:49Z	100001086	0
2026-06-04T20:16:53Z	100001105	2
2026-06-04T20:16:55Z	100001084	0
2026-06-04T20:16:59Z	100001106	2
2026-06-04T20:17:05Z	100001108	2
2026-06-04T20:17:09Z	100001109	2
2026-06-04T20:17:15Z	100001110	2
2026-06-04T20:17:18Z	100001111	2
2026-06-04T20:17:25Z	100001112	2
2026-06-04T20:17:28Z	100001113	2
2026-06-04T20:17:36Z	100001114	2
2026-06-04T20:17:36Z	100001115	2
2026-06-04T20:17:36Z	100001091	0
2026-06-04T20:17:42Z	100001094	0
2026-06-04T20:17:47Z	100001116	2
2026-06-04T20:17:47Z	100001117	2
2026-06-04T20:17:48Z	100001118	2
2026-06-04T20:17:56Z	100001100	0
2026-06-04T20:17:59Z	100001120	2
2026-06-04T20:18:01Z	100001122	2
2026-06-04T20:18:06Z	100001123	2
2026-06-04T20:18:08Z	100001102	0
2026-06-04T20:18:11Z	100001125	2
2026-06-04T20:18:17Z	100001126	2
2026-06-04T20:18:21Z	100001127	2
2026-06-04T20:18:28Z	100001129	2
2026-06-04T20:18:30Z	100001130	2
2026-06-04T20:18:39Z	100001131	2
2026-06-04T20:18:41Z	100001132	2
2026-06-04T20:18:47Z	100001107	0
2026-06-04T20:18:50Z	100001133	2
2026-06-04T20:18:56Z	100001135	2
2026-06-04T20:19:04Z	100001137	2
2026-06-04T20:19:13Z	100001138	2
2026-06-04T20:19:35Z	100001121	0
2026-06-04T20:19:45Z	100001119	0
2026-06-04T20:19:45Z	100001140	2
2026-06-04T20:19:50Z	100001124	0
2026-06-04T20:19:55Z	100001141	2
2026-06-04T20:20:00Z	100001143	2
2026-06-04T20:20:03Z	100001144	2
2026-06-04T20:20:10Z	100001128	0
2026-06-04T20:20:13Z	100001145	2
2026-06-04T20:20:16Z	100001146	2
2026-06-04T20:20:20Z	100001147	2
2026-06-04T20:20:25Z	100001148	2
2026-06-04T20:20:29Z	100001149	2
2026-06-04T20:20:31Z	100001150	2
2026-06-04T20:20:34Z	100001136	0
2026-06-04T20:20:36Z	100001151	2
2026-06-04T20:20:40Z	100001134	0
2026-06-04T20:20:42Z	100001152	2
2026-06-04T20:20:49Z	100001156	2
2026-06-04T20:20:58Z	100001158	2
2026-06-04T20:21:04Z	100001139	0
2026-06-04T20:21:08Z	100001159	2
2026-06-04T20:21:14Z	100001160	2
2026-06-04T20:21:16Z	100001161	2
2026-06-04T20:21:23Z	100001162	2
2026-06-04T20:21:25Z	100001163	2
2026-06-04T20:21:33Z	100001164	2
2026-06-04T20:21:35Z	100001165	2
2026-06-04T20:21:37Z	100001142	0
2026-06-04T20:21:47Z	100001168	2
2026-06-04T20:21:55Z	100001169	2
2026-06-04T20:22:04Z	100001170	2
2026-06-04T20:22:11Z	100001154	0
2026-06-04T20:22:12Z	100001153	0
2026-06-04T20:22:21Z	100001172	2
2026-06-04T20:22:22Z	100001173	2
2026-06-04T20:22:30Z	100001174	2
2026-06-04T20:22:37Z	100001176	2
2026-06-04T20:22:46Z	100001177	2
2026-06-04T20:22:47Z	100001157	0
2026-06-04T20:22:48Z	100001155	0
2026-06-04T20:22:55Z	100001178	2
2026-06-04T20:22:57Z	100001179	2
2026-06-04T20:23:04Z	100001181	2
2026-06-04T20:23:08Z	100001182	2
2026-06-04T20:23:14Z	100001183	2
2026-06-04T20:23:15Z	100001166	0
2026-06-04T20:23:18Z	100001184	2
2026-06-04T20:23:20Z	100001167	0
2026-06-04T20:23:25Z	100001185	2
2026-06-04T20:23:25Z	100001186	2
2026-06-04T20:23:28Z	100001187	2
2026-06-04T20:23:35Z	100001190	2
2026-06-04T20:23:43Z	100001192	2
2026-06-04T20:23:50Z	100001193	2
2026-06-04T20:23:53Z	100001171	0
2026-06-04T20:24:01Z	100001194	2
2026-06-04T20:24:12Z	100001196	2
2026-06-04T20:24:18Z	100001175	0
2026-06-04T20:24:23Z	100001197	2
2026-06-04T20:24:24Z	100001180	0
2026-06-04T20:25:08Z	100001188	0
2026-06-04T20:25:11Z	100001189	0
2026-06-04T20:25:18Z	100001201	2
2026-06-04T20:25:19Z	100001202	2
2026-06-04T20:25:26Z	100001191	0
2026-06-04T20:25:27Z	100001203	2
2026-06-04T20:25:35Z	100001205	2
2026-06-04T20:25:47Z	100001207	2
2026-06-04T20:25:50Z	100001195	0
2026-06-04T20:26:03Z	100001209	2
2026-06-04T20:26:14Z	100001198	0
2026-06-04T20:26:27Z	100001211	2
2026-06-04T20:26:28Z	100001200	0
2026-06-04T20:26:32Z	100001199	0
2026-06-04T20:26:35Z	100001212	2
2026-06-04T20:27:14Z	100001204	0
2026-06-04T20:27:24Z	100001206	0
2026-06-04T20:27:31Z	100001208	0
2026-06-04T20:27:34Z	100001217	2
2026-06-04T20:27:41Z	100001218	2
2026-06-04T20:27:45Z	100001219	2
2026-06-04T20:27:51Z	100001220	2
2026-06-04T20:27:53Z	100001221	2
2026-06-04T20:27:59Z	100001210	0
2026-06-04T20:28:01Z	100001222	2
2026-06-04T20:28:03Z	100001223	2
2026-06-04T20:28:11Z	100001225	2
2026-06-04T20:28:13Z	100001226	2
2026-06-04T20:28:15Z	100001213	0
2026-06-04T20:28:29Z	100001229	2
2026-06-04T20:28:41Z	100001215	0
2026-06-04T20:29:02Z	100001214	0
2026-06-04T20:29:26Z	100001216	0
2026-06-04T20:29:38Z	100001233	2
2026-06-04T20:29:48Z	100001234	2
2026-06-04T20:29:55Z	100001224	0
2026-06-04T20:30:01Z	100001235	2
2026-06-04T20:30:07Z	100001236	2
2026-06-04T20:30:12Z	100001237	2
2026-06-04T20:30:17Z	100001227	0
2026-06-04T20:30:20Z	100001238	2
2026-06-04T20:30:26Z	100001239	2
2026-06-04T20:30:28Z	100001228	0
2026-06-04T20:30:35Z	100001241	2
2026-06-04T20:30:38Z	100001243	2
2026-06-04T20:30:40Z	100001230	0
2026-06-04T20:30:51Z	100001246	2
2026-06-04T20:31:19Z	100001231	0
2026-06-04T20:31:37Z	100001232	0
2026-06-04T20:32:37Z	100001245	0
2026-06-04T20:32:41Z	100001240	0
2026-06-04T20:32:45Z	100001242	0
2026-06-04T20:32:46Z	100001247	0
2026-06-04T20:32:50Z	100001250	2
2026-06-04T20:32:57Z	100001252	2
2026-06-04T20:33:03Z	100001254	2
2026-06-04T20:33:14Z	100001244	0
2026-06-04T20:33:15Z	100001256	2
2026-06-04T20:33:28Z	100001258	2
2026-06-04T20:33:44Z	100001249	0
2026-06-04T20:33:54Z	100001248	0
2026-06-04T20:34:05Z	100001261	2
2026-06-04T20:34:18Z	100001262	2
2026-06-04T20:35:04Z	100001253	0
2026-06-04T20:35:10Z	100001251	0
2026-06-04T20:35:13Z	100001255	0
2026-06-04T20:35:22Z	100001265	2
2026-06-04T20:35:26Z	100001266	2
2026-06-04T20:35:46Z	100001257	0
2026-06-04T20:35:54Z	100001259	0
2026-06-04T20:36:10Z	100001260	0
2026-06-04T20:36:20Z	100001271	2
2026-06-04T20:36:20Z	100001263	0
2026-06-04T20:36:30Z	100001272	2
2026-06-04T20:36:39Z	100001274	2
2026-06-04T20:36:48Z	100001275	2
2026-06-04T20:36:51Z	100001267	0
2026-06-04T20:36:59Z	100001276	2
2026-06-04T20:37:07Z	100001277	2
2026-06-04T20:37:18Z	100001264	0
2026-06-04T20:37:29Z	100001268	0
2026-06-04T20:37:32Z	100001269	0
2026-06-04T20:37:38Z	100001281	2
2026-06-04T20:37:38Z	100001270	0
2026-06-04T20:37:47Z	100001284	2
2026-06-04T20:37:55Z	100001285	2
2026-06-04T20:38:03Z	100001286	2
2026-06-04T20:38:21Z	100001273	0
2026-06-04T20:38:29Z	100001288	2
2026-06-04T20:38:35Z	100001278	0
2026-06-04T20:38:37Z	100001289	2
2026-06-04T20:38:52Z	100001280	0
2026-06-04T20:38:58Z	100001279	0
2026-06-04T20:38:58Z	100001282	0
2026-06-04T20:39:11Z	100001283	0
2026-06-04T20:39:18Z	100001295	2
2026-06-04T20:39:26Z	100001287	0
2026-06-04T20:39:34Z	100001297	2
2026-06-04T20:39:55Z	100001290	0
2026-06-04T20:39:59Z	100001291	0
2026-06-04T20:40:03Z	100001299	2
2026-06-04T20:40:17Z	100001293	0
2026-06-04T20:40:18Z	100001292	0
2026-06-04T20:40:37Z	100001296	0
2026-06-04T20:40:41Z	100001294	0
2026-06-04T20:40:50Z	100001305	2
2026-06-04T20:40:57Z	100001298	0
2026-06-04T20:41:13Z	100001301	0
2026-06-04T20:41:18Z	100001300	0
2026-06-04T20:41:25Z	100001309	2
2026-06-04T20:41:30Z	100001302	0
2026-06-04T20:41:31Z	100001310	2
2026-06-04T20:41:37Z	100001311	2
2026-06-04T20:41:38Z	100001312	2
2026-06-04T20:41:44Z	100001313	2
2026-06-04T20:41:45Z	100001303	0
2026-06-04T20:41:45Z	100001314	2
2026-06-04T20:41:52Z	100001315	2
2026-06-04T20:41:55Z	100001317	2
2026-06-04T20:41:58Z	100001304	0
2026-06-04T20:42:01Z	100001318	2
2026-06-04T20:42:03Z	100001319	2
2026-06-04T20:42:06Z	100001320	2
2026-06-04T20:42:09Z	100001307	0
2026-06-04T20:42:10Z	100001306	0
2026-06-04T20:42:13Z	100001323	2
2026-06-04T20:42:22Z	100001326	2
2026-06-04T20:42:28Z	100001327	2
2026-06-04T20:42:31Z	100001308	0
2026-06-04T20:42:36Z	100001328	2
2026-06-04T20:42:38Z	100001329	2
2026-06-04T20:43:08Z	100001316	0
2026-06-04T20:43:28Z	100001322	0
2026-06-04T20:43:28Z	100001325	0
2026-06-04T20:43:32Z	100001324	0
2026-06-04T20:43:37Z	100001334	2
2026-06-04T20:43:38Z	100001333	2
2026-06-04T20:43:40Z	100001335	2
2026-06-04T20:43:46Z	100001321	0
2026-06-04T20:43:49Z	100001337	2
2026-06-04T20:43:50Z	100001338	2
2026-06-04T20:43:56Z	100001341	2
2026-06-04T20:44:05Z	100001342	2
2026-06-04T20:44:06Z	100001330	0
2026-06-04T20:44:14Z	100001343	2
2026-06-04T20:44:15Z	100001331	0
2026-06-04T20:44:16Z	100001344	2
2026-06-04T20:44:26Z	100001345	2
2026-06-04T20:44:34Z	100001348	2
2026-06-04T20:44:42Z	100001332	0
2026-06-04T20:44:51Z	100001350	2
2026-06-04T20:45:00Z	100001351	2
2026-06-04T20:45:09Z	100001352	2
2026-06-04T20:45:16Z	100001336	0
2026-06-04T20:45:18Z	100001353	2
2026-06-04T20:45:25Z	100001354	2
2026-06-04T20:45:28Z	100001355	2
2026-06-04T20:45:32Z	100001356	2
2026-06-04T20:45:32Z	100001339	0
2026-06-04T20:45:36Z	100001357	2
2026-06-04T20:45:41Z	100001340	0
2026-06-04T20:45:43Z	100001360	2
2026-06-04T20:45:47Z	100001361	2
2026-06-04T20:45:51Z	100001346	0
2026-06-04T20:45:54Z	100001347	0
2026-06-04T20:45:59Z	100001364	2
2026-06-04T20:46:01Z	100001365	2
2026-06-04T20:46:07Z	100001366	2
2026-06-04T20:46:14Z	100001368	2
2026-06-04T20:46:20Z	100001369	2
2026-06-04T20:46:25Z	100001370	2
2026-06-04T20:46:26Z	100001349	0
2026-06-04T20:46:33Z	100001371	2
2026-06-04T20:46:34Z	100001372	2
2026-06-04T20:46:40Z	100001374	2
2026-06-04T20:46:40Z	100001373	2
2026-06-04T20:46:52Z	100001358	0
2026-06-04T20:46:53Z	100001359	0
2026-06-04T20:47:01Z	100001377	2
2026-06-04T20:47:04Z	100001378	2
2026-06-04T20:47:10Z	100001379	2
2026-06-04T20:47:13Z	100001363	0
2026-06-04T20:47:19Z	100001381	2
2026-06-04T20:47:27Z	100001362	0
2026-06-04T20:47:28Z	100001383	2
2026-06-04T20:47:36Z	100001385	2
2026-06-04T20:47:37Z	100001384	2
2026-06-04T20:47:41Z	100001367	0
2026-06-04T20:47:44Z	100001387	2
2026-06-04T20:48:13Z	100001375	0
2026-06-04T20:48:19Z	100001376	0
2026-06-04T20:48:21Z	100001390	2
2026-06-04T20:48:31Z	100001380	0
2026-06-04T20:48:38Z	100001393	2
2026-06-04T20:48:46Z	100001394	2
2026-06-04T20:49:04Z	100001382	0
2026-06-04T20:49:12Z	100001396	2
2026-06-04T20:49:14Z	100001386	0
2026-06-04T20:49:15Z	100001388	0
2026-06-04T20:49:21Z	100001397	2
2026-06-04T20:49:22Z	100001398	2
2026-06-04T20:49:22Z	100001399	2
2026-06-04T20:49:31Z	100001389	0
2026-06-04T20:49:32Z	100001402	2
2026-06-04T20:49:39Z	100001403	2
2026-06-04T20:49:41Z	100001404	2
2026-06-04T20:49:47Z	100001406	2
2026-06-04T20:49:48Z	100001405	2
2026-06-04T20:49:54Z	100001408	2
2026-06-04T20:49:55Z	100001407	2
2026-06-04T20:50:00Z	100001391	0
2026-06-04T20:50:02Z	100001410	2
2026-06-04T20:50:02Z	100001409	2
2026-06-04T20:50:09Z	100001392	0
2026-06-04T20:50:17Z	100001414	2
2026-06-04T20:50:26Z	100001415	2
2026-06-04T20:50:35Z	100001416	2
2026-06-04T20:50:38Z	100001395	0
2026-06-04T20:50:44Z	100001400	0
2026-06-04T20:50:44Z	100001417	2
2026-06-04T20:50:55Z	100001419	2
2026-06-04T20:50:56Z	100001420	2
2026-06-04T20:51:00Z	100001401	0
2026-06-04T20:51:03Z	100001422	2
2026-06-04T20:51:05Z	100001421	2
2026-06-04T20:51:08Z	100001423	2
2026-06-04T20:51:11Z	100001424	2
2026-06-04T20:51:13Z	100001425	2
2026-06-04T20:51:16Z	100001426	2
2026-06-04T20:51:18Z	100001427	2
2026-06-04T20:51:24Z	100001413	0
2026-06-04T20:51:32Z	100001431	2
2026-06-04T20:51:42Z	100001412	0
2026-06-04T20:51:51Z	100001433	2
2026-06-04T20:52:00Z	100001411	0
2026-06-04T20:52:03Z	100001418	0
2026-06-04T20:52:10Z	100001436	2
2026-06-04T20:52:31Z	100001429	0
2026-06-04T20:52:32Z	100001428	0
2026-06-04T20:52:38Z	100001438	2
2026-06-04T20:52:46Z	100001432	250
2026-06-04T20:52:49Z	100001430	0
2026-06-04T20:52:53Z	100001441	2
2026-06-04T20:52:58Z	100001442	2
2026-06-04T20:53:06Z	100001444	2
2026-06-04T20:53:12Z	100001434	0
2026-06-04T20:53:15Z	100001445	2
2026-06-04T20:53:20Z	100001446	2
2026-06-04T20:53:23Z	100001447	2
2026-06-04T20:53:26Z	100001435	0
2026-06-04T20:53:33Z	100001450	2
2026-06-04T20:53:35Z	100001437	0
2026-06-04T20:54:03Z	100001439	0
2026-06-04T20:54:09Z	100001453	2
2026-06-04T20:54:13Z	100001440	0
2026-06-04T20:54:16Z	100001454	2
2026-06-04T20:54:20Z	100001443	0
2026-06-04T20:54:23Z	100001456	2
2026-06-04T20:54:51Z	100001449	0
2026-06-04T20:54:57Z	100001459	2
2026-06-04T20:54:59Z	100001452	0
2026-06-04T20:55:04Z	100001451	0
2026-06-04T20:55:04Z	100001460	2
2026-06-04T20:55:07Z	100001461	2
2026-06-04T20:55:11Z	100001448	0
2026-06-04T20:55:11Z	100001462	2
2026-06-04T20:55:13Z	100001463	2
2026-06-04T20:55:15Z	100001464	2
2026-06-04T20:55:19Z	100001465	2
2026-06-04T20:55:20Z	100001466	2
2026-06-04T20:55:22Z	100001455	0
2026-06-04T20:55:22Z	100001468	2
2026-06-04T20:55:23Z	100001467	2
2026-06-04T20:55:27Z	100001470	2
2026-06-04T20:55:27Z	100001469	2
2026-06-04T20:55:30Z	100001473	2
2026-06-04T20:55:31Z	100001472	2
2026-06-04T20:55:31Z	100001471	2
2026-06-04T20:55:38Z	100001477	2
2026-06-04T20:55:41Z	100001478	2
2026-06-04T20:55:45Z	100001457	0
2026-06-04T20:55:46Z	100001479	2
2026-06-04T20:55:48Z	100001480	2
2026-06-04T20:55:52Z	100001481	2
2026-06-04T20:55:54Z	100001482	2
2026-06-04T20:56:01Z	100001458	0
2026-06-04T20:56:02Z	100001485	2
2026-06-04T20:56:09Z	100001486	2
2026-06-04T20:56:18Z	100001488	2
2026-06-04T20:56:48Z	100001476	0
2026-06-04T20:56:55Z	100001490	2
2026-06-04T20:57:03Z	100001475	0
2026-06-04T20:57:03Z	100001491	2
2026-06-04T20:57:05Z	100001474	0
2026-06-04T20:57:11Z	100001492	2
2026-06-04T20:57:12Z	100001494	2
2026-06-04T20:57:13Z	100001493	2
2026-06-04T20:57:14Z	100001484	0
2026-06-04T20:57:22Z	100001495	2
2026-06-04T20:57:23Z	100001497	2
2026-06-04T20:57:31Z	100001499	2
2026-06-04T20:57:32Z	100001500	2
2026-06-04T20:57:33Z	100001483	0
2026-06-04T20:57:36Z	100001487	0
2026-06-04T20:57:40Z	100001502	2
2026-06-04T20:57:41Z	100001501	2
2026-06-04T20:57:42Z	100001503	2
2026-06-04T20:57:46Z	100001504	2
2026-06-04T20:57:50Z	100001506	2
2026-06-04T20:57:52Z	100001489	0
2026-06-04T20:58:43Z	100001498	0
2026-06-04T20:58:49Z	100001496	0
2026-06-04T20:58:56Z	100001505	0
2026-06-04T20:58:59Z	100001512	2
2026-06-04T20:59:00Z	100001510	0
2026-06-04T20:59:00Z	100001509	0
2026-06-04T20:59:09Z	100001515	2
2026-06-04T20:59:09Z	100001514	2
2026-06-04T20:59:10Z	100001516	2
2026-06-04T20:59:11Z	100001508	0
2026-06-04T20:59:17Z	100001517	2
2026-06-04T20:59:19Z	100001519	2
2026-06-04T20:59:20Z	100001520	2
2026-06-04T20:59:23Z	100001507	0
2026-06-04T20:59:28Z	100001522	2
2026-06-04T20:59:28Z	100001523	2
2026-06-04T20:59:32Z	100001524	2
2026-06-04T20:59:36Z	100001526	2
2026-06-04T20:59:44Z	100001528	2
2026-06-04T21:00:26Z	100001511	0
2026-06-04T21:00:34Z	100001513	0
2026-06-04T21:00:38Z	100001530	2
2026-06-04T21:00:46Z	100001531	2
2026-06-04T21:00:47Z	100001518	0
2026-06-04T21:00:51Z	100001532	2
2026-06-04T21:00:52Z	100001521	0
2026-06-04T21:00:59Z	100001535	2
2026-06-04T21:01:01Z	100001536	2
2026-06-04T21:01:04Z	100001527	0
2026-06-04T21:01:07Z	100001525	0
2026-06-04T21:01:09Z	100001537	2
2026-06-04T21:01:10Z	100001538	2
2026-06-04T21:01:13Z	100001539	2
2026-06-04T21:01:15Z	100001540	2
2026-06-04T21:01:16Z	100001541	2
2026-06-04T21:01:18Z	100001542	2
2026-06-04T21:01:20Z	100001543	2
2026-06-04T21:01:23Z	100001544	2
2026-06-04T21:01:24Z	100001545	2
2026-06-04T21:01:25Z	100001529	0
2026-06-04T21:01:31Z	100001548	2
2026-06-04T21:01:33Z	100001550	2
2026-06-04T21:01:38Z	100001551	2
2026-06-04T21:01:40Z	100001552	2
2026-06-04T21:01:49Z	100001554	2
2026-06-04T21:01:57Z	100001555	2
2026-06-04T21:02:06Z	100001556	2
2026-06-04T21:02:14Z	100001557	2
2026-06-04T21:02:29Z	100001533	0
2026-06-04T21:02:30Z	100001534	0
2026-06-04T21:02:38Z	100001560	2
2026-06-04T21:02:48Z	100001546	0
2026-06-04T21:02:48Z	100001561	2
2026-06-04T21:02:53Z	100001547	0
2026-06-04T21:02:54Z	100001563	2
2026-06-04T21:03:00Z	100001564	2
2026-06-04T21:03:03Z	100001553	0
2026-06-04T21:03:08Z	100001549	0
2026-06-04T21:03:41Z	100001559	0
2026-06-04T21:03:41Z	100001558	0
2026-06-04T21:03:48Z	100001569	2
2026-06-04T21:03:49Z	100001570	2
2026-06-04T21:03:56Z	100001571	2
2026-06-04T21:04:24Z	100001566	0
2026-06-04T21:04:27Z	100001562	0
2026-06-04T21:04:27Z	100001568	0
2026-06-04T21:04:29Z	100001565	0
2026-06-04T21:04:31Z	100001574	2
2026-06-04T21:04:35Z	100001576	2
2026-06-04T21:04:39Z	100001578	2
2026-06-04T21:04:54Z	100001567	0
2026-06-04T21:05:13Z	100001572	0
2026-06-04T21:05:22Z	100001582	2
2026-06-04T21:05:28Z	100001573	0
2026-06-04T21:05:30Z	100001583	2
2026-06-04T21:05:35Z	100001584	2
2026-06-04T21:05:43Z	100001579	0
2026-06-04T21:05:51Z	100001587	2
2026-06-04T21:05:53Z	100001577	0
2026-06-04T21:06:00Z	100001588	2
2026-06-04T21:06:02Z	100001589	2
2026-06-04T21:06:05Z	100001580	0
2026-06-04T21:06:10Z	100001575	0
2026-06-04T21:06:12Z	100001590	2
2026-06-04T21:06:15Z	100001592	2
2026-06-04T21:06:20Z	100001581	0
2026-06-04T21:06:21Z	100001594	2
2026-06-04T21:06:29Z	100001597	2
2026-06-04T21:06:36Z	100001598	2
2026-06-04T21:06:58Z	100001585	0
2026-06-04T21:07:06Z	100001600	2
2026-06-04T21:07:13Z	100001601	2
2026-06-04T21:07:27Z	100001586	0
2026-06-04T21:07:34Z	100001591	0
2026-06-04T21:07:35Z	100001603	2
2026-06-04T21:07:36Z	100001593	0
2026-06-04T21:07:43Z	100001596	0
2026-06-04T21:07:44Z	100001604	2
2026-06-04T21:07:46Z	100001606	2
2026-06-04T21:07:52Z	100001595	0
2026-06-04T21:07:52Z	100001607	2
2026-06-04T21:07:53Z	100001608	2
2026-06-04T21:07:56Z	100001609	2
2026-06-04T21:07:56Z	100001599	0
2026-06-04T21:08:02Z	100001611	2
2026-06-04T21:08:02Z	100001610	2
2026-06-04T21:08:03Z	100001612	2
2026-06-04T21:08:06Z	100001613	2
2026-06-04T21:08:11Z	100001615	2
2026-06-04T21:08:13Z	100001617	2
2026-06-04T21:08:22Z	100001620	2
2026-06-04T21:08:46Z	100001602	0
2026-06-04T21:09:19Z	100001605	0
2026-06-04T21:09:29Z	100001623	2
2026-06-04T21:09:31Z	100001614	0
2026-06-04T21:09:38Z	100001616	0
2026-06-04T21:09:39Z	100001624	2
2026-06-04T21:09:42Z	100001625	2
2026-06-04T21:09:43Z	100001618	0
2026-06-04T21:09:52Z	100001626	2
2026-06-04T21:09:55Z	100001621	0
2026-06-04T21:09:56Z	100001628	2
2026-06-04T21:09:57Z	100001629	2
2026-06-04T21:09:59Z	100001619	0
2026-06-04T21:10:02Z	100001630	2
2026-06-04T21:10:06Z	100001631	2
2026-06-04T21:10:11Z	100001634	2
2026-06-04T21:10:11Z	100001635	2
2026-06-04T21:10:16Z	100001636	2
2026-06-04T21:10:19Z	100001638	2
2026-06-04T21:10:27Z	100001640	2
2026-06-04T21:10:35Z	100001641	2
2026-06-04T21:10:42Z	100001642	2
2026-06-04T21:10:48Z	100001643	2
2026-06-04T21:10:51Z	100001622	0
2026-06-04T21:10:55Z	100001644	2
2026-06-04T21:11:17Z	100001627	0
2026-06-04T21:11:25Z	100001647	2
2026-06-04T21:11:27Z	100001633	0
2026-06-04T21:11:29Z	100001637	0
2026-06-04T21:11:35Z	100001649	2
2026-06-04T21:11:35Z	100001632	0
2026-06-04T21:11:38Z	100001650	2
2026-06-04T21:11:42Z	100001652	2
2026-06-04T21:11:43Z	100001651	2
2026-06-04T21:11:46Z	100001653	2
2026-06-04T21:11:50Z	100001654	2
2026-06-04T21:11:50Z	100001639	0
2026-06-04T21:11:55Z	100001656	2
2026-06-04T21:11:59Z	100001658	2
2026-06-04T21:12:04Z	100001659	2
2026-06-04T21:12:06Z	100001660	2
2026-06-04T21:12:14Z	100001662	2
2026-06-04T21:12:21Z	100001645	0
2026-06-04T21:12:32Z	100001646	0
2026-06-04T21:12:44Z	100001648	0
2026-06-04T21:12:50Z	100001666	2
2026-06-04T21:12:58Z	100001667	2
2026-06-04T21:13:06Z	100001668	2
2026-06-04T21:13:14Z	100001669	2
2026-06-04T21:13:22Z	100001670	2
2026-06-04T21:13:22Z	100001657	0
2026-06-04T21:13:31Z	100001671	2
2026-06-04T21:13:33Z	100001655	0
2026-06-04T21:13:36Z	100001661	0
2026-06-04T21:13:39Z	100001663	0
2026-06-04T21:13:41Z	100001673	2
2026-06-04T21:13:42Z	100001674	2
2026-06-04T21:13:47Z	100001664	0
2026-06-04T21:13:47Z	100001675	2
2026-06-04T21:13:50Z	100001676	2
2026-06-04T21:13:53Z	100001677	2
2026-06-04T21:13:57Z	100001679	2
2026-06-04T21:13:57Z	100001680	2
2026-06-04T21:14:01Z	100001681	2
2026-06-04T21:14:02Z	100001682	2
2026-06-04T21:14:04Z	100001683	2
2026-06-04T21:14:05Z	100001684	2
2026-06-04T21:14:10Z	100001686	2
2026-06-04T21:14:13Z	100001687	2
2026-06-04T21:14:13Z	100001665	0
2026-06-04T21:14:14Z	100001688	2
2026-06-04T21:14:20Z	100001690	2
2026-06-04T21:14:21Z	100001692	2
2026-06-04T21:14:28Z	100001693	2
2026-06-04T21:14:30Z	100001694	2
2026-06-04T21:14:35Z	100001695	2
2026-06-04T21:14:37Z	100001696	2
2026-06-04T21:14:44Z	100001698	2
2026-06-04T21:14:45Z	100001672	0
2026-06-04T21:14:52Z	100001699	2
2026-06-04T21:15:00Z	100001701	2
2026-06-04T21:15:07Z	100001702	2
2026-06-04T21:15:10Z	100001678	0
2026-06-04T21:15:16Z	100001704	2
2026-06-04T21:15:23Z	100001705	2
2026-06-04T21:15:25Z	100001689	0
2026-06-04T21:15:29Z	100001685	0
2026-06-04T21:15:34Z	100001707	2
2026-06-04T21:15:44Z	100001709	2
2026-06-04T21:15:50Z	100001691	0
2026-06-04T21:15:53Z	100001710	2
2026-06-04T21:16:01Z	100001711	2
2026-06-04T21:16:03Z	100001697	0
2026-06-04T21:16:04Z	100001712	2
2026-06-04T21:16:11Z	100001714	2
2026-06-04T21:16:21Z	100001700	0
2026-06-04T21:16:51Z	100001703	0
2026-06-04T21:16:54Z	100001706	0
2026-06-04T21:16:55Z	100001708	0
2026-06-04T21:17:01Z	100001720	2
2026-06-04T21:17:02Z	100001719	2
2026-06-04T21:17:10Z	100001721	2
2026-06-04T21:17:10Z	100001722	2
2026-06-04T21:17:18Z	100001723	2
2026-06-04T21:17:26Z	100001725	2
2026-06-04T21:17:29Z	100001716	0
2026-06-04T21:17:34Z	100001726	2
2026-06-04T21:17:41Z	100001717	0
2026-06-04T21:18:00Z	100001713	0
2026-06-04T21:18:02Z	100001715	0
2026-06-04T21:18:07Z	100001730	2
2026-06-04T21:18:09Z	100001731	2
2026-06-04T21:18:16Z	100001732	2
2026-06-04T21:18:18Z	100001733	2
2026-06-04T21:18:24Z	100001735	2
2026-06-04T21:18:31Z	100001718	0
2026-06-04T21:18:33Z	100001736	2
2026-06-04T21:18:38Z	100001737	2
2026-06-04T21:18:40Z	100001738	2
2026-06-04T21:18:44Z	100001724	0
2026-06-04T21:18:45Z	100001739	2
2026-06-04T21:18:48Z	100001740	2
2026-06-04T21:18:50Z	100001728	0
2026-06-04T21:18:57Z	100001744	2
2026-06-04T21:18:57Z	100001727	0
2026-06-04T21:19:04Z	100001746	2
2026-06-04T21:19:05Z	100001745	2
2026-06-04T21:19:08Z	100001729	0
2026-06-04T21:19:12Z	100001748	2
2026-06-04T21:19:13Z	100001749	2
2026-06-04T21:19:20Z	100001751	2
2026-06-04T21:19:27Z	100001752	2
2026-06-04T21:19:29Z	100001734	0
2026-06-04T21:19:34Z	100001753	2
2026-06-04T21:19:35Z	100001754	2
2026-06-04T21:19:41Z	100001755	2
2026-06-04T21:19:44Z	100001756	2
2026-06-04T21:19:49Z	100001757	2
2026-06-04T21:20:00Z	100001742	0
2026-06-04T21:20:07Z	100001760	2
2026-06-04T21:20:08Z	100001741	0
2026-06-04T21:20:09Z	100001743	0
2026-06-04T21:20:15Z	100001761	2
2026-06-04T21:20:17Z	100001763	2
2026-06-04T21:20:17Z	100001762	2
2026-06-04T21:20:25Z	100001764	2
2026-06-04T21:20:27Z	100001766	2
2026-06-04T21:20:32Z	100001747	0
2026-06-04T21:20:35Z	100001767	2
2026-06-04T21:20:36Z	100001768	2
2026-06-04T21:20:40Z	100001750	0
2026-06-04T21:20:41Z	100001769	2
2026-06-04T21:20:45Z	100001771	2
2026-06-04T21:20:50Z	100001773	2
2026-06-04T21:21:19Z	100001759	0
2026-06-04T21:21:20Z	100001758	0
2026-06-04T21:21:26Z	100001776	2
2026-06-04T21:21:34Z	100001778	2
2026-06-04T21:21:51Z	100001765	0
2026-06-04T21:22:06Z	100001770	0
2026-06-04T21:22:10Z	100001774	0
2026-06-04T21:22:15Z	100001781	2
2026-06-04T21:22:20Z	100001775	0
2026-06-04T21:22:26Z	100001772	0
2026-06-04T21:22:29Z	100001784	2
2026-06-04T21:22:39Z	100001786	2
2026-06-04T21:22:39Z	100001777	0
2026-06-04T21:22:48Z	100001787	2
2026-06-04T21:23:17Z	100001779	0
2026-06-04T21:23:31Z	100001782	0
2026-06-04T21:23:35Z	100001780	0
2026-06-04T21:23:41Z	100001791	2
2026-06-04T21:23:51Z	100001793	2
2026-06-04T21:23:57Z	100001785	0
2026-06-04T21:24:00Z	100001794	2
2026-06-04T21:24:04Z	100001795	2
2026-06-04T21:24:08Z	100001788	0
2026-06-04T21:24:10Z	100001783	0
2026-06-04T21:24:10Z	100001796	2
2026-06-04T21:24:15Z	100001797	2
2026-06-04T21:24:20Z	100001799	2
2026-06-04T21:24:20Z	100001800	2
2026-06-04T21:24:28Z	100001802	2
2026-06-04T21:24:29Z	100001803	2
2026-06-04T21:24:34Z	100001789	0
2026-06-04T21:24:45Z	100001790	0
2026-06-04T21:25:26Z	100001792	0
2026-06-04T21:25:33Z	100001808	2
2026-06-04T21:25:37Z	100001801	0
2026-06-04T21:25:39Z	100001798	0
2026-06-04T21:25:49Z	100001811	2
2026-06-04T21:25:57Z	100001812	2
2026-06-04T21:26:03Z	100001806	0
2026-06-04T21:26:07Z	100001805	0
2026-06-04T21:26:12Z	100001814	2
2026-06-04T21:26:14Z	100001815	2
2026-06-04T21:26:19Z	100001816	2
2026-06-04T21:26:24Z	100001804	0
2026-06-04T21:26:24Z	100001807	0
2026-06-04T21:26:26Z	100001818	2
2026-06-04T21:26:31Z	100001819	2
2026-06-04T21:26:32Z	100001820	2
2026-06-04T21:26:33Z	100001821	2
2026-06-04T21:26:39Z	100001823	2
2026-06-04T21:26:39Z	100001822	2
2026-06-04T21:26:41Z	100001824	2
2026-06-04T21:26:47Z	100001826	2
2026-06-04T21:26:57Z	100001828	2
2026-06-04T21:27:00Z	100001809	0
2026-06-04T21:27:02Z	100001810	0
2026-06-04T21:27:05Z	100001829	2
2026-06-04T21:27:07Z	100001830	2
2026-06-04T21:27:09Z	100001831	2
2026-06-04T21:27:12Z	100001832	2
2026-06-04T21:27:15Z	100001833	2
2026-06-04T21:27:18Z	100001834	2
2026-06-04T21:27:24Z	100001813	0
2026-06-04T21:27:26Z	100001836	2
2026-06-04T21:27:28Z	100001837	2
2026-06-04T21:27:38Z	100001840	2
2026-06-04T21:27:39Z	100001817	0
2026-06-04T21:28:12Z	100001827	0
2026-06-04T21:28:20Z	100001825	0
2026-06-04T21:28:27Z	100001844	2
2026-06-04T21:28:49Z	100001838	0
2026-06-04T21:28:52Z	100001835	0
2026-06-04T21:28:55Z	100001846	2
2026-06-04T21:29:00Z	100001847	2
2026-06-04T21:29:01Z	100001841	0
2026-06-04T21:29:02Z	100001839	0
2026-06-04T21:29:02Z	100001848	2
2026-06-04T21:29:03Z	100001842	0
2026-06-04T21:29:10Z	100001851	2
2026-06-04T21:29:10Z	100001853	2
2026-06-04T21:29:11Z	100001850	2
2026-06-04T21:29:11Z	100001852	2
2026-06-04T21:29:18Z	100001854	2
2026-06-04T21:29:18Z	100001855	2
2026-06-04T21:29:20Z	100001856	2
2026-06-04T21:29:25Z	100001858	2
2026-06-04T21:29:27Z	100001859	2
2026-06-04T21:29:32Z	100001843	0
2026-06-04T21:29:33Z	100001861	2
2026-06-04T21:29:34Z	100001862	2
2026-06-04T21:29:40Z	100001863	2
2026-06-04T21:29:42Z	100001845	0
2026-06-04T21:29:43Z	100001865	2
2026-06-04T21:29:44Z	100001864	2
2026-06-04T21:29:48Z	100001866	2
2026-06-04T21:29:50Z	100001867	2
2026-06-04T21:29:51Z	100001868	2
2026-06-04T21:29:53Z	100001869	2
2026-06-04T21:29:55Z	100001870	2
2026-06-04T21:29:59Z	100001872	2
2026-06-04T21:30:00Z	100001873	2
2026-06-04T21:30:08Z	100001876	2
2026-06-04T21:30:31Z	100001849	0
2026-06-04T21:30:45Z	100001857	0
2026-06-04T21:30:52Z	100001879	2
2026-06-04T21:30:58Z	100001860	0
2026-06-04T21:31:15Z	100001871	0
2026-06-04T21:31:24Z	100001882	2
2026-06-04T21:31:27Z	100001874	0
2026-06-04T21:31:33Z	100001875	0
2026-06-04T21:31:35Z	100001883	2
2026-06-04T21:31:37Z	100001884	2
2026-06-04T21:31:40Z	100001877	0
2026-06-04T21:31:44Z	100001886	2
2026-06-04T21:31:47Z	100001887	2
2026-06-04T21:31:57Z	100001890	2
2026-06-04T21:32:09Z	100001878	0
2026-06-04T21:32:16Z	100001892	2
2026-06-04T21:32:25Z	100001893	2
2026-06-04T21:32:26Z	100001881	0
2026-06-04T21:32:34Z	100001894	2
2026-06-04T21:32:37Z	100001895	2
2026-06-04T21:32:41Z	100001880	0
2026-06-04T21:32:42Z	100001896	2
2026-06-04T21:32:46Z	100001897	2
2026-06-04T21:32:50Z	100001898	2
2026-06-04T21:32:53Z	100001899	2
2026-06-04T21:32:58Z	100001900	2
2026-06-04T21:33:00Z	100001901	2
2026-06-04T21:33:05Z	100001902	2
2026-06-04T21:33:08Z	100001903	2
2026-06-04T21:33:14Z	100001888	0
2026-06-04T21:33:17Z	100001906	2
2026-06-04T21:33:24Z	100001907	2
2026-06-04T21:33:25Z	100001908	2
2026-06-04T21:33:29Z	100001889	0
2026-06-04T21:33:34Z	100001885	0
2026-06-04T21:33:34Z	100001891	0
2026-06-04T21:33:35Z	100001909	2
2026-06-04T21:33:37Z	100001910	2
2026-06-04T21:33:44Z	100001911	2
2026-06-04T21:33:46Z	100001912	2
2026-06-04T21:33:49Z	100001914	2
2026-06-04T21:33:52Z	100001915	2
2026-06-04T21:33:55Z	100001916	2
2026-06-04T21:33:55Z	100001917	2
2026-06-04T21:33:59Z	100001918	2
2026-06-04T21:34:02Z	100001919	2
2026-06-04T21:34:03Z	100001921	2
2026-06-04T21:34:05Z	100001920	2
2026-06-04T21:34:09Z	100001922	2
2026-06-04T21:34:13Z	100001925	2
2026-06-04T21:34:13Z	100001924	2
2026-06-04T21:34:19Z	100001926	2
2026-06-04T21:34:27Z	100001929	2
2026-06-04T21:34:35Z	100001930	2
2026-06-04T21:34:41Z	100001905	0
2026-06-04T21:34:42Z	100001931	2
2026-06-04T21:34:53Z	100001904	0
2026-06-04T21:35:01Z	100001934	2
2026-06-04T21:35:10Z	100001935	2
2026-06-04T21:35:16Z	100001936	2
2026-06-04T21:35:29Z	100001913	0
2026-06-04T21:35:44Z	100001923	0
2026-06-04T21:35:48Z	100001927	0
2026-06-04T21:35:56Z	100001940	2
2026-06-04T21:36:03Z	100001941	2
2026-06-04T21:36:06Z	100001928	0
2026-06-04T21:36:08Z	100001932	0
2026-06-04T21:36:28Z	100001933	0
2026-06-04T21:36:35Z	100001945	2
2026-06-04T21:36:42Z	100001946	2
2026-06-04T21:36:45Z	100001937	0
2026-06-04T21:36:50Z	100001947	2
2026-06-04T21:36:51Z	100001938	0
2026-06-04T21:36:53Z	100001948	2
2026-06-04T21:36:58Z	100001949	2
2026-06-04T21:37:01Z	100001951	2
2026-06-04T21:37:09Z	100001953	2
2026-06-04T21:37:17Z	100001954	2
2026-06-04T21:37:24Z	100001942	0
2026-06-04T21:37:24Z	100001939	0
2026-06-04T21:37:25Z	100001955	2
2026-06-04T21:37:29Z	100001943	0
2026-06-04T21:37:32Z	100001957	2
2026-06-04T21:37:33Z	100001956	2
2026-06-04T21:37:36Z	100001959	2
2026-06-04T21:37:40Z	100001960	2
2026-06-04T21:37:42Z	100001944	0
2026-06-04T21:37:48Z	100001963	2
2026-06-04T21:38:12Z	100001950	0
2026-06-04T21:38:20Z	100001966	2
2026-06-04T21:38:41Z	100001952	0
2026-06-04T21:38:44Z	100001958	0
2026-06-04T21:38:47Z	100001968	2
2026-06-04T21:38:50Z	100001969	2
2026-06-04T21:38:55Z	100001964	0
2026-06-04T21:38:55Z	100001970	2
2026-06-04T21:38:58Z	100001971	2
2026-06-04T21:38:59Z	100001962	0
2026-06-04T21:39:00Z	100001961	0
2026-06-04T21:39:04Z	100001973	2
2026-06-04T21:39:04Z	100001972	2
2026-06-04T21:39:05Z	100001974	2
2026-06-04T21:39:07Z	100001975	2
2026-06-04T21:39:12Z	100001977	2
2026-06-04T21:39:15Z	100001965	0
2026-06-04T21:39:19Z	100001981	2
2026-06-04T21:39:25Z	100001983	2
2026-06-04T21:39:33Z	100001984	2
2026-06-04T21:39:40Z	100001985	2
2026-06-04T21:39:46Z	100001967	0
2026-06-04T21:40:21Z	100001978	0
2026-06-04T21:40:23Z	100001980	0
2026-06-04T21:40:23Z	100001979	0
2026-06-04T21:40:28Z	100001976	0
2026-06-04T21:40:29Z	100001988	2
2026-06-04T21:40:30Z	100001982	0
2026-06-04T21:40:31Z	100001989	2
2026-06-04T21:40:32Z	100001990	2
2026-06-04T21:40:36Z	100001991	2
2026-06-04T21:40:37Z	100001992	2
2026-06-04T21:40:39Z	100001995	2
2026-06-04T21:40:40Z	100001993	2
2026-06-04T21:40:41Z	100001994	2
2026-06-04T21:40:44Z	100001997	2
2026-06-04T21:40:44Z	100001996	2
2026-06-04T21:40:47Z	100001999	2
2026-06-04T21:40:48Z	100001998	2
2026-06-04T21:40:52Z	100002001	2
2026-06-04T21:40:56Z	100002004	2
2026-06-04T21:40:58Z	100002005	2
2026-06-04T21:41:04Z	100002006	2
2026-06-04T21:41:06Z	100001986	0
2026-06-04T21:41:06Z	100001987	0
2026-06-04T21:41:13Z	100002010	2
2026-06-04T21:41:14Z	100002009	2
2026-06-04T21:41:20Z	100002011	2
2026-06-04T21:41:22Z	100002012	2
2026-06-04T21:42:06Z	100002002	0
2026-06-04T21:42:13Z	100002003	0
2026-06-04T21:42:14Z	100002015	2
2026-06-04T21:42:16Z	100002000	0
2026-06-04T21:42:22Z	100002016	2
2026-06-04T21:42:24Z	100002017	2
2026-06-04T21:42:25Z	100002007	0
2026-06-04T21:42:31Z	100002019	2
2026-06-04T21:42:33Z	100002021	2
2026-06-04T21:42:33Z	100002020	2
2026-06-04T21:42:35Z	100002008	0
2026-06-04T21:42:42Z	100002024	2
2026-06-04T21:42:45Z	100002025	2
2026-06-04T21:42:46Z	100002014	0
2026-06-04T21:42:49Z	100002026	2
2026-06-04T21:42:51Z	100002013	0
2026-06-04T21:42:53Z	100002028	2
2026-06-04T21:42:57Z	100002029	2
2026-06-04T21:43:00Z	100002030	2
2026-06-04T21:43:01Z	100002031	2
2026-06-04T21:43:07Z	100002032	2
2026-06-04T21:43:09Z	100002033	2
2026-06-04T21:43:10Z	100002034	2
2026-06-04T21:43:20Z	100002037	2
2026-06-04T21:43:30Z	100002038	2
2026-06-04T21:44:09Z	100002018	0
2026-06-04T21:44:12Z	100002023	0
2026-06-04T21:44:15Z	100002027	0
2026-06-04T21:44:19Z	100002040	2
2026-06-04T21:44:21Z	100002041	2
2026-06-04T21:44:30Z	100002044	2
2026-06-04T21:44:31Z	100002022	0
2026-06-04T21:44:34Z	100002035	0
2026-06-04T21:44:38Z	100002045	2
2026-06-04T21:44:39Z	100002046	2
2026-06-04T21:44:41Z	100002047	2
2026-06-04T21:44:46Z	100002048	2
2026-06-04T21:44:53Z	100002051	2
2026-06-04T21:45:00Z	100002052	2
2026-06-04T21:45:05Z	100002053	2
2026-06-04T21:45:09Z	100002039	0
2026-06-04T21:45:13Z	100002054	2
2026-06-04T21:45:16Z	100002055	2
2026-06-04T21:45:17Z	100002036	0
2026-06-04T21:45:20Z	100002056	2
2026-06-04T21:45:23Z	100002057	2
2026-06-04T21:45:25Z	100002042	0
2026-06-04T21:45:26Z	100002058	2
2026-06-04T21:45:28Z	100002059	2
2026-06-04T21:45:33Z	100002062	2
2026-06-04T21:45:34Z	100002061	2
2026-06-04T21:45:37Z	100002043	0
2026-06-04T21:45:42Z	100002064	2
2026-06-04T21:45:44Z	100002065	2
2026-06-04T21:45:48Z	100002066	2
2026-06-04T21:45:52Z	100002068	2
2026-06-04T21:46:00Z	100002050	0
2026-06-04T21:46:08Z	100002049	0
2026-06-04T21:46:15Z	100002072	2
2026-06-04T21:46:22Z	100002073	2
2026-06-04T21:46:30Z	100002074	2
2026-06-04T21:46:37Z	100002075	2
2026-06-04T21:46:45Z	100002060	0
2026-06-04T21:46:53Z	100002077	2
2026-06-04T21:47:00Z	100002078	2
2026-06-04T21:47:01Z	100002067	0
2026-06-04T21:47:05Z	100002063	0
2026-06-04T21:47:07Z	100002079	2
2026-06-04T21:47:08Z	100002080	2
2026-06-04T21:47:14Z	100002081	2
2026-06-04T21:47:14Z	100002069	0
2026-06-04T21:47:17Z	100002082	2
2026-06-04T21:47:23Z	100002084	2
2026-06-04T21:47:26Z	100002086	2
2026-06-04T21:47:32Z	100002070	0
2026-06-04T21:47:34Z	100002088	2
2026-06-04T21:47:41Z	100002071	0
2026-06-04T21:47:41Z	100002090	2
2026-06-04T21:47:41Z	100002089	2
2026-06-04T21:47:49Z	100002093	2
2026-06-04T21:47:49Z	100002091	2
2026-06-04T21:47:56Z	100002076	0
2026-06-04T21:48:03Z	100002096	2
2026-06-04T21:48:44Z	100002085	0
2026-06-04T21:48:49Z	100002083	0
2026-06-04T21:48:52Z	100002092	0
2026-06-04T21:48:59Z	100002099	2
2026-06-04T21:49:07Z	100002101	2
2026-06-04T21:49:10Z	100002087	0
2026-06-04T21:49:10Z	100002095	0
2026-06-04T21:49:16Z	100002102	2
2026-06-04T21:49:17Z	100002103	2
2026-06-04T21:49:21Z	100002094	0
2026-06-04T21:49:23Z	100002105	2
2026-06-04T21:49:29Z	100002107	2
2026-06-04T21:49:36Z	100002109	2
2026-06-04T21:49:40Z	100002097	0
2026-06-04T21:49:43Z	100002110	2
2026-06-04T21:49:47Z	100002111	2
2026-06-04T21:49:52Z	100002112	2
2026-06-04T21:49:58Z	100002114	2
2026-06-04T21:50:17Z	100002100	0
2026-06-04T21:50:22Z	100002098	0
2026-06-04T21:50:24Z	100002116	2
2026-06-04T21:50:30Z	100002117	2
2026-06-04T21:50:34Z	100002106	0
2026-06-04T21:50:38Z	100002119	2
2026-06-04T21:50:42Z	100002108	0
2026-06-04T21:50:42Z	100002120	2
2026-06-04T21:50:46Z	100002121	2
2026-06-04T21:50:47Z	100002104	0
2026-06-04T21:50:54Z	100002124	2
2026-06-04T21:50:55Z	100002125	2
2026-06-04T21:51:00Z	100002126	2
2026-06-04T21:51:02Z	100002127	2
2026-06-04T21:51:09Z	100002128	2
2026-06-04T21:51:10Z	100002129	2
2026-06-04T21:51:19Z	100002130	2
2026-06-04T21:51:20Z	100002113	0
2026-06-04T21:51:20Z	100002131	2
2026-06-04T21:51:28Z	100002132	2
2026-06-04T21:51:32Z	100002115	0
2026-06-04T21:51:35Z	100002135	2
2026-06-04T21:51:39Z	100002136	2
2026-06-04T21:51:43Z	100002137	2
2026-06-04T21:51:48Z	100002138	2
2026-06-04T21:51:51Z	100002139	2
2026-06-04T21:52:00Z	100002123	0
2026-06-04T21:52:00Z	100002118	0
2026-06-04T21:52:07Z	100002142	2
2026-06-04T21:52:08Z	100002143	2
2026-06-04T21:52:14Z	100002145	2
2026-06-04T21:52:22Z	100002146	2
2026-06-04T21:52:30Z	100002147	2
2026-06-04T21:52:38Z	100002148	2
2026-06-04T21:52:48Z	100002122	0
2026-06-04T21:52:50Z	100002133	0
2026-06-04T21:52:56Z	100002150	2
2026-06-04T21:52:58Z	100002151	2
2026-06-04T21:53:01Z	100002134	0
2026-06-04T21:53:04Z	100002152	2
2026-06-04T21:53:09Z	100002154	2
2026-06-04T21:53:11Z	100002155	2
2026-06-04T21:53:13Z	100002140	0
2026-06-04T21:53:17Z	100002156	2
2026-06-04T21:53:17Z	100002141	0
2026-06-04T21:53:21Z	100002157	2
2026-06-04T21:53:21Z	100002158	2
2026-06-04T21:53:24Z	100002159	2
2026-06-04T21:53:25Z	100002160	2
2026-06-04T21:53:29Z	100002161	2
2026-06-04T21:53:30Z	100002162	2
2026-06-04T21:53:37Z	100002166	2
2026-06-04T21:53:41Z	100002144	0
2026-06-04T21:54:19Z	100002149	0
2026-06-04T21:54:35Z	100002153	0
2026-06-04T21:54:41Z	100002170	2
2026-06-04T21:54:46Z	100002165	0
2026-06-04T21:54:48Z	100002171	2
2026-06-04T21:54:53Z	100002163	0
2026-06-04T21:54:54Z	100002172	2
2026-06-04T21:54:56Z	100002173	2
2026-06-04T21:55:00Z	100002174	2
2026-06-04T21:55:02Z	100002175	2
2026-06-04T21:55:07Z	100002177	2
2026-06-04T21:55:09Z	100002164	0
2026-06-04T21:55:10Z	100002178	2
2026-06-04T21:55:10Z	100002168	0
2026-06-04T21:55:16Z	100002179	2
2026-06-04T21:55:16Z	100002167	0
2026-06-04T21:55:19Z	100002182	2
2026-06-04T21:55:23Z	100002184	2
2026-06-04T21:55:23Z	100002183	2
2026-06-04T21:55:27Z	100002185	2
2026-06-04T21:55:33Z	100002186	2
2026-06-04T21:55:33Z	100002187	2
2026-06-04T21:55:41Z	100002190	2
2026-06-04T21:55:56Z	100002169	0
2026-06-04T21:56:22Z	100002176	0
2026-06-04T21:56:35Z	100002180	0
2026-06-04T21:56:43Z	100002194	2
2026-06-04T21:56:44Z	100002181	0
2026-06-04T21:57:09Z	100002188	0
2026-06-04T21:57:16Z	100002191	0
2026-06-04T21:57:18Z	100002197	2
2026-06-04T21:57:22Z	100002189	0
2026-06-04T21:57:28Z	100002192	0
2026-06-04T21:57:29Z	100002199	2
2026-06-04T21:57:29Z	100002200	2
2026-06-04T21:57:36Z	100002201	2
2026-06-04T21:57:38Z	100002202	2
2026-06-04T21:57:39Z	100002203	2
2026-06-04T21:57:45Z	100002204	2
2026-06-04T21:57:47Z	100002205	2
2026-06-04T21:57:51Z	100002193	0
2026-06-04T21:57:52Z	100002207	2
2026-06-04T21:57:53Z	100002208	2
2026-06-04T21:58:00Z	100002210	2
2026-06-04T21:58:00Z	100002209	2
2026-06-04T21:58:07Z	100002213	2
2026-06-04T21:58:13Z	100002214	2
2026-06-04T21:58:16Z	100002196	0
2026-06-04T21:58:19Z	100002195	0
2026-06-04T21:58:20Z	100002215	2
2026-06-04T21:58:26Z	100002218	2
2026-06-04T21:58:46Z	100002198	0
2026-06-04T21:58:51Z	100002206	0
2026-06-04T21:58:55Z	100002220	2
2026-06-04T21:59:09Z	100002212	0
2026-06-04T21:59:10Z	100002211	0
2026-06-04T21:59:16Z	100002223	2
2026-06-04T21:59:23Z	100002225	2
2026-06-04T21:59:30Z	100002226	2
2026-06-04T21:59:41Z	100002217	0
2026-06-04T21:59:43Z	100002219	0
2026-06-04T21:59:48Z	100002228	2
2026-06-04T21:59:48Z	100002216	0
2026-06-04T21:59:51Z	100002229	2
2026-06-04T21:59:55Z	100002231	2
2026-06-04T21:59:56Z	100002230	2
2026-06-04T22:00:03Z	100002233	2
2026-06-04T22:00:04Z	100002234	2
2026-06-04T22:00:13Z	100002235	2
2026-06-04T22:00:13Z	100002236	2
2026-06-04T22:00:15Z	100002222	0
2026-06-04T22:00:17Z	100002221	0
2026-06-04T22:00:26Z	100002240	2
2026-06-04T22:00:39Z	100002224	0
2026-06-04T22:01:01Z	100002227	0
2026-06-04T22:01:22Z	100002232	0
2026-06-04T22:01:33Z	100002237	0
2026-06-04T22:01:43Z	100002238	0
2026-06-04T22:01:44Z	100002241	0
2026-06-04T22:01:44Z	100002239	0
2026-06-04T22:01:52Z	100002248	2
2026-06-04T22:01:52Z	100002247	2
2026-06-04T22:02:00Z	100002250	2
2026-06-04T22:02:12Z	100002242	0
2026-06-04T22:02:18Z	100002243	0
2026-06-04T22:02:19Z	100002252	2
2026-06-04T22:03:00Z	100002244	0
2026-06-04T22:03:08Z	100002255	2
2026-06-04T22:03:09Z	100002245	0
2026-06-04T22:03:17Z	100002257	2
2026-06-04T22:03:17Z	100002256	2
2026-06-04T22:03:24Z	100002258	2
2026-06-04T22:03:26Z	100002259	2
2026-06-04T22:03:26Z	100002251	0
2026-06-04T22:03:31Z	100002246	0
2026-06-04T22:03:33Z	100002261	2
2026-06-04T22:03:35Z	100002249	0
2026-06-04T22:03:39Z	100002263	2
2026-06-04T22:03:39Z	100002254	0
2026-06-04T22:03:41Z	100002264	2
2026-06-04T22:03:42Z	100002265	2
2026-06-04T22:03:47Z	100002267	2
2026-06-04T22:03:48Z	100002266	2
2026-06-04T22:03:50Z	100002268	2
2026-06-04T22:03:57Z	100002272	2
2026-06-04T22:04:00Z	100002253	0
2026-06-04T22:04:08Z	100002274	2
2026-06-04T22:04:16Z	100002275	2
2026-06-04T22:04:58Z	100002260	0
2026-06-04T22:04:58Z	100002262	0
2026-06-04T22:05:07Z	100002277	2
2026-06-04T22:05:07Z	100002278	2
2026-06-04T22:05:16Z	100002280	2
2026-06-04T22:05:18Z	100002270	0
2026-06-04T22:05:19Z	100002271	0
2026-06-04T22:05:24Z	100002269	0
2026-06-04T22:05:26Z	100002282	2
2026-06-04T22:05:30Z	100002273	0
2026-06-04T22:05:39Z	100002286	2
2026-06-04T22:05:42Z	100002276	0
2026-06-04T22:05:48Z	100002287	2
2026-06-04T22:05:55Z	100002289	2
2026-06-04T22:06:01Z	100002290	2
2026-06-04T22:06:09Z	100002291	2
2026-06-04T22:06:29Z	100002279	0
2026-06-04T22:06:37Z	100002293	2
2026-06-04T22:06:40Z	100002281	0
2026-06-04T22:06:47Z	100002295	2
2026-06-04T22:06:50Z	100002285	0
2026-06-04T22:06:54Z	100002284	0
2026-06-04T22:06:56Z	100002296	2
2026-06-04T22:07:00Z	100002283	0
2026-06-04T22:07:03Z	100002288	0
2026-06-04T22:07:03Z	100002299	2
2026-06-04T22:07:11Z	100002302	2
2026-06-04T22:07:29Z	100002292	0
2026-06-04T22:07:38Z	100002304	2
2026-06-04T22:08:01Z	100002294	0
2026-06-04T22:08:09Z	100002306	2
2026-06-04T22:08:15Z	100002297	0
2026-06-04T22:08:19Z	100002307	2
2026-06-04T22:08:19Z	100002298	0
2026-06-04T22:08:26Z	100002301	0
2026-06-04T22:08:27Z	100002309	2
2026-06-04T22:08:34Z	100002312	2
2026-06-04T22:08:34Z	100002311	2
2026-06-04T22:08:35Z	100002300	0
2026-06-04T22:08:43Z	100002313	2
2026-06-04T22:08:44Z	100002314	2
2026-06-04T22:08:51Z	100002317	2
2026-06-04T22:08:56Z	100002303	0
2026-06-04T22:09:00Z	100002318	2
2026-06-04T22:09:07Z	100002320	2
2026-06-04T22:09:12Z	100002305	0
2026-06-04T22:09:15Z	100002321	2
2026-06-04T22:09:20Z	100002322	2
2026-06-04T22:09:23Z	100002323	2
2026-06-04T22:09:37Z	100002315	250
2026-06-04T22:09:43Z	100002326	2
2026-06-04T22:09:44Z	100002310	0
2026-06-04T22:09:49Z	100002327	2
2026-06-04T22:09:52Z	100002308	0
2026-06-04T22:09:57Z	100002329	2
2026-06-04T22:09:59Z	100002330	2
2026-06-04T22:10:03Z	100002331	2
2026-06-04T22:10:03Z	100002316	0
2026-06-04T22:10:07Z	100002332	2
2026-06-04T22:10:09Z	100002334	2
2026-06-04T22:10:11Z	100002333	2
2026-06-04T22:10:16Z	100002319	0
2026-06-04T22:10:17Z	100002336	2
2026-06-04T22:10:19Z	100002337	2
2026-06-04T22:10:24Z	100002338	2
2026-06-04T22:10:27Z	100002340	2
2026-06-04T22:10:44Z	100002325	0
2026-06-04T22:10:49Z	100002324	0
2026-06-04T22:10:51Z	100002343	2
2026-06-04T22:10:57Z	100002345	2
2026-06-04T22:10:58Z	100002328	0
2026-06-04T22:11:06Z	100002346	2
2026-06-04T22:11:06Z	100002347	2
2026-06-04T22:11:12Z	100002348	2
2026-06-04T22:11:14Z	100002349	2
2026-06-04T22:11:20Z	100002351	2
2026-06-04T22:11:26Z	100002352	2
2026-06-04T22:11:30Z	100002335	0
2026-06-04T22:11:33Z	100002353	2
2026-06-04T22:11:33Z	100002339	0
2026-06-04T22:11:38Z	100002354	2
2026-06-04T22:11:41Z	100002355	2
2026-06-04T22:11:41Z	100002356	2
2026-06-04T22:11:44Z	100002341	0
2026-06-04T22:11:45Z	100002357	2
2026-06-04T22:11:48Z	100002358	2
2026-06-04T22:11:49Z	100002359	2
2026-06-04T22:11:52Z	100002360	2
2026-06-04T22:11:56Z	100002362	2
2026-06-04T22:11:59Z	100002364	2
2026-06-04T22:12:02Z	100002344	0
2026-06-04T22:12:04Z	100002365	2
2026-06-04T22:12:05Z	100002342	0
2026-06-04T22:12:08Z	100002366	2
2026-06-04T22:12:10Z	100002367	2
2026-06-04T22:12:13Z	100002369	2
2026-06-04T22:12:13Z	100002368	2
2026-06-04T22:12:15Z	100002370	2
2026-06-04T22:12:18Z	100002371	2
2026-06-04T22:12:22Z	100002373	2
2026-06-04T22:12:24Z	100002374	2
2026-06-04T22:12:27Z	100002375	2
2026-06-04T22:12:30Z	100002376	2
2026-06-04T22:12:35Z	100002378	2
2026-06-04T22:12:38Z	100002379	2
2026-06-04T22:12:40Z	100002350	0
2026-06-04T22:12:45Z	100002381	2
2026-06-04T22:12:47Z	100002382	2
2026-06-04T22:12:52Z	100002383	2
2026-06-04T22:12:56Z	100002384	2
2026-06-04T22:13:00Z	100002385	2
2026-06-04T22:13:22Z	100002361	0
2026-06-04T22:13:29Z	100002388	2
2026-06-04T22:13:29Z	100002363	0
2026-06-04T22:13:37Z	100002390	2
2026-06-04T22:13:37Z	100002389	2
2026-06-04T22:13:46Z	100002372	0
2026-06-04T22:13:54Z	100002393	2
2026-06-04T22:14:02Z	100002394	2
2026-06-04T22:14:11Z	100002377	0
2026-06-04T22:14:12Z	100002380	0
2026-06-04T22:14:19Z	100002396	2
2026-06-04T22:14:21Z	100002397	2
2026-06-04T22:14:28Z	100002398	2
2026-06-04T22:14:36Z	100002386	0
2026-06-04T22:14:37Z	100002400	2
2026-06-04T22:14:44Z	100002387	0
2026-06-04T22:14:45Z	100002402	2
2026-06-04T22:14:50Z	100002403	2
2026-06-04T22:15:09Z	100002391	0
2026-06-04T22:15:10Z	100002392	0
2026-06-04T22:15:16Z	100002407	2
2026-06-04T22:15:16Z	100002406	2
2026-06-04T22:15:22Z	100002409	2
2026-06-04T22:15:30Z	100002410	2
2026-06-04T22:15:36Z	100002411	2
2026-06-04T22:15:44Z	100002395	0
2026-06-04T22:15:45Z	100002412	2
2026-06-04T22:15:51Z	100002414	2
2026-06-04T22:15:57Z	100002399	0
2026-06-04T22:15:58Z	100002415	2
2026-06-04T22:16:04Z	100002401	0
2026-06-04T22:16:06Z	100002417	2
2026-06-04T22:16:09Z	100002404	0
2026-06-04T22:16:14Z	100002419	2
2026-06-04T22:16:19Z	100002420	2
2026-06-04T22:16:46Z	100002405	0
2026-06-04T22:16:55Z	100002423	2
2026-06-04T22:17:04Z	100002424	2
2026-06-04T22:17:07Z	100002413	0
2026-06-04T22:17:19Z	100002426	2
2026-06-04T22:17:24Z	100002408	0
2026-06-04T22:17:29Z	100002427	2
2026-06-04T22:17:37Z	100002429	2
2026-06-04T22:17:42Z	100002416	0
2026-06-04T22:17:51Z	100002430	2
2026-06-04T22:17:58Z	100002421	0
2026-06-04T22:17:59Z	100002422	0
2026-06-04T22:18:02Z	100002418	0
2026-06-04T22:18:07Z	100002433	2
2026-06-04T22:18:10Z	100002434	2
2026-06-04T22:18:12Z	100002435	2
2026-06-04T22:18:16Z	100002436	2
2026-06-04T22:18:21Z	100002438	2
2026-06-04T22:18:47Z	100002425	0
2026-06-04T22:19:27Z	100002428	0
2026-06-04T22:19:29Z	100002431	0
2026-06-04T22:19:36Z	100002442	2
2026-06-04T22:19:41Z	100002432	0
2026-06-04T22:19:44Z	100002444	2
2026-06-04T22:19:46Z	100002440	0
2026-06-04T22:19:50Z	100002445	2
2026-06-04T22:19:52Z	100002446	2
2026-06-04T22:19:54Z	100002437	0
2026-06-04T22:19:56Z	100002447	2
2026-06-04T22:19:59Z	100002439	0
2026-06-04T22:20:01Z	100002449	2
2026-06-04T22:20:07Z	100002451	2
2026-06-04T22:20:07Z	100002452	2
2026-06-04T22:20:08Z	100002453	2
2026-06-04T22:20:15Z	100002455	2
2026-06-04T22:20:15Z	100002454	2
2026-06-04T22:20:16Z	100002456	2
2026-06-04T22:20:23Z	100002457	2
2026-06-04T22:20:23Z	100002458	2
2026-06-04T22:20:25Z	100002459	2
2026-06-04T22:20:26Z	100002441	0
2026-06-04T22:20:31Z	100002461	2
2026-06-04T22:20:33Z	100002462	2
2026-06-04T22:20:40Z	100002465	2
2026-06-04T22:20:48Z	100002466	2
2026-06-04T22:21:20Z	100002443	0
2026-06-04T22:21:36Z	100002448	0
2026-06-04T22:21:40Z	100002450	0
2026-06-04T22:21:44Z	100002469	2
2026-06-04T22:21:50Z	100002470	2
2026-06-04T22:21:52Z	100002463	0
2026-06-04T22:21:53Z	100002471	2
2026-06-04T22:22:00Z	100002474	2
2026-06-04T22:22:01Z	100002473	2
2026-06-04T22:22:03Z	100002460	0
2026-06-04T22:22:10Z	100002477	2
2026-06-04T22:22:10Z	100002476	2
2026-06-04T22:22:11Z	100002475	2
2026-06-04T22:22:12Z	100002464	0
2026-06-04T22:22:19Z	100002480	2
2026-06-04T22:22:19Z	100002478	2
2026-06-04T22:22:20Z	100002481	2
2026-06-04T22:22:28Z	100002467	0
2026-06-04T22:22:29Z	100002483	2
2026-06-04T22:22:30Z	100002482	2
2026-06-04T22:22:31Z	100002484	2
2026-06-04T22:22:39Z	100002486	2
2026-06-04T22:22:40Z	100002488	2
2026-06-04T22:22:41Z	100002487	2
2026-06-04T22:22:46Z	100002489	2
2026-06-04T22:22:50Z	100002491	2
2026-06-04T22:22:53Z	100002492	2
2026-06-04T22:23:01Z	100002494	2
2026-06-04T22:23:06Z	100002468	0
2026-06-04T22:23:13Z	100002485	250
2026-06-04T22:23:21Z	100002497	2
2026-06-04T22:23:26Z	100002472	0
2026-06-04T22:23:32Z	100002498	2
2026-06-04T22:23:43Z	100002479	0
2026-06-04T22:24:11Z	100002490	0
2026-06-04T22:24:22Z	100002495	0
2026-06-04T22:24:32Z	100002496	0
2026-06-04T22:24:32Z	100002493	0
2026-06-04T22:24:42Z	100002504	2
2026-06-04T22:24:43Z	100002505	2
2026-06-04T22:24:49Z	100002506	2
2026-06-04T22:24:51Z	100002507	2
2026-06-04T22:24:57Z	100002508	2
2026-06-04T22:24:58Z	100002509	2
2026-06-04T22:25:01Z	100002499	0
2026-06-04T22:25:06Z	100002511	2
2026-06-04T22:25:14Z	100002500	0
2026-06-04T22:25:14Z	100002513	2
2026-06-04T22:25:22Z	100002501	0
2026-06-04T22:25:22Z	100002514	2
2026-06-04T22:25:24Z	100002515	2
2026-06-04T22:25:30Z	100002517	2
2026-06-04T22:25:31Z	100002516	2
2026-06-04T22:25:37Z	100002518	2
2026-06-04T22:25:40Z	100002519	2
2026-06-04T22:25:42Z	100002520	2
2026-06-04T22:25:42Z	100002502	0
2026-06-04T22:25:46Z	100002521	2
2026-06-04T22:25:50Z	100002523	2
2026-06-04T22:25:51Z	100002503	0
2026-06-04T22:25:52Z	100002522	2
2026-06-04T22:25:57Z	100002525	2
2026-06-04T22:26:00Z	100002527	2
2026-06-04T22:26:01Z	100002526	2
2026-06-04T22:26:01Z	100002528	2
2026-06-04T22:26:06Z	100002529	2
2026-06-04T22:26:10Z	100002530	2
2026-06-04T22:26:11Z	100002532	2
2026-06-04T22:26:12Z	100002531	2
2026-06-04T22:26:15Z	100002533	2
2026-06-04T22:26:17Z	100002534	2
2026-06-04T22:26:17Z	100002535	2
2026-06-04T22:26:21Z	100002536	2
2026-06-04T22:26:23Z	100002537	2
2026-06-04T22:26:26Z	100002539	2
2026-06-04T22:26:28Z	100002540	2
2026-06-04T22:26:31Z	100002510	0
2026-06-04T22:26:31Z	100002512	0
2026-06-04T22:26:31Z	100002541	2
2026-06-04T22:26:34Z	100002542	2
2026-06-04T22:26:38Z	100002543	2
2026-06-04T22:26:39Z	100002544	2
2026-06-04T22:26:39Z	100002546	2
2026-06-04T22:26:40Z	100002545	2
2026-06-04T22:26:45Z	100002548	2
2026-06-04T22:26:47Z	100002549	2
2026-06-04T22:26:47Z	100002550	2
2026-06-04T22:26:52Z	100002552	2
2026-06-04T22:26:54Z	100002553	2
2026-06-04T22:26:55Z	100002554	2
2026-06-04T22:27:00Z	100002555	2
2026-06-04T22:27:02Z	100002557	2
2026-06-04T22:27:03Z	100002556	2
2026-06-04T22:27:06Z	100002558	2
2026-06-04T22:27:10Z	100002559	2
2026-06-04T22:27:10Z	100002560	2
2026-06-04T22:27:15Z	100002561	2
2026-06-04T22:27:18Z	100002562	2
2026-06-04T22:27:18Z	100002563	2
2026-06-04T22:27:21Z	100002524	0
2026-06-04T22:27:27Z	100002566	2
2026-06-04T22:27:34Z	100002568	2
2026-06-04T22:27:38Z	100002538	0
2026-06-04T22:27:59Z	100002551	0
2026-06-04T22:28:07Z	100002571	2
2026-06-04T22:28:07Z	100002547	0
2026-06-04T22:28:15Z	100002572	2
2026-06-04T22:28:15Z	100002573	2
2026-06-04T22:28:32Z	100002565	0
2026-06-04T22:28:37Z	100002564	0
2026-06-04T22:28:39Z	100002576	2
2026-06-04T22:28:44Z	100002577	2
2026-06-04T22:28:44Z	100002567	0
2026-06-04T22:28:44Z	100002578	2
2026-06-04T22:28:51Z	100002580	2
2026-06-04T22:28:52Z	100002579	2
2026-06-04T22:28:53Z	100002581	2
2026-06-04T22:29:02Z	100002583	2
2026-06-04T22:29:03Z	100002584	2
2026-06-04T22:29:08Z	100002570	0
2026-06-04T22:29:11Z	100002569	0
2026-06-04T22:29:13Z	100002586	2
2026-06-04T22:29:22Z	100002589	2
2026-06-04T22:29:30Z	100002590	2
2026-06-04T22:29:39Z	100002591	2
2026-06-04T22:29:46Z	100002592	2
2026-06-04T22:29:47Z	100002575	0
2026-06-04T22:29:50Z	100002574	0
2026-06-04T22:29:54Z	100002593	2
2026-06-04T22:29:56Z	100002594	2
2026-06-04T22:29:58Z	100002595	2
2026-06-04T22:30:02Z	100002596	2
2026-06-04T22:30:06Z	100002598	2
2026-06-04T22:30:11Z	100002599	2
2026-06-04T22:30:16Z	100002600	2
2026-06-04T22:30:36Z	100002585	0
2026-06-04T22:30:43Z	100002603	2
2026-06-04T22:30:44Z	100002582	0
2026-06-04T22:30:50Z	100002587	0
2026-06-04T22:30:53Z	100002605	2
2026-06-04T22:30:56Z	100002588	0
2026-06-04T22:31:00Z	100002607	2
2026-06-04T22:31:02Z	100002608	2
2026-06-04T22:31:07Z	100002609	2
2026-06-04T22:31:10Z	100002610	2
2026-06-04T22:31:13Z	100002597	0
2026-06-04T22:31:14Z	100002611	2
2026-06-04T22:31:18Z	100002612	2
2026-06-04T22:31:25Z	100002615	2
2026-06-04T22:31:26Z	100002601	0
2026-06-04T22:31:33Z	100002616	2
2026-06-04T22:31:35Z	100002617	2
2026-06-04T22:31:40Z	100002618	2
2026-06-04T22:31:43Z	100002619	2
2026-06-04T22:31:46Z	100002602	0
2026-06-04T22:31:48Z	100002620	2
2026-06-04T22:31:53Z	100002622	2
2026-06-04T22:31:54Z	100002623	2
2026-06-04T22:32:01Z	100002624	2
2026-06-04T22:32:02Z	100002625	2
2026-06-04T22:32:09Z	100002604	0
2026-06-04T22:32:15Z	100002606	0
2026-06-04T22:32:17Z	100002628	2
2026-06-04T22:32:23Z	100002629	2
2026-06-04T22:32:26Z	100002630	2
2026-06-04T22:32:33Z	100002632	2
2026-06-04T22:32:37Z	100002613	0
2026-06-04T22:32:43Z	100002614	0
2026-06-04T22:32:46Z	100002634	2
2026-06-04T22:32:50Z	100002635	2
2026-06-04T22:32:58Z	100002637	2
2026-06-04T22:33:04Z	100002638	2
2026-06-04T22:33:25Z	100002621	0
2026-06-04T22:33:36Z	100002626	0
2026-06-04T22:33:51Z	100002627	0
2026-06-04T22:33:54Z	100002631	0
2026-06-04T22:34:01Z	100002643	2
2026-06-04T22:34:02Z	100002633	0
2026-06-04T22:34:07Z	100002636	0
2026-06-04T22:34:10Z	100002644	2
2026-06-04T22:34:10Z	100002645	2
2026-06-04T22:34:17Z	100002648	2
2026-06-04T22:34:27Z	100002639	0
2026-06-04T22:34:56Z	100002640	0
2026-06-04T22:35:02Z	100002641	0
2026-06-04T22:35:09Z	100002652	2
2026-06-04T22:35:22Z	100002647	0
2026-06-04T22:35:26Z	100002642	0
2026-06-04T22:35:36Z	100002655	2
2026-06-04T22:35:44Z	100002646	0
2026-06-04T22:35:46Z	100002656	2
2026-06-04T22:35:49Z	100002649	0
2026-06-04T22:35:54Z	100002657	2
2026-06-04T22:35:56Z	100002659	2
2026-06-04T22:35:58Z	100002650	0
2026-06-04T22:36:02Z	100002660	2
2026-06-04T22:36:04Z	100002661	2
2026-06-04T22:36:05Z	100002662	2
2026-06-04T22:36:10Z	100002663	2
2026-06-04T22:36:11Z	100002664	2
2026-06-04T22:36:13Z	100002665	2
2026-06-04T22:36:17Z	100002666	2
2026-06-04T22:36:21Z	100002668	2
2026-06-04T22:36:27Z	100002670	2
2026-06-04T22:36:38Z	100002651	0
2026-06-04T22:36:43Z	100002672	2
2026-06-04T22:36:50Z	100002653	0
2026-06-04T22:36:54Z	100002654	0
2026-06-04T22:36:57Z	100002658	0
2026-06-04T22:36:58Z	100002674	2
2026-06-04T22:37:06Z	100002677	2
2026-06-04T22:37:29Z	100002667	0
2026-06-04T22:37:33Z	100002671	0
2026-06-04T22:37:38Z	100002679	2
2026-06-04T22:37:41Z	100002680	2
2026-06-04T22:37:44Z	100002669	0
2026-06-04T22:37:46Z	100002681	2
2026-06-04T22:37:49Z	100002682	2
2026-06-04T22:37:54Z	100002684	2
2026-06-04T22:38:00Z	100002686	2
2026-06-04T22:38:09Z	100002675	0
2026-06-04T22:38:10Z	100002673	0
2026-06-04T22:38:19Z	100002676	0
2026-06-04T22:38:32Z	100002678	0
2026-06-04T22:38:37Z	100002691	2
2026-06-04T22:38:44Z	100002692	2
2026-06-04T22:38:52Z	100002693	2
2026-06-04T22:39:11Z	100002683	0
2026-06-04T22:39:11Z	100002687	0
2026-06-04T22:39:18Z	100002695	2
2026-06-04T22:39:20Z	100002688	0
2026-06-04T22:39:23Z	100002685	0
2026-06-04T22:39:25Z	100002697	2
2026-06-04T22:39:27Z	100002698	2
2026-06-04T22:39:32Z	100002699	2
2026-06-04T22:39:33Z	100002689	0
2026-06-04T22:39:40Z	100002703	2
2026-06-04T22:39:47Z	100002704	2
2026-06-04T22:40:03Z	100002690	0
2026-06-04T22:40:13Z	100002694	0
2026-06-04T22:40:18Z	100002707	2
2026-06-04T22:40:32Z	100002700	0
2026-06-04T22:40:33Z	100002696	0
2026-06-04T22:40:39Z	100002709	2
2026-06-04T22:40:40Z	100002710	2
2026-06-04T22:40:47Z	100002711	2
2026-06-04T22:40:53Z	100002705	0
2026-06-04T22:40:53Z	100002702	0
2026-06-04T22:40:55Z	100002713	2
2026-06-04T22:41:00Z	100002714	2
2026-06-04T22:41:02Z	100002701	0
2026-06-04T22:41:02Z	100002716	2
2026-06-04T22:41:07Z	100002717	2
2026-06-04T22:41:08Z	100002719	2
2026-06-04T22:41:14Z	100002720	2
2026-06-04T22:41:15Z	100002721	2
2026-06-04T22:41:22Z	100002723	2
2026-06-04T22:41:27Z	100002706	0
2026-06-04T22:41:28Z	100002724	2
2026-06-04T22:41:34Z	100002725	2
2026-06-04T22:41:36Z	100002708	0
2026-06-04T22:41:40Z	100002727	2
2026-06-04T22:41:47Z	100002729	2
2026-06-04T22:41:56Z	100002712	0
2026-06-04T22:42:03Z	100002731	2
2026-06-04T22:42:08Z	100002715	0
2026-06-04T22:42:15Z	100002733	2
2026-06-04T22:42:20Z	100002734	2
2026-06-04T22:42:33Z	100002718	0
2026-06-04T22:42:34Z	100002722	0
2026-06-04T22:42:40Z	100002736	2
2026-06-04T22:42:45Z	100002726	0
2026-06-04T22:42:51Z	100002739	2
2026-06-04T22:42:56Z	100002730	0
2026-06-04T22:43:04Z	100002741	2
2026-06-04T22:43:06Z	100002728	0
2026-06-04T22:43:23Z	100002732	0
2026-06-04T22:43:30Z	100002744	2
2026-06-04T22:43:31Z	100002735	0
2026-06-04T22:43:38Z	100002746	2
2026-06-04T22:43:44Z	100002747	2
2026-06-04T22:43:50Z	100002737	0
2026-06-04T22:43:50Z	100002748	2
2026-06-04T22:44:01Z	100002740	0
2026-06-04T22:44:01Z	100002738	0
2026-06-04T22:44:08Z	100002751	2
2026-06-04T22:44:14Z	100002753	2
2026-06-04T22:44:21Z	100002754	2
2026-06-04T22:44:23Z	100002743	0
2026-06-04T22:44:30Z	100002756	2
2026-06-04T22:44:45Z	100002742	0
2026-06-04T22:44:47Z	100002745	0
2026-06-04T22:44:52Z	100002758	2
2026-06-04T22:44:55Z	100002759	2
2026-06-04T22:44:57Z	100002749	0
2026-06-04T22:44:59Z	100002760	2
2026-06-04T22:45:02Z	100002761	2
2026-06-04T22:45:04Z	100002762	2
2026-06-04T22:45:07Z	100002763	2
2026-06-04T22:45:11Z	100002765	2
2026-06-04T22:45:14Z	100002750	0
2026-06-04T22:45:16Z	100002766	2
2026-06-04T22:45:19Z	100002767	2
2026-06-04T22:45:23Z	100002769	2
2026-06-04T22:45:28Z	100002770	2
2026-06-04T22:45:30Z	100002771	2
2026-06-04T22:45:32Z	100002752	0
2026-06-04T22:45:36Z	100002772	2
2026-06-04T22:45:38Z	100002773	2
2026-06-04T22:45:39Z	100002774	2
2026-06-04T22:45:40Z	100002755	0
2026-06-04T22:45:43Z	100002775	2
2026-06-04T22:45:45Z	100002776	2
2026-06-04T22:45:47Z	100002777	2
2026-06-04T22:45:47Z	100002778	2
2026-06-04T22:45:53Z	100002780	2
2026-06-04T22:45:55Z	100002781	2
2026-06-04T22:46:02Z	100002784	2
2026-06-04T22:46:08Z	100002785	2
2026-06-04T22:46:12Z	100002757	0
2026-06-04T22:46:15Z	100002786	2
2026-06-04T22:46:19Z	100002787	2
2026-06-04T22:46:22Z	100002788	2
2026-06-04T22:46:26Z	100002789	2
2026-06-04T22:46:29Z	100002790	2
2026-06-04T22:46:36Z	100002792	2
2026-06-04T22:46:39Z	100002768	0
2026-06-04T22:46:45Z	100002794	2
2026-06-04T22:46:52Z	100002795	2
2026-06-04T22:46:54Z	100002782	0
2026-06-04T22:46:55Z	100002779	0
2026-06-04T22:47:02Z	100002798	2
2026-06-04T22:47:05Z	100002764	0
2026-06-04T22:47:06Z	100002783	0
2026-06-04T22:47:09Z	100002799	2
2026-06-04T22:47:13Z	100002800	2
2026-06-04T22:47:16Z	100002802	2
2026-06-04T22:47:19Z	100002803	2
2026-06-04T22:47:23Z	100002804	2
2026-06-04T22:47:25Z	100002805	2
2026-06-04T22:47:30Z	100002806	2
2026-06-04T22:47:37Z	100002808	2
2026-06-04T22:47:39Z	100002791	0
2026-06-04T22:47:45Z	100002793	0
2026-06-04T22:47:46Z	100002810	2
2026-06-04T22:47:51Z	100002811	2
2026-06-04T22:47:58Z	100002813	2
2026-06-04T22:48:10Z	100002796	0
2026-06-04T22:48:15Z	100002801	0
2026-06-04T22:48:17Z	100002797	0
2026-06-04T22:48:18Z	100002815	2
2026-06-04T22:48:24Z	100002817	2
2026-06-04T22:48:25Z	100002818	2
2026-06-04T22:48:31Z	100002820	2
2026-06-04T22:48:31Z	100002819	2
2026-06-04T22:48:40Z	100002807	0
2026-06-04T22:48:47Z	100002823	2
2026-06-04T22:48:50Z	100002809	0
2026-06-04T22:48:54Z	100002824	2
2026-06-04T22:49:00Z	100002826	2
2026-06-04T22:49:02Z	100002812	0
2026-06-04T22:49:09Z	100002828	2
2026-06-04T22:49:16Z	100002829	2
2026-06-04T22:49:23Z	100002830	2
2026-06-04T22:49:25Z	100002816	0
2026-06-04T22:49:28Z	100002814	0
2026-06-04T22:49:32Z	100002832	2
2026-06-04T22:49:35Z	100002833	2
2026-06-04T22:49:41Z	100002835	2
2026-06-04T22:49:48Z	100002836	2
2026-06-04T22:49:48Z	100002822	0
2026-06-04T22:49:54Z	100002821	0
2026-06-04T22:49:56Z	100002838	2
2026-06-04T22:50:01Z	100002825	0
2026-06-04T22:50:02Z	100002839	2
2026-06-04T22:50:04Z	100002840	2
2026-06-04T22:50:09Z	100002841	2
2026-06-04T22:50:11Z	100002843	2
2026-06-04T22:50:16Z	100002827	0
2026-06-04T22:50:16Z	100002844	2
2026-06-04T22:50:23Z	100002846	2
2026-06-04T22:50:41Z	100002831	0
2026-06-04T22:50:48Z	100002849	2
2026-06-04T22:50:49Z	100002834	0
2026-06-04T22:50:57Z	100002851	2
2026-06-04T22:51:02Z	100002837	0
2026-06-04T22:51:04Z	100002852	2
2026-06-04T22:51:09Z	100002853	2
2026-06-04T22:51:14Z	100002855	2
2026-06-04T22:51:22Z	100002856	2
2026-06-04T22:51:27Z	100002845	0
2026-06-04T22:51:29Z	100002842	0
2026-06-04T22:51:30Z	100002847	0
2026-06-04T22:51:50Z	100002848	0
2026-06-04T22:51:59Z	100002850	0
2026-06-04T22:52:06Z	100002862	2
2026-06-04T22:52:13Z	100002863	2
2026-06-04T22:52:17Z	100002854	0
2026-06-04T22:52:24Z	100002865	2
2026-06-04T22:52:36Z	100002858	0
2026-06-04T22:52:41Z	100002859	0
2026-06-04T22:52:48Z	100002868	2
2026-06-04T22:52:48Z	100002857	0
2026-06-04T22:53:02Z	100002861	0
2026-06-04T22:53:09Z	100002871	2
2026-06-04T22:53:16Z	100002860	0
2026-06-04T22:53:21Z	100002873	2
2026-06-04T22:53:27Z	100002864	0
2026-06-04T22:53:47Z	100002866	0
2026-06-04T22:53:52Z	100002867	0
2026-06-04T22:53:59Z	100002877	2
2026-06-04T22:54:04Z	100002878	2
2026-06-04T22:54:09Z	100002869	0
2026-06-04T22:54:10Z	100002870	0
2026-06-04T22:54:17Z	100002881	2
2026-06-04T22:54:17Z	100002880	2
2026-06-04T22:54:24Z	100002882	2
2026-06-04T22:54:28Z	100002872	0
2026-06-04T22:54:35Z	100002885	2
2026-06-04T22:54:40Z	100002874	0
2026-06-04T22:54:42Z	100002886	2
2026-06-04T22:54:44Z	100002875	0
2026-06-04T22:55:21Z	100002876	0
2026-06-04T22:55:27Z	100002890	2
2026-06-04T22:55:34Z	100002891	2
2026-06-04T22:55:34Z	100002879	0
2026-06-04T22:55:47Z	100002883	0
2026-06-04T22:55:48Z	100002884	0
2026-06-04T22:55:53Z	100002888	0
2026-06-04T22:55:54Z	100002889	0
2026-06-04T22:55:58Z	100002887	0
2026-06-04T22:56:00Z	100002896	2
2026-06-04T22:56:44Z	100002892	0
2026-06-04T22:56:49Z	100002893	0
2026-06-04T22:56:50Z	100002900	2
2026-06-04T22:56:56Z	100002901	2
2026-06-04T22:56:57Z	100002902	2
2026-06-04T22:57:03Z	100002899	0
2026-06-04T22:57:06Z	100002894	0
2026-06-04T22:57:09Z	100002897	0
2026-06-04T22:57:13Z	100002906	2
2026-06-04T22:57:15Z	100002907	2
2026-06-04T22:57:17Z	100002895	0
2026-06-04T22:57:17Z	100002898	0
2026-06-04T22:57:22Z	100002910	2
2026-06-04T22:57:23Z	100002909	2
2026-06-04T22:58:09Z	100002904	0
2026-06-04T22:58:15Z	100002914	2
2026-06-04T22:58:16Z	100002905	0
2026-06-04T22:58:21Z	100002915	2
2026-06-04T22:58:23Z	100002916	2
2026-06-04T22:58:28Z	100002912	0
2026-06-04T22:58:29Z	100002917	2
2026-06-04T22:58:29Z	100002903	0
2026-06-04T22:58:32Z	100002911	0
2026-06-04T22:58:36Z	100002919	2
2026-06-04T22:58:37Z	100002921	2
2026-06-04T22:58:41Z	100002922	2
2026-06-04T22:58:44Z	100002923	2
2026-06-04T22:58:47Z	100002913	0
2026-06-04T22:58:49Z	100002925	2
2026-06-04T22:58:50Z	100002908	0
2026-06-04T22:58:51Z	100002926	2
2026-06-04T22:58:58Z	100002930	2
2026-06-04T22:58:58Z	100002929	2
2026-06-04T22:59:05Z	100002931	2
2026-06-04T22:59:05Z	100002932	2
2026-06-04T22:59:12Z	100002933	2
2026-06-04T22:59:19Z	100002935	2
2026-06-04T22:59:30Z	100002936	2
2026-06-04T22:59:38Z	100002937	2
2026-06-04T22:59:44Z	100002938	2
2026-06-04T22:59:49Z	100002924	0
2026-06-04T22:59:50Z	100002918	0
2026-06-04T22:59:51Z	100002939	2
2026-06-04T22:59:55Z	100002940	2
2026-06-04T22:59:56Z	100002941	2
2026-06-04T23:00:03Z	100002944	2
2026-06-04T23:00:04Z	100002920	0
2026-06-04T23:00:04Z	100002943	2
2026-06-04T23:00:10Z	100002946	2
2026-06-04T23:00:11Z	100002945	2
2026-06-04T23:00:11Z	100002947	2
2026-06-04T23:00:13Z	100002928	0
2026-06-04T23:00:18Z	100002948	2
2026-06-04T23:00:19Z	100002949	2
2026-06-04T23:00:21Z	100002950	2
2026-06-04T23:00:24Z	100002952	2
2026-06-04T23:00:26Z	100002953	2
2026-06-04T23:00:28Z	100002954	2
2026-06-04T23:00:30Z	100002934	0
2026-06-04T23:00:32Z	100002927	0
2026-06-04T23:00:37Z	100002958	2
2026-06-04T23:00:44Z	100002960	2
2026-06-04T23:00:54Z	100002961	2
2026-06-04T23:01:01Z	100002962	2
2026-06-04T23:01:14Z	100002942	0
2026-06-04T23:01:36Z	100002951	0
2026-06-04T23:01:45Z	100002956	0
2026-06-04T23:01:50Z	100002955	0
2026-06-04T23:01:52Z	100002966	2
2026-06-04T23:01:57Z	100002957	0
2026-06-04T23:01:58Z	100002959	0
2026-06-04T23:02:00Z	100002963	0
2026-06-04T23:02:14Z	100002964	0
2026-06-04T23:02:24Z	100002965	0
